variant,shots,comparison,dataset,n,median_pp,mean_pp,improved_fraction,drop_gt_2pp_fraction,p_greater
film_offset,0,P2-P1,PhysionetMI,103,0.0,-0.30978681512524275,0.4854368932038835,0.21359223300970873,0.8547321571111695
film_offset,0,P2-P1,Dreyer2023,80,0.2333333333,0.34328663792625,0.575,0.0375,0.020041593825217478
film_offset,0,P2-P1,Cho2017,52,0.6699999999999999,0.6935897435884616,0.75,0.09615384615384616,0.0023768908133033847
film_offset,0,P2-P1,Dreyer+Cho,132,0.45000000000000007,0.48128483106590914,0.6439393939393939,0.06060606060606061,0.00025211261978340296
film_offset,0,P2-P1,pooled,235,0.2954545455,0.1345598116714893,0.574468085106383,0.1276595744680851,0.04962053673522628
film_offset,0,P2-P0,PhysionetMI,103,0.2307692308,0.774085138163107,0.5145631067961165,0.20388349514563106,0.023398957216082806
film_offset,0,P2-P0,Dreyer2023,80,0.6666666667000001,0.674245689655,0.675,0.025,0.00023904361210340755
film_offset,0,P2-P0,Cho2017,52,1.2,1.596153846153846,0.6153846153846154,0.09615384615384616,0.0008166401261308067
film_offset,0,P2-P0,Dreyer+Cho,132,0.6666666667000001,1.0374216300939394,0.6515151515151515,0.05303030303030303,1.1013099494590117e-06
film_offset,0,P2-P0,pooled,235,0.6666666667000001,0.9220018059710637,0.5914893617021276,0.11914893617021277,2.2976627634947733e-06
film_offset,0,P1-P0,PhysionetMI,103,0.7424242424,1.0838719532873788,0.6504854368932039,0.08737864077669903,4.582132384579323e-05
film_offset,0,P1-P0,Dreyer2023,80,0.34166666665,0.33095905171999995,0.55,0.0125,0.03216820409351705
film_offset,0,P1-P0,Cho2017,52,0.98,0.9025641025653844,0.6730769230769231,0.11538461538461539,0.005746728266804972
film_offset,0,P1-P0,Dreyer+Cho,132,0.52,0.5561367990227273,0.5984848484848485,0.05303030303030303,0.00075259403630557
film_offset,0,P1-P0,pooled,235,0.6,0.7874419942961702,0.6212765957446809,0.06808510638297872,2.85393216057994e-07
film_offset,10,P2-P1,PhysionetMI,103,0.1590909091,0.07356575463495146,0.5242718446601942,0.11650485436893204,0.39407009931336623
film_offset,10,P2-P1,Dreyer2023,80,0.23333333335,0.29325071839125,0.5875,0.1,0.06771454292945714
film_offset,10,P2-P1,Cho2017,52,0.1,0.224102564101923,0.5576923076923077,0.15384615384615385,0.28307029602764255
film_offset,10,P2-P1,Dreyer+Cho,132,0.19166666664999998,0.2660105363984848,0.5757575757575758,0.12121212121212122,0.06188279072304643
film_offset,10,P2-P1,pooled,235,0.1666666667,0.18166239800851067,0.5531914893617021,0.11914893617021277,0.08303375546961284
film_offset,10,P2-P0,PhysionetMI,103,0.0,0.5083735035165048,0.4854368932038835,0.14563106796116504,0.028788915833043913
film_offset,10,P2-P0,Dreyer2023,80,0.3333333333,0.547018678155,0.5625,0.0875,0.013821079335598703
film_offset,10,P2-P0,Cho2017,52,0.0,0.10833333333269236,0.4807692307692308,0.19230769230769232,0.44489678004172684
film_offset,10,P2-P0,Dreyer+Cho,132,0.18333333335000002,0.37420323928560617,0.5303030303030303,0.12878787878787878,0.03955509799309537
film_offset,10,P2-P0,pooled,235,0.1666666667,0.4330097806293617,0.5106382978723404,0.13617021276595745,0.005364810775047168
film_offset,10,P1-P0,PhysionetMI,103,0.7000000000000001,0.4348077488825244,0.5922330097087378,0.14563106796116504,0.019102227631910353
film_offset,10,P1-P0,Dreyer2023,80,0.0666666667,0.2537679597725,0.5375,0.0625,0.12843138598820492
film_offset,10,P1-P0,Cho2017,52,-0.22999999999999998,-0.11576923077115384,0.46153846153846156,0.11538461538461539,0.612897241313534
film_offset,10,P1-P0,Dreyer+Cho,132,0.01833333335,0.10819270289166667,0.5075757575757576,0.08333333333333333,0.24898324260800486
film_offset,10,P1-P0,pooled,235,0.1,0.2513473826238298,0.5446808510638298,0.11063829787234042,0.018859304861300278
lora8,0,P2-P1,PhysionetMI,103,0.1439393939,0.08175481476213592,0.5339805825242718,0.11650485436893204,0.22958829329292535
lora8,0,P2-P1,Dreyer2023,80,0.20833333334999998,0.28099856321875,0.5875,0.05,0.020393004770334483
lora8,0,P2-P1,Cho2017,52,0.13999999999999999,0.02294871794807698,0.5576923076923077,0.1346153846153846,0.3365731637483742
lora8,0,P2-P1,Dreyer+Cho,132,0.19,0.17934256356666672,0.5757575757575758,0.08333333333333333,0.039816821636795445
lora8,0,P2-P1,pooled,235,0.18,0.13657006089914892,0.5574468085106383,0.09787234042553192,0.039217718691216354
lora8,0,P2-P0,PhysionetMI,103,0.5384615385,0.524735782016505,0.5436893203883495,0.1262135922330097,0.01608290537857823
lora8,0,P2-P0,Dreyer2023,80,1.4166666666499999,1.26181752874125,0.7625,0.025,4.6707815580950584e-08
lora8,0,P2-P0,Cho2017,52,1.2,1.0794871794865386,0.6538461538461539,0.11538461538461539,0.004429684006776205
lora8,0,P2-P0,Dreyer+Cho,132,1.2,1.1899904214590908,0.7196969696969697,0.06060606060606061,7.023951407971969e-09
lora8,0,P2-P0,pooled,235,0.9090909091,0.8984107284268085,0.6425531914893617,0.08936170212765958,7.704443823380892e-09
lora8,0,P1-P0,PhysionetMI,103,0.1666666667,0.4429809672504855,0.5922330097087378,0.06796116504854369,0.012486741833157351
lora8,0,P1-P0,Dreyer2023,80,1.0166666666500002,0.9808189655162499,0.7625,0.025,2.981002026204526e-08
lora8,0,P1-P0,Cho2017,52,0.88,1.0565384615384614,0.7115384615384616,0.11538461538461539,0.0005621795281957567
lora8,0,P1-P0,Dreyer+Cho,132,0.95,1.0106478578886364,0.7424242424242424,0.06060606060606061,2.9869154922077416e-10
lora8,0,P1-P0,pooled,235,0.6333333333,0.7618406675238297,0.676595744680851,0.06382978723404255,3.1124273220419285e-10
lora8,5,P2-P1,PhysionetMI,103,-0.1060606061,-0.16059927127961163,0.4563106796116505,0.21359223300970873,0.8753080932796191
lora8,5,P2-P1,Dreyer2023,80,0.28333333335,0.31023706896875003,0.625,0.0625,0.05223267810903024
lora8,5,P2-P1,Cho2017,52,0.02,0.32153846153846155,0.5192307692307693,0.057692307692307696,0.14304671102904049
lora8,5,P2-P1,Dreyer+Cho,132,0.17333333334999998,0.3146891327083334,0.5833333333333334,0.06060606060606061,0.024191062383097352
lora8,5,P2-P1,pooled,235,0.1,0.10637123649234043,0.5276595744680851,0.1276595744680851,0.29768323628867865
lora8,5,P2-P0,PhysionetMI,103,0.0,0.36841152375436886,0.46601941747572817,0.10679611650485436,0.19320636637666516
lora8,5,P2-P0,Dreyer2023,80,0.5,0.8139367816099999,0.6,0.05,0.0013404780946459625
lora8,5,P2-P0,Cho2017,52,0.1,0.6448717948730769,0.5,0.11538461538461539,0.059495951944272686
lora8,5,P2-P0,Dreyer+Cho,132,0.2,0.747335423198485,0.5606060606060606,0.07575757575757576,0.0005526680631580562
lora8,5,P2-P0,pooled,235,0.1666666667,0.5812538842931915,0.5191489361702127,0.08936170212765958,0.0011281715954895
lora8,5,P1-P0,PhysionetMI,103,0.5384615385,0.5290107950291262,0.6310679611650486,0.07766990291262135,0.0016195012660103285
lora8,5,P1-P0,Dreyer2023,80,0.36666666665000003,0.5036997126449999,0.6125,0.0375,0.0030555811075969608
lora8,5,P1-P0,Cho2017,52,0.27833333335,0.3233333333346154,0.5576923076923077,0.11538461538461539,0.11239347402501115
lora8,5,P1-P0,Dreyer+Cho,132,0.3333333333,0.4326462904924242,0.5909090909090909,0.06818181818181818,0.0018656364082783171
lora8,5,P1-P0,pooled,235,0.4,0.4748826478000001,0.6085106382978723,0.07234042553191489,1.9192227396127375e-05
lora8,10,P2-P1,PhysionetMI,103,-0.0615384615,-0.1088068889,0.47572815533980584,0.17475728155339806,0.6571965707481495
lora8,10,P2-P1,Dreyer2023,80,0.00833333335,-0.13444683907999996,0.5,0.1125,0.6591318467802457
lora8,10,P2-P1,Cho2017,52,-0.35000000000000003,-0.30147435897499997,0.36538461538461536,0.15384615384615385,0.9004195551497137
lora8,10,P2-P1,Dreyer+Cho,132,-0.15333333335,-0.20024555903863633,0.44696969696969696,0.12878787878787878,0.9067544352991437
lora8,10,P2-P1,pooled,235,-0.0757575758,-0.16016818446723402,0.4595744680851064,0.14893617021276595,0.8927255582582396
lora8,10,P2-P0,PhysionetMI,103,0.0,-0.24194898952330096,0.44660194174757284,0.22330097087378642,0.8669555243998326
lora8,10,P2-P0,Dreyer2023,80,0.5,0.22769396551625,0.5875,0.0625,0.045307443120738054
lora8,10,P2-P0,Cho2017,52,0.2,-0.05320512820384609,0.5576923076923077,0.19230769230769232,0.46115318519119736
lora8,10,P2-P0,Dreyer+Cho,132,0.3333333333,0.1170367467780303,0.5757575757575758,0.11363636363636363,0.09181059239711803
lora8,10,P2-P0,pooled,235,0.1515151515,-0.04030593764340427,0.5191489361702127,0.16170212765957448,0.447680493457999
lora8,10,P1-P0,PhysionetMI,103,-0.0075757576,-0.1331421006174757,0.47572815533980584,0.17475728155339806,0.7159387716413717
lora8,10,P1-P0,Dreyer2023,80,0.27499999999999997,0.36214080459750003,0.6375,0.025,0.002397892715361873
lora8,10,P1-P0,Cho2017,52,0.21999999999999997,0.24826923076923077,0.5961538461538461,0.09615384615384616,0.11878105762481544
lora8,10,P1-P0,Dreyer+Cho,132,0.26333333335,0.3172823058166667,0.6212121212121212,0.05303030303030303,0.0022841142932014413
lora8,10,P1-P0,pooled,235,0.13333333330000002,0.11986224682638301,0.5574468085106383,0.10638297872340426,0.04978115636218419
lora8,20,P2-P1,PhysionetMI,103,-0.0681818182,-0.027488854186407768,0.44660194174757284,0.13592233009708737,0.6634021657889135
lora8,20,P2-P1,Dreyer2023,80,-0.07643678165,-0.057952586202500024,0.45,0.075,0.6538992306035658
lora8,20,P2-P1,Cho2017,52,-0.4,-0.10301282051153843,0.4230769230769231,0.1346153846153846,0.6680047006062602
lora8,20,P2-P1,Dreyer+Cho,132,-0.11666666665,-0.07570358759696968,0.4393939393939394,0.09848484848484848,0.7440374864739279
lora8,20,P2-P1,pooled,235,-0.0757575758,-0.054571172527659556,0.4425531914893617,0.1148936170212766,0.7764431136884089
lora8,20,P2-P0,PhysionetMI,103,0.0757575758,0.14240613754757284,0.5242718446601942,0.1262135922330097,0.20751157060990666
lora8,20,P2-P0,Dreyer2023,80,0.4166666666500001,0.37873563218374995,0.5875,0.025,0.011125319500866003
lora8,20,P2-P0,Cho2017,52,0.3,0.5647435897442308,0.5576923076923077,0.09615384615384616,0.07920629714977351
lora8,20,P2-P0,Dreyer+Cho,132,0.36666666665000003,0.4520114942530302,0.5757575757575758,0.05303030303030303,0.004437406796482979
lora8,20,P2-P0,pooled,235,0.3333333333,0.31631212514382984,0.5531914893617021,0.0851063829787234,0.007401653800909937
lora8,20,P1-P0,PhysionetMI,103,0.1742424242,0.16989499173786413,0.5533980582524272,0.07766990291262135,0.12609797553147212
lora8,20,P1-P0,Dreyer2023,80,0.26666666665,0.43668821838875,0.65,0.0,0.00029540384424001293
lora8,20,P1-P0,Cho2017,52,0.22,0.6677564102557692,0.5961538461538461,0.038461538461538464,0.00690527970907367
lora8,20,P1-P0,Dreyer+Cho,132,0.23666666665,0.527715081851515,0.6287878787878788,0.015151515151515152,1.1459097620619724e-05
lora8,20,P1-P0,pooled,235,0.2333333333,0.37088329767404254,0.5957446808510638,0.0425531914893617,5.954981759450435e-05
