key,group,model,dataset,condition,n,resamples,mean,mean_lo,mean_hi,median,median_lo,median_hi
core.CBraMod.PhysioNet.own_gain,Core,CBraMod,PhysioNet,Personal benefit,103,20000,1.639950664222507,0.7730777717428192,2.508204336116955,0.9848484848484799,0.07575757575757,2.42424242424242
core.CBraMod.PhysioNet.upper_bound,Core,CBraMod,PhysioNet,Personal specificity,103,20000,2.5539796772806445,1.7398319075746227,3.404592810102513,1.87121212121211,1.50757575757574,2.6076923076923
core.CBraMod.PhysioNet.population_gain,Core,CBraMod,PhysioNet,Population gain,103,20000,9.144533460067441,7.537327437934236,10.77799579061715,7.769230769230773,6.818181818181801,10.07575757575757
core.CBraMod.Dreyer.own_gain,Core,CBraMod,Dreyer,Personal benefit,80,20000,3.5798491379310287,2.943023527298845,4.243040589080453,3.29166666666666,2.6666666666666496,3.8333333333333197
core.CBraMod.Dreyer.upper_bound,Core,CBraMod,Dreyer,Personal specificity,80,20000,5.2762284482758535,4.638936781609187,5.9283123204022905,4.891666666666655,4.17499999999999,5.949999999999999
core.CBraMod.Dreyer.population_gain,Core,CBraMod,Dreyer,Population gain,80,20000,9.179058908045976,8.23333333333333,10.147829561781608,9.083333333333327,7.333333333333336,9.999999999999998
core.CBraMod.Cho.own_gain,Core,CBraMod,Cho,Personal benefit,52,20000,5.129487179487175,3.1332692307692285,7.4628685897435805,3.49999999999999,1.79999999999999,4.79999999999999
core.CBraMod.Cho.upper_bound,Core,CBraMod,Cho,Personal specificity,52,20000,6.42788461538461,4.339330128205126,8.82652564102563,4.2999999999999945,1.8999999999999901,6.71999999999999
core.CBraMod.Cho.population_gain,Core,CBraMod,Cho,Population gain,52,20000,-0.06346153846153765,-1.2243589743589733,1.117323717948718,-0.0833333333333297,-1.1666666666666714,0.8000000000000007
core.REVE.PhysioNet.own_gain,Core,REVE,PhysioNet,Personal benefit,103,20000,1.5481815918709103,0.9125130128770901,2.1935422182994966,0.9848484848484799,0.3030303030303,1.66666666666666
core.REVE.PhysioNet.upper_bound,Core,REVE,PhysioNet,Personal specificity,103,20000,2.59346753570054,2.015724053454631,3.1933611129970285,2.38636363636363,1.51515151515151,2.74999999999999
core.REVE.PhysioNet.population_gain,Core,REVE,PhysioNet,Population gain,103,20000,13.91520130355082,12.029469074614706,15.81852241609523,13.384615384615373,10.303030303030303,15.000000000000002
core.REVE.Dreyer.own_gain,Core,REVE,Dreyer,Personal benefit,80,20000,5.381465517241373,4.375425646551718,6.425220905172405,4.66666666666666,3.16666666666666,5.833333333333321
core.REVE.Dreyer.upper_bound,Core,REVE,Dreyer,Personal specificity,80,20000,7.251224856321831,6.205203124999992,8.333761314655161,6.774999999999985,5.674999999999995,7.58333333333332
core.REVE.Dreyer.population_gain,Core,REVE,Dreyer,Population gain,80,20000,8.977658045977012,7.188051364942529,10.764583333333333,8.833333333333343,6.66666666666666,11.833333333333329
core.REVE.Cho.own_gain,Core,REVE,Cho,Personal benefit,52,20000,3.3525641025640978,2.264743589743588,4.653205128205124,2.6,1.199999999999995,3.3999999999999897
core.REVE.Cho.upper_bound,Core,REVE,Cho,Personal specificity,52,20000,4.3826923076923,3.253589743589737,5.696051282051272,3.4799999999999898,2.3800000000000003,4.38999999999999
core.REVE.Cho.population_gain,Core,REVE,Cho,Population gain,52,20000,2.479487179487179,1.3551282051282052,3.6064423076923044,1.6333333333333366,0.6000000000000116,2.9999999999999916
core.LaBraM.PhysioNet.own_gain,Core,LaBraM,PhysioNet,Personal benefit,103,20000,1.523830538393643,0.8406112091791682,2.238748670423425,0.9090909090909001,0.45454545454545003,1.8181818181818101
core.LaBraM.PhysioNet.upper_bound,Core,LaBraM,PhysioNet,Personal specificity,103,20000,2.347081720868126,1.6357761898295846,3.081026998891073,2.09090909090908,1.27272727272727,2.7651515151515
core.LaBraM.PhysioNet.population_gain,Core,LaBraM,PhysioNet,Population gain,103,20000,20.206599226016703,17.89815047412135,22.536419648312844,20.38461538461539,17.121212121212114,22.651515151515145
core.LaBraM.Dreyer.own_gain,Core,LaBraM,Dreyer,Personal benefit,80,20000,3.914547413793097,3.118714080459765,4.762499999999992,2.99999999999999,2.58333333333333,3.99999999999999
core.LaBraM.Dreyer.upper_bound,Core,LaBraM,Dreyer,Personal specificity,80,20000,5.405901580459762,4.6265170617816,6.250935704022979,4.316666666666656,3.69999999999999,5.24166666666666
core.LaBraM.Dreyer.population_gain,Core,LaBraM,Dreyer,Population gain,80,20000,9.313182471264366,8.097189295977008,10.556932471264366,9.666666666666663,7.666666666666655,10.499999999999998
core.LaBraM.Cho.own_gain,Core,LaBraM,Cho,Personal benefit,52,20000,5.374999999999996,3.749999999999996,7.203221153846147,3.383333333333325,2.39999999999999,4.3
core.LaBraM.Cho.upper_bound,Core,LaBraM,Cho,Personal specificity,52,20000,4.779679487179482,3.2119791666666635,6.615525641025635,2.94999999999999,2.03999999999999,4.2599999999999945
core.LaBraM.Cho.population_gain,Core,LaBraM,Cho,Population gain,52,20000,1.741666666666665,0.3339743589743577,3.3295032051282036,0.6000000000000005,-0.20000000000000018,1.7000000000000015
core.LaBraM.Cho.swap_gain,Core,LaBraM,Cho,Exchanged minus population,52,20000,0.5953205128205125,-0.03237980769230745,1.2381474358974343,0.43999999999999595,-0.21999999999999797,0.9400000000000186
budget.CBraMod.1x.own_gain,Population budget,CBraMod,Pooled,1x Personal benefit,235,20000,3.0689482955293625,2.4117590319927045,3.7813197368173475,2.6,1.99999999999999,3.33333333333333
budget.CBraMod.1x.upper_bound,Population budget,CBraMod,Pooled,1x Personal specificity,235,20000,4.3381624792424445,3.681698231909928,5.072155517532106,3.53333333333333,2.88333333333333,4.33333333333333
budget.CBraMod.1x.G_BA,Population budget,CBraMod,Pooled,1x Population BA,235,20000,77.05825477530539,75.32648146656473,78.76513439348619,79.0909090909091,76.96969696969698,80.84615384615384
budget.CBraMod.2x.own_gain,Population budget,CBraMod,Pooled,2x Personal benefit,235,20000,2.476777607327861,1.7636933688712837,3.2401110697812783,1.5999999999999899,1.3076923076923,2.23076923076923
budget.CBraMod.2x.upper_bound,Population budget,CBraMod,Pooled,2x Personal specificity,235,20000,4.026417868509573,3.3590635611148407,4.757501667017252,3.4000000000000004,2.91666666666665,4.36363636363635
budget.CBraMod.2x.G_BA,Population budget,CBraMod,Pooled,2x Population BA,235,20000,77.98264492660678,76.2418578661495,79.68701692841275,80.33333333333333,78.03030303030303,82.5
budget.CBraMod.4x.own_gain,Population budget,CBraMod,Pooled,4x Personal benefit,235,20000,2.3256076083368784,1.699932689101065,3.0019095919976286,1.99999999999999,1.33333333333333,2.34848484848484
budget.CBraMod.4x.upper_bound,Population budget,CBraMod,Pooled,4x Personal specificity,235,20000,3.7416545191174624,3.1285759536501594,4.401406518597562,3.23333333333332,2.73999999999999,3.8166666666666598
budget.CBraMod.4x.G_BA,Population budget,CBraMod,Pooled,4x Population BA,235,20000,78.2542252025304,76.59988857107678,79.8772979997503,80.5,78.2,82.04545454545453
budget.CBraMod.4x_minus_1x,Budget change,CBraMod,Pooled,4x minus 1x,235,20000,-0.7433406871924841,-1.2009828039409822,-0.2894150843042999,-0.6000000000000101,-1.33333333333334,-9.992007221626409e-15
budget.REVE.1x.own_gain,Population budget,REVE,Pooled,1x Personal benefit,235,20000,3.25239693053339,2.6974472711196817,3.8234305975267042,2.42424242424241,1.66666666666666,2.95454545454545
budget.REVE.1x.upper_bound,Population budget,REVE,Pooled,1x Personal specificity,235,20000,4.575000615671921,4.005226340326334,5.158142049067335,3.5000000000000004,3.06666666666665,4.06153846153845
budget.REVE.1x.G_BA,Population budget,REVE,Pooled,1x Population BA,235,20000,81.13192055437838,79.50926739914524,82.70295426198895,82.0,79.80000000000001,84.80000000000001
budget.REVE.2x.own_gain,Population budget,REVE,Pooled,2x Personal benefit,235,20000,2.795970204899034,2.2551133105705707,3.3548142013281352,1.83333333333333,1.5,2.39999999999999
budget.REVE.2x.upper_bound,Population budget,REVE,Pooled,2x Personal specificity,235,20000,4.122526124157079,3.539488459144176,4.7193381503248455,3.1,2.41538461538461,3.85
budget.REVE.2x.G_BA,Population budget,REVE,Pooled,2x Population BA,235,20000,81.80425798706064,80.1982755414065,83.36864152074388,84.16666666666666,81.89393939393939,85.22727272727273
budget.REVE.4x.own_gain,Population budget,REVE,Pooled,4x Personal benefit,235,20000,1.6838441871163778,1.2211880424539963,2.16866417576065,0.99999999999999,0.8,1.49999999999999
budget.REVE.4x.upper_bound,Population budget,REVE,Pooled,4x Personal specificity,235,20000,2.886340218597734,2.4066809958322373,3.3929681732671773,2.23999999999999,1.98484848484848,2.72727272727272
budget.REVE.4x.G_BA,Population budget,REVE,Pooled,4x Population BA,235,20000,79.8079428519634,78.32340979294611,81.31742760467705,80.75757575757576,78.66666666666667,83.0
budget.REVE.4x_minus_1x,Budget change,REVE,Pooled,4x minus 1x,235,20000,-1.5685527434170121,-1.9861982566223197,-1.1486215712631709,-1.42424242424242,-1.83333333333333,-0.6818181818181802
budget.LaBraM.1x.own_gain,Population budget,LaBraM,Pooled,1x Personal benefit,235,20000,3.1898652704595434,2.6097380268911774,3.8150794152655805,2.42424242424242,1.96969696969697,2.8000000000000003
budget.LaBraM.1x.upper_bound,Population budget,LaBraM,Pooled,1x Personal specificity,235,20000,3.9266590511469404,3.3458861496903634,4.544667974071654,3.17424242424241,2.76666666666666,3.68181818181818
budget.LaBraM.1x.G_BA,Population budget,LaBraM,Pooled,1x Population BA,235,20000,77.81481337444654,75.91523756727497,79.688922810987,81.13636363636363,77.72727272727272,83.25757575757576
budget.LaBraM.2x.own_gain,Population budget,LaBraM,Pooled,2x Personal benefit,235,20000,3.018417021960671,2.444034682851993,3.602972904021872,2.57575757575757,2.0,3.03030303030303
budget.LaBraM.2x.upper_bound,Population budget,LaBraM,Pooled,2x Personal specificity,235,20000,3.5384237823804887,3.037466947780753,4.058828742601241,2.86666666666666,2.36666666666666,3.3999999999999897
budget.LaBraM.2x.G_BA,Population budget,LaBraM,Pooled,2x Population BA,235,20000,78.4555320859136,76.58671422646808,80.26355174252257,81.21212121212122,78.83333333333333,83.24999999999999
budget.LaBraM.4x.own_gain,Population budget,LaBraM,Pooled,4x Personal benefit,235,20000,3.0079698731202718,2.391308411446705,3.657017913487826,1.9696969696969597,1.5,2.5
budget.LaBraM.4x.upper_bound,Population budget,LaBraM,Pooled,4x Personal specificity,235,20000,3.573581158386729,3.021461220706411,4.15528470072358,2.9393939393939297,2.6333333333333298,3.3000000000000003
budget.LaBraM.4x.G_BA,Population budget,LaBraM,Pooled,4x Population BA,235,20000,78.69011675534053,76.81826639098247,80.52111707258257,82.33333333333333,79.0909090909091,84.69696969696969
budget.LaBraM.4x_minus_1x,Budget change,LaBraM,Pooled,4x minus 1x,235,20000,-0.18189539733927163,-0.645816902161179,0.2764209579855214,-0.45454545454546014,-0.98787878787878,0.10000000000000986
few.CBraMod.Cho.5,Few labels,CBraMod,Cho,5 labels,52,20000,-0.39871794871794697,-1.2641025641025603,0.49169871794871617,-0.6,-1.4000000000000001,0.4
few.CBraMod.Cho.10,Few labels,CBraMod,Cho,10 labels,52,20000,1.047435897435896,0.14229166666666718,2.0160256410256383,0.399999999999995,-0.19999999999999502,1.2
few.CBraMod.Cho.20,Few labels,CBraMod,Cho,20 labels,52,20000,1.2987179487179488,0.1269230769230777,2.599374999999996,0.19999999999999502,-0.599999999999995,1.399999999999995
few.CBraMod.Cho.40,Few labels,CBraMod,Cho,40 labels,52,20000,2.151923076923074,0.8346153846153842,3.596794871794867,1.1999999999999948,0.399999999999995,2.199999999999995
few.CBraMod.Dreyer.5,Few labels,CBraMod,Dreyer,5 labels,80,20000,-0.4645833333333328,-1.133333333333331,0.2104687499999958,-0.33333333333333004,-0.99999999999999,-2.0816681711721685e-15
few.CBraMod.Dreyer.10,Few labels,CBraMod,Dreyer,10 labels,80,20000,-0.047844827586208186,-0.6979633620689665,0.5793121408045949,0.252873563218385,-0.33333333333333004,0.83333333333333
few.CBraMod.Dreyer.20,Few labels,CBraMod,Dreyer,20 labels,80,20000,0.24999999999999806,-0.310416666666668,0.7999999999999964,0.33333333333333004,-0.08333333333333101,0.99999999999999
few.CBraMod.Dreyer.40,Few labels,CBraMod,Dreyer,40 labels,80,20000,1.407471264367813,0.909042744252871,1.9199712643678126,1.1666666666666599,0.83333333333333,1.66666666666667
few.CBraMod.PhysioNet.5,Few labels,CBraMod,PhysioNet,5 labels,103,20000,0.8118451128159858,0.21963077375698678,1.3984924864779205,0.75757575757575,0.0,1.07692307692307
few.CBraMod.PhysioNet.10,Few labels,CBraMod,PhysioNet,10 labels,103,20000,0.8289881639396192,0.23737043700635901,1.436296591757754,0.8333333333333199,0.0,1.43939393939394
few.CBraMod.PhysioNet.20,Few labels,CBraMod,PhysioNet,20 labels,103,20000,1.573098422612983,0.8662553465951494,2.276956740670328,1.51515151515151,0.75757575757576,1.8939393939393898
few.REVE.Cho.5,Few labels,REVE,Cho,5 labels,52,20000,-0.3833333333333317,-0.9198717948717919,0.17310897435897324,-0.4,-0.899999999999995,0.0
few.REVE.Cho.10,Few labels,REVE,Cho,10 labels,52,20000,0.24102564102563992,-0.41923076923076874,0.9589743589743558,0.0,-0.7999999999999899,0.699999999999995
few.REVE.Cho.20,Few labels,REVE,Cho,20 labels,52,20000,0.9275641025641008,0.3314102564102559,1.5423076923076908,0.699999999999995,0.4,1.299999999999995
few.REVE.Cho.40,Few labels,REVE,Cho,40 labels,52,20000,1.2474358974358954,0.5314102564102555,2.067307692307689,0.73333333333333,0.10000000000000095,1.18333333333333
few.REVE.Dreyer.5,Few labels,REVE,Dreyer,5 labels,80,20000,0.544360632183907,-0.23688936781609277,1.290815373563216,0.33333333333333004,-0.08333333333333,1.0
few.REVE.Dreyer.10,Few labels,REVE,Dreyer,10 labels,80,20000,1.363397988505745,0.613538074712643,2.1248599137931006,0.9166666666666601,0.33333333333333004,1.49999999999999
few.REVE.Dreyer.20,Few labels,REVE,Dreyer,20 labels,80,20000,2.193139367816089,1.4624999999999977,2.972741558908042,1.333333333333325,0.83333333333333,2.66666666666666
few.REVE.Dreyer.40,Few labels,REVE,Dreyer,40 labels,80,20000,3.0812859195402256,2.2344207974137893,3.944923670977004,2.41666666666666,1.66666666666666,3.16666666666666
few.REVE.PhysioNet.5,Few labels,REVE,PhysioNet,5 labels,103,20000,0.33156810826713645,-0.2154632584244238,0.8641201031977694,0.07692307692308001,0.0,0.83333333333333
few.REVE.PhysioNet.10,Few labels,REVE,PhysioNet,10 labels,103,20000,0.5738678796931211,0.01861124312580608,1.1381990178106656,0.22727272727272002,0.0,0.83333333333333
few.REVE.PhysioNet.20,Few labels,REVE,PhysioNet,20 labels,103,20000,1.4080046167424778,0.8102872451173408,2.005998087672841,0.99999999999999,0.76923076923076,1.74242424242423
few.LaBraM.Cho.5,Few labels,LaBraM,Cho,5 labels,52,20000,0.6801282051282054,-0.31735576923076797,1.8384615384615377,0.39999999999999003,-0.2,0.8
few.LaBraM.Cho.10,Few labels,LaBraM,Cho,10 labels,52,20000,1.8602564102564092,0.5691987179487172,3.330769230769228,0.9,-3.018418848199644e-15,1.99999999999999
few.LaBraM.Cho.20,Few labels,LaBraM,Cho,20 labels,52,20000,2.956410256410254,1.5044551282051253,4.596810897435892,1.7,0.5,2.449999999999995
few.LaBraM.Cho.40,Few labels,LaBraM,Cho,40 labels,52,20000,3.1935897435897402,1.632035256410253,4.90961538461538,1.71666666666666,1.1999999999999948,2.94999999999999
few.LaBraM.Dreyer.5,Few labels,LaBraM,Dreyer,5 labels,80,20000,-0.17467672413793076,-0.8298850574712642,0.4437580818965508,0.0,-0.5,0.6666666666666601
few.LaBraM.Dreyer.10,Few labels,LaBraM,Dreyer,10 labels,80,20000,-0.1413433908045977,-0.76217672413793,0.4520833333333326,1.1102230246251565e-15,-0.33333333333333004,0.5
few.LaBraM.Dreyer.20,Few labels,LaBraM,Dreyer,20 labels,80,20000,0.4086206896551712,-0.16638649425287427,0.9568390804597673,0.5,2.0122792321330962e-15,0.9999999999999949
few.LaBraM.Dreyer.40,Few labels,LaBraM,Dreyer,40 labels,80,20000,1.4068247126436741,0.7484770114942491,2.064583333333328,0.999999999999995,0.499999999999995,2.0
few.LaBraM.PhysioNet.5,Few labels,LaBraM,PhysioNet,5 labels,103,20000,0.9472129811935615,0.3535955145178434,1.5725790390838903,0.53846153846154,0.0,1.07692307692307
few.LaBraM.PhysioNet.10,Few labels,LaBraM,PhysioNet,10 labels,103,20000,1.1193790028741466,0.5108281281824968,1.7541598773394873,0.90909090909091,0.07575757575757,1.2307692307692302
few.LaBraM.PhysioNet.20,Few labels,LaBraM,PhysioNet,20 labels,103,20000,1.2493154095095829,0.6333073075791525,1.9139048249485107,0.9848484848484799,0.0,1.66666666666666
context.film.B4,Context,CBraMod,Pooled,FILM True - shuffled,235,20000,-0.005881069285325226,-0.10469959827406694,0.09460360561424327,0.0,0.0,0.0
context.film.B3,Context,CBraMod,Pooled,FILM True - default,235,20000,-0.20800494931822897,-0.3812393416072797,-0.03873497247433414,0.0,-1.1102230246251565e-14,0.0
context.lora.B4,Context,CBraMod,Pooled,LORA True - shuffled,235,20000,0.007470460573908329,-0.1080118533948328,0.11271605638186591,0.0,0.0,0.0
context.lora.B3,Context,CBraMod,Pooled,LORA True - default,235,20000,-0.22937902645166053,-0.4823530651911065,-0.01153638150795182,0.0,0.0,0.0
donor.film_offset.rest.nearest_gain,Donor selection,CBraMod,Pooled,film_offset rest nearest_gain,235,20000,-2.0148315025644425,-2.679467708007324,-1.370403738838807,-1.66666666666666,-2.19696969696969,-1.0
donor.film_offset.rest.random_gain,Donor selection,CBraMod,Pooled,film_offset rest random_gain,235,20000,-2.297724916071942,-2.674004292473237,-1.9155561164013268,-2.16,-2.66666666666666,-1.73333333333333
donor.film_offset.rest.difference,Donor selection,CBraMod,Pooled,film_offset rest difference,235,20000,0.28289341350749936,-0.24870676362644464,0.8127308484557733,0.44,-0.019999999999989998,0.87999999999999
donor.film_offset.task.nearest_gain,Donor selection,CBraMod,Pooled,film_offset task nearest_gain,235,20000,-1.8381521975212345,-2.4440141724257627,-1.2416984703972955,-1.49999999999999,-2.0,-0.9090909090909001
donor.film_offset.task.random_gain,Donor selection,CBraMod,Pooled,film_offset task random_gain,235,20000,-2.297724916071942,-2.6872182278653085,-1.9096336668650484,-2.16,-2.66666666666666,-1.73333333333333
donor.film_offset.task.difference,Donor selection,CBraMod,Pooled,film_offset task difference,235,20000,0.45957271855070664,-0.050635414817514296,0.9528606103788577,0.7666666666666601,0.32,1.36363636363637
donor.lora8.rest.nearest_gain,Donor selection,CBraMod,Pooled,lora8 rest nearest_gain,235,20000,-1.690437109967556,-2.2566530252579384,-1.1473443119609645,-0.9848484848484799,-1.66666666666667,-0.66666666666665
donor.lora8.rest.random_gain,Donor selection,CBraMod,Pooled,lora8 rest random_gain,235,20000,-1.2689588645641445,-1.5435534245895919,-0.9871729143685833,-1.37878787878788,-1.73333333333332,-1.0166666666666702
donor.lora8.rest.difference,Donor selection,CBraMod,Pooled,lora8 rest difference,235,20000,-0.421478245403411,-0.9324568688464874,0.08233456117128007,-9.992007221626407e-15,-0.49999999999999,0.53787878787878
donor.lora8.task.nearest_gain,Donor selection,CBraMod,Pooled,lora8 task nearest_gain,235,20000,-1.0151160798116032,-1.5013203529168297,-0.531697596485197,-0.68181818181818,-1.21212121212121,-2.220446049250313e-15
donor.lora8.task.random_gain,Donor selection,CBraMod,Pooled,lora8 task random_gain,235,20000,-1.2689588645641445,-1.5454460293436054,-0.9982821597087171,-1.37878787878788,-1.73333333333332,-1.0166666666666702
donor.lora8.task.difference,Donor selection,CBraMod,Pooled,lora8 task difference,235,20000,0.2538427847525415,-0.16347610885079764,0.6746170412004209,0.56666666666666,0.04,0.96153846153846
meta.M1.Before,Meta versus continuation,CBraMod,Pooled,M1 Before,235,20000,-0.32281712662490347,-0.6105864587234721,-0.046919660371420924,0.0,-0.2307692307692233,0.0
meta.M1.After,Meta versus continuation,CBraMod,Pooled,M1 After,235,20000,-0.05378942651870062,-0.3162335376167,0.2093262278807037,0.0,-0.20000000000000018,0.07575757575758457
meta.M1.Increment,Meta versus continuation,CBraMod,Pooled,M1 Calibration increment,235,20000,0.26902770010620286,-0.023621321573998752,0.5625707201822373,0.1666666666666372,0.0,0.33333333333335213
meta.M2.Before,Meta versus continuation,CBraMod,Pooled,M2 Before,235,20000,-0.27187911623715066,-0.5408533435261258,-0.011787934369373185,-0.07575757575757347,-0.2307692307692233,0.0
meta.M2.After,Meta versus continuation,CBraMod,Pooled,M2 After,235,20000,-0.08354777528658709,-0.3365305629806734,0.1690821160986235,0.0,-0.1666666666666594,0.07575757575758457
meta.M2.Increment,Meta versus continuation,CBraMod,Pooled,M2 Calibration increment,235,20000,0.18833134095056359,-0.09642522407892866,0.47753575856767183,0.0,0.0,0.3333333333332855
extension.Lee.film_offset.own_gain,External cohort,CBraMod,Lee,film_offset own_gain,54,20000,-0.6666666666666653,-2.1222222222222196,0.8444444444444446,-0.5,-2.6999999999999953,0.999999999999995
extension.Lee.film_offset.upper_bound,External cohort,CBraMod,Lee,film_offset upper_bound,54,20000,3.9055555555555523,2.172212962962962,5.806351851851842,2.499999999999995,0.44999999999999996,4.59999999999999
extension.Lee.lora8.own_gain,External cohort,CBraMod,Lee,lora8 own_gain,54,20000,1.0185185185185175,-0.08518518518518431,2.1592592592592554,0.999999999999995,-0.8,2.5999999999999903
extension.Lee.lora8.upper_bound,External cohort,CBraMod,Lee,lora8 upper_bound,54,20000,3.780370370370364,2.429981481481476,5.2359629629629545,2.57999999999999,1.869999999999995,4.34999999999999
extension.BNCI.film_offset.own_gain,External cohort,CBraMod,BNCI,film_offset own_gain,9,20000,5.123456790123455,1.5740740740740753,8.672839506172831,5.55555555555555,-2.2222222222222197,11.94444444444444
extension.BNCI.film_offset.upper_bound,External cohort,CBraMod,BNCI,film_offset upper_bound,8,20000,7.84722222222222,2.5000000000000036,13.159722222222218,6.944444444444436,-0.27777777777776996,16.1111111111111
extension.BNCI.lora8.own_gain,External cohort,CBraMod,BNCI,lora8 own_gain,9,20000,4.814814814814811,0.8024691358024713,8.611111111111104,4.99999999999999,-3.6111111111110996,11.38888888888888
extension.BNCI.lora8.upper_bound,External cohort,CBraMod,BNCI,lora8 upper_bound,8,20000,9.756944444444438,5.173611111111108,13.784722222222214,12.083333333333318,0.55555555555555,14.72222222222222
