Dataset,Budget,N,G mean (SD),Delta mean (SD),Median,U mean (SD),Median
PhysioNet,1x,103,84.71 (11.20),1.55 (3.32),0.985,2.59 (3.05),2.386
PhysioNet,2x,103,84.87 (10.79),1.19 (3.59),0.769,2.26 (3.33),1.769
PhysioNet,4x,103,82.56 (10.97),0.18 (2.80),0.000,1.42 (3.08),1.288
Dreyer,1x,80,83.91 (8.37),5.38 (4.73),4.667,7.25 (4.91),6.775
Dreyer,2x,80,85.75 (7.65),4.09 (3.93),3.583,6.51 (4.56),5.642
Dreyer,4x,80,82.70 (8.34),3.16 (3.71),1.750,4.74 (4.02),3.792
Cho,1x,52,69.77 (13.63),3.35 (4.47),2.600,4.38 (4.56),3.480
Cho,2x,52,69.68 (13.84),3.99 (5.24),2.200,4.15 (5.33),2.640
Cho,4x,52,69.90 (12.59),2.39 (4.10),1.100,2.95 (3.68),2.230
Pooled,1x,235,81.13 (12.48),3.25 (4.42),2.424,4.58 (4.57),3.500
Pooled,2x,235,81.80 (12.43),2.80 (4.34),1.833,4.12 (4.64),3.100
Pooled,4x,235,79.81 (11.77),1.68 (3.69),1.000,2.89 (3.83),2.240
