Model,Dataset,Own - population,Own - exchanged
CBraMod,PhysioNet,"1.64 [0.77, 2.51]","2.55 [1.74, 3.40]"
CBraMod,Dreyer,"3.58 [2.94, 4.24]","5.28 [4.64, 5.93]"
CBraMod,Cho,"5.13 [3.13, 7.46]","6.43 [4.34, 8.83]"
REVE,PhysioNet,"1.55 [0.91, 2.19]","2.59 [2.02, 3.19]"
REVE,Dreyer,"5.38 [4.38, 6.43]","7.25 [6.21, 8.33]"
REVE,Cho,"3.35 [2.26, 4.65]","4.38 [3.25, 5.70]"
LaBraM,PhysioNet,"1.52 [0.84, 2.24]","2.35 [1.64, 3.08]"
LaBraM,Dreyer,"3.91 [3.12, 4.76]","5.41 [4.63, 6.25]"
LaBraM,Cho,"5.38 [3.75, 7.20]","4.78 [3.21, 6.62]"
