Dataset,Labels,N,Mean,Median,SD,Decline fraction,Raw p
Cho,5,52,0.680,0.400,4.006,0.154,0.182
Cho,10,52,1.860,0.900,5.147,0.135,0.00777
Cho,20,52,2.956,1.700,5.768,0.077,4.08e-05
Cho,40,52,3.194,1.717,6.072,0.077,1.19e-05
Dreyer,5,80,-0.175,0.000,2.922,0.175,0.518
Dreyer,10,80,-0.141,0.000,2.769,0.163,0.4
Dreyer,20,80,0.409,0.500,2.611,0.138,0.0319
Dreyer,40,80,1.407,1.000,3.014,0.075,2.16e-06
PhysioNet,5,103,0.947,0.538,3.173,0.107,0.00219
PhysioNet,10,103,1.119,0.909,3.236,0.117,0.00019
PhysioNet,20,103,1.249,0.985,3.339,0.097,0.000244
