Dataset,Start,Labels,$N$,Mean gain (pp),Subject SD (pp)
PhysioNet,B3,5,103,0.78,2.98
PhysioNet,B3,10,103,0.93,3.36
PhysioNet,B3,20,103,1.50,3.91
PhysioNet,G,5,103,0.81,3.07
PhysioNet,G,10,103,0.83,3.11
PhysioNet,G,20,103,1.57,3.65
Dreyer,B3,5,80,-0.18,3.09
Dreyer,B3,10,80,-0.09,2.94
Dreyer,B3,20,80,0.41,2.86
Dreyer,B3,40,80,1.64,2.78
Dreyer,G,5,80,-0.46,3.11
Dreyer,G,10,80,-0.05,2.93
Dreyer,G,20,80,0.25,2.54
Dreyer,G,40,80,1.41,2.31
Cho,B3,5,52,0.19,3.17
Cho,B3,10,52,1.27,3.86
Cho,B3,20,52,1.36,4.31
Cho,B3,40,52,2.36,5.72
Cho,G,5,52,-0.40,3.24
Cho,G,10,52,1.05,3.46
Cho,G,20,52,1.30,4.63
Cho,G,40,52,2.15,5.14
Lee,G,5,54,-1.22,2.12
Lee,G,10,54,-0.70,1.80
Lee,G,20,54,-0.34,3.13
BNCI,G,5,9,-0.65,2.90
BNCI,G,10,9,2.69,2.67
BNCI,G,20,9,0.68,4.26
