model,fold,seed,status,point,dataset,observed_subjects,G_BA_mean_percent_or_pp,G_BA_SD_percent_or_pp,G_BA_median_percent_or_pp,own_gain_mean_percent_or_pp,own_gain_SD_percent_or_pp,own_gain_median_percent_or_pp,upper_bound_mean_percent_or_pp,upper_bound_SD_percent_or_pp,upper_bound_median_percent_or_pp
CBraMod,0,11,complete,1x,PhysionetMI,21,81.06671106671105,13.454125204773545,81.81818181818181,1.7171717171717147,9.286410448453122,1.51515151515151,2.3208735708735655,7.371529534635744,1.74242424242423
CBraMod,0,11,complete,1x,Dreyer2023,16,78.984375,7.405217051736791,77.91666666666666,6.041666666666664,5.506729889333055,5.0,7.135416666666661,3.0650169173601083,7.70833333333332
CBraMod,0,11,complete,1x,Cho2017,11,61.0,14.268847185389577,55.00000000000001,8.530303030303022,12.352871501939715,5.99999999999999,8.599999999999994,9.56075310841149,7.59999999999999
CBraMod,0,11,complete,1x,pooled,48,75.77397775835276,14.316322221499126,78.18181818181817,4.720012626262623,9.320021586992572,4.08333333333333,5.3646877428127375,7.295659125138061,5.20833333333334
CBraMod,0,11,complete,2x,PhysionetMI,21,80.65823065823065,15.987622467943721,82.95454545454545,0.6654456654456644,6.307806449927806,0.0,2.1753801753801776,6.371448085991403,0.83333333333333
CBraMod,0,11,complete,2x,Dreyer2023,16,82.55208333333333,5.864746766027464,82.91666666666666,4.4270833333333295,3.0689416380533783,4.16666666666666,6.815104166666656,3.316239808865973,7.45833333333332
CBraMod,0,11,complete,2x,Cho2017,11,64.2121212121212,16.732053554827516,57.99999999999999,5.4848484848484835,5.7780497216499045,6.0,5.409090909090905,6.617167754478426,5.800000000000001
CBraMod,0,11,complete,2x,pooled,48,77.52061480186482,15.289887180995843,81.82692307692308,3.0237713675213653,5.622585972975909,4.083333333333325,4.463013548951046,5.876385066545418,5.4833333333333245
CBraMod,0,11,complete,4x,PhysionetMI,21,79.14307914307915,13.920560525906703,78.40909090909092,0.5031080031080043,8.33623360889835,0.0,2.042318792318794,8.25437053058174,3.33333333333332
CBraMod,0,11,complete,4x,Dreyer2023,16,83.17708333333333,6.682056888358498,82.91666666666666,4.348958333333331,4.469466240192692,4.16666666666667,6.101562499999994,4.1821647535054085,5.95833333333332
CBraMod,0,11,complete,4x,Cho2017,11,67.71212121212122,16.070001539979685,61.0,3.0454545454545436,4.97219541779356,1.00000000000001,5.510606060606056,5.201593093185076,3.99999999999998
CBraMod,0,11,complete,4x,pooled,48,77.86815268065267,13.642488927947422,79.5,2.3676791958041954,6.648619760524734,2.08333333333333,4.190215860528359,6.636661974036201,3.82575757575757
CBraMod,0,23,complete,1x,PhysionetMI,21,81.22821622821623,16.73925602537675,85.0,1.049783549783551,8.373227020446219,0.0,3.359446109446108,6.043350608209603,0.68181818181817
CBraMod,0,23,complete,1x,Dreyer2023,16,79.73958333333333,7.8570489111747674,78.33333333333333,4.895833333333332,4.7421963187879435,5.416666666666665,6.2135416666666625,3.1935943917299383,6.500000000000005
CBraMod,0,23,complete,1x,Cho2017,11,64.45454545454545,15.168148445763816,60.0,5.439393939393936,11.040398726513635,10.83333333333332,7.139393939393934,9.326364281276527,10.70000000000001
CBraMod,0,23,complete,1x,pooled,48,76.88803904428903,15.338013927750744,78.03030303030303,3.337752525252524,8.194195665667609,3.750000000000005,5.177049339549336,6.3281929932196395,5.95833333333332
CBraMod,0,23,complete,2x,PhysionetMI,21,82.14008214008214,14.089791132446052,82.95454545454545,-1.181596181596182,8.031774975972246,0.0,0.7908757908757909,4.636480376498215,1.5530303030303
CBraMod,0,23,complete,2x,Dreyer2023,16,83.28125,6.479803023412221,80.41666666666667,3.203124999999999,4.668944756461451,1.2500000000000049,5.502604166666666,3.8139749347945027,5.95833333333333
CBraMod,0,23,complete,2x,Cho2017,11,63.16666666666667,13.276754958280362,59.00000000000001,7.575757575757571,7.428310573730607,4.99999999999999,9.059090909090902,7.6950249571336045,6.69999999999999
CBraMod,0,23,complete,2x,pooled,48,78.17239704739704,14.282912481819436,80.0,2.2868711149961127,7.639114455423966,0.8333333333333349,4.256251214063711,6.138557636573098,4.178030303030295
CBraMod,0,23,complete,4x,PhysionetMI,21,78.50011100011099,16.87320610660874,78.03030303030303,2.3889998889998876,5.688953584298062,1.51515151515151,2.6627539127539124,5.206318431528356,1.15384615384614
CBraMod,0,23,complete,4x,Dreyer2023,16,82.57812499999999,7.028741836598888,81.25,3.958333333333329,4.065436972550151,3.3333333333333353,5.690104166666662,3.4079824849983518,5.916666666666664
CBraMod,0,23,complete,4x,Cho2017,11,68.15151515151516,14.518466123728723,61.66666666666667,4.0454545454545405,6.5055920001739445,5.0,9.519696969696962,6.356382698524452,10.69999999999999
CBraMod,0,23,complete,4x,pooled,48,77.4878957847708,14.541166503139976,78.59848484848484,3.291715229215226,5.357238133010325,3.8939393939393843,5.243253447940945,5.582204278708845,5.140151515151515
CBraMod,0,37,complete,1x,PhysionetMI,21,79.51909201909201,14.893817432513245,78.78787878787878,2.2374847374847366,4.1231757487340825,0.0,2.0722055722055717,4.717081645279935,2.76515151515152
CBraMod,0,37,complete,1x,Dreyer2023,16,83.671875,6.8839903338591855,84.16666666666669,3.8541666666666625,3.9190300198258607,4.999999999999995,7.359374999999996,3.5412540609329453,7.375000000000001
CBraMod,0,37,complete,1x,Cho2017,11,61.19696969696968,16.732008277851797,52.0,9.075757575757576,6.860257379510721,7.99999999999999,10.053030303030306,8.2417798043526,8.799999999999999
CBraMod,0,37,complete,1x,pooled,48,76.70453331390831,15.666297196098375,77.76515151515152,4.343482905982904,5.427146426716155,3.9230769230769202,5.66353438228438,6.258955547353537,4.865675990675995
CBraMod,0,37,complete,2x,PhysionetMI,21,78.47291597291598,15.745824390792343,81.15384615384616,1.8018093018093035,6.895924947375066,0.0,1.341325341325339,5.270935013761252,0.38461538461539
CBraMod,0,37,complete,2x,Dreyer2023,16,83.80208333333333,6.756127191640903,83.75,1.61458333333333,3.1249999999999982,1.66666666666666,2.216145833333325,3.8723622668163378,2.25
CBraMod,0,37,complete,2x,Cho2017,11,65.77272727272727,15.141604334355781,60.0,3.8181818181818157,5.363174094101022,4.99999999999999,4.522727272727272,4.920231886627071,4.90000000000001
CBraMod,0,37,complete,2x,pooled,48,77.33884518259518,14.66134726987611,80.41666666666667,2.2014860139860133,5.502055634910576,0.993589743589745,2.362003447940944,4.829527161143074,1.4833333333333298
CBraMod,0,37,complete,4x,PhysionetMI,21,78.99794649794649,16.261222299879304,78.40909090909092,1.8964368964368958,8.742565087201111,0.0,3.484376734376731,6.609963182112737,2.91666666666664
CBraMod,0,37,complete,4x,Dreyer2023,16,84.03645833333333,7.2675693087446644,84.16666666666666,3.7499999999999987,3.9791121287711055,2.9166666666666696,5.325520833333326,3.528790933363562,4.958333333333314
CBraMod,0,37,complete,4x,Cho2017,11,67.27272727272727,16.24863630641605,60.0,3.712121212121211,7.114184152917054,3.0000000000000098,4.92424242424242,4.9115983121381115,4.79999999999999
CBraMod,0,37,complete,4x,pooled,48,77.99042103729604,15.011159801180279,79.20454545454547,2.9303855866355857,7.013945980965737,1.833333333333335,4.428060654623151,5.3318636103806245,4.27121212121212
CBraMod,0,53,complete,1x,PhysionetMI,21,80.2145077145077,15.675207801337491,82.1969696969697,2.2474747474747447,5.5920347338007685,0.75757575757576,3.198329448329445,5.1294025717536895,3.14393939393939
CBraMod,0,53,complete,1x,Dreyer2023,16,80.46875,7.174858044795239,79.16666666666667,4.791666666666663,4.995368225036437,4.58333333333332,6.367187499999995,3.6801902989620072,7.354166666666664
CBraMod,0,53,complete,1x,Cho2017,11,61.10606060606061,17.580019075844906,54.16666666666667,9.757575757575752,8.45260105804507,8.99999999999999,8.463636363636358,5.681421077032172,7.5
CBraMod,0,53,complete,1x,pooled,48,75.92023601398601,15.918228459044265,78.78787878787878,4.816603535353533,6.718268757602804,4.16666666666665,5.461248300310795,5.202258109434605,5.54166666666666
CBraMod,0,53,complete,2x,PhysionetMI,21,79.8906648906649,14.62931088997405,79.16666666666667,0.8125208125208135,6.6221363363257195,0.0,2.270091020091018,7.036613015783696,0.46153846153844996
CBraMod,0,53,complete,2x,Dreyer2023,16,82.08333333333333,6.526300069150402,82.08333333333333,4.088541666666664,5.857526714660629,4.374999999999995,6.841145833333327,4.928099202297497,6.958333333333336
CBraMod,0,53,complete,2x,Cho2017,11,66.53030303030303,15.945535456989237,60.83333333333334,5.469696969696966,8.508433130925706,6.999999999999989,9.521212121212116,6.474999317499281,9.83333333333333
CBraMod,0,53,complete,2x,pooled,48,77.55980477855479,14.022369434147706,79.16666666666667,2.971797299922298,6.998704768847219,3.33333333333333,5.455491210178706,6.840836199735689,5.8
CBraMod,0,53,complete,4x,PhysionetMI,21,80.92157842157842,13.620531931744823,82.1969696969697,1.1938061938061932,4.426831071288062,0.0,2.378621378621373,3.467195506881523,2.08333333333333
CBraMod,0,53,complete,4x,Dreyer2023,16,82.03125,6.885093600590254,82.08333333333333,4.036458333333328,5.796947532490216,4.5833333333333295,5.458333333333329,5.663969946561818,4.874999999999985
CBraMod,0,53,complete,4x,Cho2017,11,65.06060606060606,13.553858148404485,61.0,6.439393939393935,8.895152464895546,6.0,8.025757575757575,7.862991244630208,9.39999999999998
CBraMod,0,53,complete,4x,pooled,48,77.65666278166279,13.47482181759035,78.18181818181817,3.3434707653457623,6.353757667890621,4.08333333333332,4.699327408702405,5.805237364399269,4.10984848484848
CBraMod,0,71,complete,1x,PhysionetMI,21,78.9835164835165,15.77152624012537,82.95454545454545,2.4339549339549333,10.38188086044182,0.0,2.4819624819624764,7.548431790777474,2.61363636363635
CBraMod,0,71,complete,1x,Dreyer2023,16,79.47916666666667,8.990092283133652,81.25,3.359374999999998,4.759174254356875,4.166666666666665,5.929687499999997,4.149623999867669,5.41666666666665
CBraMod,0,71,complete,1x,Cho2017,11,63.75757575757576,16.05136955672209,58.00000000000001,4.848484848484847,5.058246592037455,5.99999999999999,7.816666666666662,7.396827397983241,9.2
CBraMod,0,71,complete,1x,pooled,48,75.65945512820512,15.149815035638117,78.59848484848484,3.2957580613830606,7.709424737657389,3.1666666666666647,4.8537405303030265,6.807724778910039,5.04166666666666
CBraMod,0,71,complete,2x,PhysionetMI,21,80.3002553002553,14.191747401647298,82.95454545454545,0.8261183261183244,5.125234857370648,0.0,2.6294261294261285,4.747521926885999,1.8181818181818101
CBraMod,0,71,complete,2x,Dreyer2023,16,81.35416666666666,7.43412427281813,82.5,2.8125,5.8994271536091265,2.9166666666666603,4.65364583333333,4.1785862494367,5.91666666666667
CBraMod,0,71,complete,2x,Cho2017,11,67.37878787878788,15.7589640996783,61.0,1.9999999999999967,7.576278769950319,2.0,5.796969696969694,7.888479004858981,6.4
CBraMod,0,71,complete,2x,pooled,48,77.69038947163948,13.736105896290281,82.1969696969697,1.7572601010100992,5.9395562414548975,1.2499999999999951,4.030061431623929,5.490281049325755,4.746212121212105
CBraMod,0,71,complete,4x,PhysionetMI,21,79.60039960039958,14.982913975625634,80.0,-0.8252858252858255,7.90671546936698,0.0,1.5570818070818044,7.192450723706563,0.76923076923076
CBraMod,0,71,complete,4x,Dreyer2023,16,79.53125,5.829115538652751,78.33333333333333,5.416666666666668,6.024640760767092,4.16666666666667,4.872395833333335,4.024446958497435,5.250000000000004
CBraMod,0,71,complete,4x,Cho2017,11,68.03030303030303,16.627590555362122,63.33333333333333,2.530303030303028,4.1625434144003375,2.0,8.272727272727268,5.376446951117606,7.000000000000001
CBraMod,0,71,complete,4x,pooled,48,76.92586926961926,13.75582376353402,78.33333333333333,2.0243541181041182,7.034118816385532,1.833333333333335,4.201188568376066,6.363139675400016,4.791666666666665
CBraMod,1,11,complete,1x,PhysionetMI,21,83.86779886779888,10.43336911263594,87.12121212121212,0.46509046509046376,7.309226309404908,0.37878787878787,1.873321123321125,7.483921295190732,2.19696969696969
CBraMod,1,11,complete,1x,Dreyer2023,16,81.51041666666667,9.93599307232716,82.08333333333333,3.4895833333333313,5.201662394529909,2.916666666666665,7.328124999999994,6.204647955363783,5.33333333333333
CBraMod,1,11,complete,1x,Cho2017,11,64.80303030303031,18.53177724010214,56.00000000000001,5.712121212121208,8.087744813087028,5.0,6.07272727272727,7.3221705674056645,4.0
CBraMod,1,11,complete,1x,pooled,48,78.71299533799535,14.51617609667969,82.1590909090909,2.6756993006992986,7.060695666899015,2.916666666666665,4.65395299145299,7.340820967285179,3.96969696969697
CBraMod,1,11,complete,2x,PhysionetMI,21,82.37040737040738,11.410073652609023,82.57575757575758,2.500832500832499,7.385381006558456,4.16666666666667,3.453907203907204,6.693750924997081,2.9166666666666603
CBraMod,1,11,complete,2x,Dreyer2023,16,82.96874999999999,9.689478591254037,82.5,1.9791666666666634,4.623560837148655,2.083333333333325,4.744791666666663,5.4528678107131,4.2083333333333295
CBraMod,1,11,complete,2x,Cho2017,11,66.15151515151516,18.91346588859884,64.99999999999999,4.984848484848485,9.106912681356864,6.0,2.848484848484847,5.863149772308842,0.1
CBraMod,1,11,complete,2x,pooled,48,78.85302544677545,14.509518498391055,81.32575757575758,2.8961975524475507,7.0039808810290065,3.81701631701631,3.7454594017094003,6.036258677602576,3.458333333333324
CBraMod,1,11,complete,4x,PhysionetMI,21,83.64357864357865,10.236039267498223,87.12121212121212,0.8866133866133866,9.792452652282718,0.0,2.7757520257520234,8.906779700238632,1.93181818181816
CBraMod,1,11,complete,4x,Dreyer2023,16,83.54166666666666,9.277112417924812,83.74999999999999,1.718749999999996,3.034809622438356,1.66666666666666,3.5729166666666616,3.7288756869717306,3.66666666666665
CBraMod,1,11,complete,4x,Cho2017,11,68.15151515151516,18.24424636022341,61.0,3.196969696969697,6.554395548797844,1.0,3.6363636363636367,7.097925433149141,3.3000000000000003
CBraMod,1,11,complete,4x,pooled,48,80.05934343434342,13.635524922022043,83.66666666666667,1.6934489121989111,7.32837947625713,0.91666666666667,3.238697066822064,7.006099326533791,3.1249999999999947
CBraMod,1,23,complete,1x,PhysionetMI,21,82.984792984793,10.74073614668374,83.33333333333333,1.1713286713286701,2.902104338091178,0.0,1.8149905649905669,3.0813584728657406,1.30769230769232
CBraMod,1,23,complete,1x,Dreyer2023,16,79.63541666666667,9.24946820293129,80.41666666666667,1.9270833333333306,4.364405160775908,0.8333333333333356,2.3333333333333304,3.611837533772852,1.125
CBraMod,1,23,complete,1x,Cho2017,11,66.72727272727273,17.99494878620614,63.0,1.7121212121212113,5.553822962154039,0.83333333333333,2.3151515151515123,4.562366920710338,2.1
CBraMod,1,23,complete,1x,pooled,48,78.14265248640248,13.675717094880635,79.16666666666667,1.5471785159285145,4.042827133334635,5.551115123125781e-15,2.102391705516704,3.563448431154815,1.4871794871794901
CBraMod,1,23,complete,2x,PhysionetMI,21,81.3988788988789,9.811366181644582,82.3076923076923,1.668609168609169,8.836830362038073,0.0,2.200022200022201,8.97939737797957,3.8636363636363495
CBraMod,1,23,complete,2x,Dreyer2023,16,83.28125,9.435299902984495,85.83333333333334,2.1354166666666643,5.468501978502783,0.83333333333333,4.7499999999999964,4.473998956936253,3.125000000000005
CBraMod,1,23,complete,2x,Cho2017,11,66.27272727272727,18.515349897265835,62.0,3.6515151515151527,6.300993989246874,2.0,5.0257575757575745,6.092615583348797,3.20000000000001
CBraMod,1,23,complete,2x,pooled,48,78.55992618492618,13.741882026859805,81.51515151515152,2.2786276223776216,7.1996751145520275,0.83333333333333,3.697579156954156,7.098491713707979,3.2666666666666804
CBraMod,1,23,complete,4x,PhysionetMI,21,80.3990453990454,9.82793448730316,78.78787878787878,2.9353979353979347,9.841063213523935,0.0,3.6535131535131535,8.14963471113506,2.68939393939393
CBraMod,1,23,complete,4x,Dreyer2023,16,80.98958333333334,9.399658928012387,81.25,3.697916666666661,4.781995070245454,2.916666666666665,3.8020833333333317,4.911237586355358,2.124999999999995
CBraMod,1,23,complete,4x,Cho2017,11,69.84848484848484,17.325872520189527,66.0,3.196969696969694,2.644510227515545,3.0,6.349999999999994,5.490127503073128,6.69999999999999
CBraMod,1,23,complete,4x,pooled,48,78.17805458430458,12.421833291862306,78.56060606060606,3.249514374514372,7.078881471585609,3.0,4.320981449106447,6.605123242899162,3.3409090909090846
CBraMod,1,37,failed,1x,PhysionetMI,0,,,,,,,,,
CBraMod,1,37,failed,1x,Dreyer2023,0,,,,,,,,,
CBraMod,1,37,failed,1x,Cho2017,0,,,,,,,,,
CBraMod,1,37,failed,1x,pooled,0,,,,,,,,,
CBraMod,1,37,failed,2x,PhysionetMI,0,,,,,,,,,
CBraMod,1,37,failed,2x,Dreyer2023,0,,,,,,,,,
CBraMod,1,37,failed,2x,Cho2017,0,,,,,,,,,
CBraMod,1,37,failed,2x,pooled,0,,,,,,,,,
CBraMod,1,37,failed,4x,PhysionetMI,0,,,,,,,,,
CBraMod,1,37,failed,4x,Dreyer2023,0,,,,,,,,,
CBraMod,1,37,failed,4x,Cho2017,0,,,,,,,,,
CBraMod,1,37,failed,4x,pooled,0,,,,,,,,,
CBraMod,1,53,complete,1x,PhysionetMI,21,83.32639582639581,9.053352361069267,86.36363636363636,-0.18870018870018815,7.489516174679749,0.0,0.38073038073038085,6.26249781818824,0.83333333333333
CBraMod,1,53,complete,1x,Dreyer2023,16,80.0,9.579105347539466,79.16666666666667,3.8020833333333295,3.8123671804429446,3.33333333333332,4.28645833333333,3.888845485868901,3.874999999999995
CBraMod,1,53,complete,1x,Cho2017,11,65.1969696969697,17.916289636624942,57.99999999999999,1.2272727272727284,5.836795509368285,0.0,1.7636363636363586,2.884882225420206,1.7000000000000002
CBraMod,1,53,complete,1x,pooled,48,78.06293706293707,13.596206180074757,81.25,1.4660547785547775,6.233050500899957,0.91666666666667,1.9995556526806506,5.1235238468455115,2.25
CBraMod,1,53,complete,2x,PhysionetMI,21,84.08397158397159,9.31297599294437,86.74242424242425,-0.19147519147518996,10.389977674080669,0.0,2.5538073038072993,8.454273442324245,2.30769230769229
CBraMod,1,53,complete,2x,Dreyer2023,16,81.5625,9.703354708171425,82.5,5.104166666666667,4.408272946446304,3.750000000000005,6.432291666666663,4.38106391927975,4.999999999999985
CBraMod,1,53,complete,2x,Cho2017,11,68.30303030303031,17.49314440031011,65.0,2.5757575757575757,9.635687035518774,0.0,5.386363636363636,7.803527757017684,4.2
CBraMod,1,53,complete,2x,pooled,48,79.62701534576536,13.123560181423155,82.5,2.207896270396271,8.795053894944278,1.66666666666667,4.495762917637914,7.255626205173606,4.02272727272727
CBraMod,1,53,complete,4x,PhysionetMI,21,80.21589521589522,8.878442084050878,79.16666666666667,2.0868020868020833,9.504483695024495,4.54545454545454,1.693917193917193,8.951163853673433,3.7878787878787796
CBraMod,1,53,complete,4x,Dreyer2023,16,80.57291666666667,9.919671580211679,80.83333333333333,3.64583333333333,6.518314653798623,1.66666666666666,4.22395833333333,4.99682480199695,2.25
CBraMod,1,53,complete,4x,Cho2017,11,69.0151515151515,17.625810390424377,61.0,1.9696969696969682,5.928189803256498,0.0,4.339393939393937,7.414742344842734,1.33333333333333
CBraMod,1,53,complete,4x,pooled,48,77.76806526806527,12.423106228484828,78.97727272727273,2.5796425796425773,7.749874726471543,1.66666666666666,3.143519327894326,7.445277989442724,2.5416666666666603
CBraMod,1,71,complete,1x,PhysionetMI,21,83.14796314796314,10.406672650287135,82.95454545454545,2.3390498390498373,8.042459376832808,1.15384615384614,4.750138750138749,7.333859730085413,6.42307692307692
CBraMod,1,71,complete,1x,Dreyer2023,16,76.09375,11.294536330718756,77.91666666666666,8.17708333333333,9.795212124071409,8.33333333333332,7.312499999999994,5.897386426771325,4.916666666666665
CBraMod,1,71,complete,1x,Cho2017,11,60.95454545454545,20.379468277477883,53.0,7.454545454545452,7.789270008975631,5.0,4.777272727272726,7.215586034285902,0.30000000000001
CBraMod,1,71,complete,1x,pooled,48,75.7105672105672,15.83949111183564,78.59848484848484,5.4573620823620805,8.879776962378306,4.545454545454545,5.610477369852367,6.822326845564394,5.118589743589736
CBraMod,1,71,complete,2x,PhysionetMI,21,82.21916971916973,11.531532174890508,83.33333333333333,3.6083361083361063,6.253500988857217,3.84615384615385,3.198162948162947,5.805078707961316,3.33333333333332
CBraMod,1,71,complete,2x,Dreyer2023,16,83.38541666666667,8.758428480295107,83.74999999999999,2.1354166666666616,2.804902289180825,2.4999999999999902,2.46354166666666,2.907998030655503,2.458333333333325
CBraMod,1,71,complete,2x,Cho2017,11,65.66666666666667,19.058389811897076,59.00000000000001,2.560606060606059,6.1093156223702625,0.0,3.065151515151514,6.205725199565739,0.49999999999999
CBraMod,1,71,complete,2x,pooled,48,78.81463675213675,14.529235709776273,82.57575757575758,2.8772581585081554,5.248114571388142,2.4999999999999902,2.922807400932398,5.034193150098693,2.2499999999999902
CBraMod,1,71,complete,4x,PhysionetMI,21,84.45304695304695,9.640154978137957,86.15384615384616,0.8558108558108565,7.284586077735342,0.0,2.1880896880896863,6.144976536399116,1.5909090909091002
CBraMod,1,71,complete,4x,Dreyer2023,16,83.64583333333333,9.323779832791546,84.16666666666667,0.9895833333333326,2.3808407711936077,1.2499999999999951,2.1822916666666643,2.4449908638017623,1.6666666666666552
CBraMod,1,71,complete,4x,Cho2017,11,67.4848484848485,17.75722928610181,59.00000000000001,2.409090909090906,6.44522374250181,1.0,3.018181818181812,5.769197202699548,2.69999999999999
CBraMod,1,71,complete,4x,pooled,48,80.29543026418025,13.576937825989836,83.33333333333333,1.2563616938616933,5.799603144317259,0.0,2.3763864607614575,5.018262497133342,1.79166666666666
CBraMod,2,11,complete,1x,PhysionetMI,21,78.7046287046287,10.549339887093987,78.40909090909092,0.4506604506604504,8.66459648976668,0.0,3.939754689754691,7.429944508462401,1.9615384615384799
CBraMod,2,11,complete,1x,Dreyer2023,16,81.22665229885058,8.562599419309738,82.08333333333333,2.029454022988503,4.250139887185133,1.66666666666667,4.274066091954019,3.5682062288854772,3.9425287356321754
CBraMod,2,11,complete,1x,Cho2017,10,60.8,5.349974039397032,60.00000000000001,9.899999999999995,12.013418423672015,5.499999999999996,12.199999999999996,12.385116515847201,8.299999999999985
CBraMod,2,11,complete,1x,pooled,47,75.75369445912368,11.870124541180637,78.03030303030303,2.998619868759265,8.967347797263038,1.66666666666667,5.811061828853465,8.334192986428333,4.69999999999999
CBraMod,2,11,complete,2x,PhysionetMI,21,79.2016317016317,10.791154940298489,82.3076923076923,0.1026751026751056,8.174562848978793,-3.7878787878787796,3.299700299700298,7.495552065772965,3.57692307692308
CBraMod,2,11,complete,2x,Dreyer2023,16,81.89475574712644,9.091156394080283,84.16666666666667,2.514367816091952,3.3112460193073416,2.083333333333335,3.845366379310345,3.2453698192903087,4.041666666666665
CBraMod,2,11,complete,2x,Cho2017,10,58.4,10.637460014287035,59.00000000000001,15.5,15.233369803019803,12.999999999999995,16.099999999999998,12.744148984272483,11.900000000000006
CBraMod,2,11,complete,2x,pooled,47,75.6925608018785,13.554643567309283,78.78787878787878,4.199703451354223,10.697770994627161,2.5,6.208926986439824,9.312011815133127,4.88636363636362
CBraMod,2,11,complete,4x,PhysionetMI,21,77.03046953046953,10.21268003273046,74.62121212121212,2.3740148740148745,4.423165400541336,0.0,2.2640692640692643,5.027846176740535,2.53787878787878
CBraMod,2,11,complete,4x,Dreyer2023,16,83.20581896551724,7.520190294950553,83.75,1.3559626436781569,3.232560125877152,0.847701149425285,2.1754669540229843,2.3464927856167583,2.458333333333335
CBraMod,2,11,complete,4x,Cho2017,10,60.699999999999996,6.992853494818833,58.5,11.099999999999994,9.30292666016692,8.499999999999991,12.08999999999999,9.850036660958281,10.049999999999985
CBraMod,2,11,complete,4x,pooled,47,75.65814816144972,11.944494367611819,75.83333333333333,3.884036481982187,6.590132281369278,3.33333333333334,4.324530336379196,6.958667462990895,3.06818181818182
CBraMod,2,23,complete,1x,PhysionetMI,21,76.63281163281164,13.38690379665017,78.40909090909092,3.108003108003106,6.969385935062769,3.7878787878787796,4.973359973359972,6.03661802613574,3.10606060606061
CBraMod,2,23,complete,1x,Dreyer2023,16,78.09626436781609,9.209433141276124,77.91666666666667,3.274066091954022,4.1563482852876,2.9166666666666603,4.680316091954018,3.2223742965284727,4.5833333333333295
CBraMod,2,23,complete,1x,Cho2017,10,59.20000000000002,7.177124153246278,59.5,11.499999999999995,12.997863072230158,5.0,15.649999999999995,14.125961127575637,11.99999999999999
CBraMod,2,23,complete,1x,pooled,47,73.4218994505128,13.112155895719365,73.86363636363636,4.950066441262329,8.46513610542831,3.78787878787879,7.145225891740928,8.846562744257225,5.15151515151515
CBraMod,2,23,complete,2x,PhysionetMI,21,77.14479964479966,11.547405423844873,74.62121212121212,1.7571317571317562,9.530001213004862,0.37878787878786,2.38209013209013,8.624986086960522,3.03030303030302
CBraMod,2,23,complete,2x,Dreyer2023,16,80.44719827586208,9.385352323605574,81.25,2.857399425287354,3.4292252934610556,2.9166666666666603,4.293821839080453,3.741748382429529,3.958333333333325
CBraMod,2,23,complete,2x,Cho2017,10,57.8,11.222992272810112,59.0,14.299999999999995,17.56922814974459,7.9999999999999964,15.529999999999996,15.968027081918693,13.599999999999996
CBraMod,2,23,complete,2x,pooled,47,74.15310563733158,13.68732290485585,74.62121212121212,4.800386334135416,11.352294720127118,4.16666666666667,5.830320046791061,10.6535625135929,4.24999999999999
CBraMod,2,23,complete,4x,PhysionetMI,21,75.58302808302808,13.50347878308264,78.40909090909092,0.31496281496281436,9.156950639634518,0.0,0.35927960927960667,5.840448935350617,2.12121212121211
CBraMod,2,23,complete,4x,Dreyer2023,16,80.75610632183907,9.185349622100986,81.66666666666667,3.3800287356321825,3.19438700138487,2.500000000000005,4.483656609195398,3.7199663735395063,3.2916666666666603
CBraMod,2,23,complete,4x,Cho2017,10,62.0,6.896053621859066,60.5,12.499999999999993,11.616559062151081,7.99999999999999,16.369999999999994,12.584297976270092,12.749999999999995
CBraMod,2,23,complete,4x,pooled,47,74.45407001900031,12.814473099824774,75.0,3.9509506145602975,9.392715448136963,3.33333333333333,5.169859096638256,9.398208480913397,3.0
CBraMod,2,37,complete,1x,PhysionetMI,21,77.37928737928738,12.296931708714789,74.62121212121212,3.2778332778332766,4.584750209277807,3.84615384615384,3.097624597624592,4.728725514236559,4.0909090909091
CBraMod,2,37,complete,1x,Dreyer2023,16,77.88254310344828,8.483575734651222,77.5,2.401221264367813,2.803650850430075,1.666666666666665,3.7201867816091916,3.2705310314104756,3.33333333333333
CBraMod,2,37,complete,1x,Cho2017,10,56.80000000000002,9.863513009515874,57.00000000000001,9.4,15.457468529268736,4.5,10.749999999999996,13.554109667878924,5.4
CBraMod,2,37,complete,1x,pooled,47,73.17203669404698,13.502523401682542,74.24242424242425,4.282000831157102,8.113886950320488,2.58620689655171,4.937725639486457,7.652417426037017,4.0833333333333295
CBraMod,2,37,complete,2x,PhysionetMI,21,76.86729936729938,12.206495685238524,70.76923076923077,1.2076812076812096,9.374449613684064,-0.37878787878786,3.078754578754577,7.254678845581256,1.40151515151516
CBraMod,2,37,complete,2x,Dreyer2023,16,79.66594827586206,9.112641666521458,82.08333333333333,2.5431034482758603,3.6751514268537533,2.08333333333333,4.7940014367816035,4.092579771393369,3.7083333333333304
CBraMod,2,37,complete,2x,Cho2017,10,54.6,10.297788327813137,54.50000000000001,17.7,16.035031095143605,15.999999999999995,16.240000000000002,14.670772152669933,13.350000000000001
CBraMod,2,37,complete,2x,pooled,47,73.0823076410017,14.438994501343672,72.5,5.171297032632321,11.688367354119912,2.4999999999999902,6.462933386007485,9.87080795818642,4.24999999999999
CBraMod,2,37,complete,4x,PhysionetMI,21,78.03529803529804,10.850841246085428,74.62121212121212,1.9155844155844135,6.801554932176554,0.0,3.747474747474744,5.7983537891296,2.68939393939394
CBraMod,2,37,complete,4x,Dreyer2023,16,80.06824712643679,8.910176948181055,81.25,2.1426005747126418,3.7040511332674217,2.08333333333333,3.32974137931034,4.413249475122527,2.5833333333333353
CBraMod,2,37,complete,4x,Cho2017,10,53.99999999999999,5.077182070575939,52.5,17.9,10.556198810809377,18.999999999999993,14.189999999999998,11.200243052918289,12.09999999999999
CBraMod,2,37,complete,4x,pooled,47,73.61347261200527,13.753889693909324,74.24242424242425,5.393805998354787,9.465217464838474,3.44827586206895,5.827081526934787,8.05358430546726,3.4166666666666603
CBraMod,2,53,complete,1x,PhysionetMI,21,76.91780441780442,12.397347460701297,78.40909090909092,4.520479520479518,9.654448645336592,6.53846153846153,4.524336774336772,8.96155740319511,4.16666666666666
CBraMod,2,53,complete,1x,Dreyer2023,16,79.97844827586206,8.227746329476782,79.16666666666667,3.2165948275862015,5.582108582391894,2.08333333333333,5.383261494252865,4.3328698639056435,5.1666666666666545
CBraMod,2,53,complete,1x,Cho2017,10,59.599999999999994,8.553102101317132,58.00000000000001,13.399999999999995,13.5088448391744,10.499999999999984,17.959999999999994,12.162072191859409,15.549999999999992
CBraMod,2,53,complete,1x,pooled,47,74.27508649335502,12.826958491516361,74.24242424242425,5.965863556839341,10.098900020646404,4.99999999999999,7.675388429130171,9.966624939657773,5.91666666666665
CBraMod,2,53,complete,2x,PhysionetMI,21,79.09756909756909,10.125169589868838,78.40909090909092,-0.1984126984127004,8.960250329533437,0.0,1.8561716061716023,6.754451941753686,2.27272727272727
CBraMod,2,53,complete,2x,Dreyer2023,16,81.79777298850574,8.604243371852627,81.66666666666667,1.0398706896551724,4.921402084725827,0.416666666666665,4.1057830459770095,4.818979078972775,3.8333333333333197
CBraMod,2,53,complete,2x,Cho2017,10,60.099999999999994,7.015063158027238,59.5,12.499999999999996,11.645218379708947,10.999999999999995,15.999999999999995,12.253253536192837,12.79999999999999
CBraMod,2,53,complete,2x,pooled,47,75.97475146521367,12.22183243320142,75.83333333333333,2.92492051846417,9.744630841713477,2.5,5.63132196734544,9.352619862928018,4.24999999999999
CBraMod,2,53,complete,4x,PhysionetMI,21,76.42801642801645,12.266639599391356,72.72727272727273,3.9357864357864343,8.209381942522688,3.84615384615385,4.8699078699078635,7.1252833132081275,5.98484848484849
CBraMod,2,53,complete,4x,Dreyer2023,16,83.11063218390805,8.677111022228386,84.58333333333333,1.0865660919540219,3.996067819275653,1.666666666666665,4.289152298850572,3.449069173591984,4.16666666666666
CBraMod,2,53,complete,4x,Cho2017,10,61.9,10.202940752547766,61.5,10.199999999999996,16.55160280926157,4.99999999999999,15.319999999999995,13.097735173176567,11.699999999999996
CBraMod,2,53,complete,4x,pooled,47,75.6118821261888,13.079636935739137,73.86363636363636,4.298650481335732,9.966369017242606,2.5000000000000098,6.895627703184558,8.898417893724513,5.58333333333334
CBraMod,2,71,complete,1x,PhysionetMI,21,74.77133977133977,12.908550751867912,70.45454545454545,5.011655011655008,9.644218440418523,4.16666666666667,4.728493728493728,8.491920727684564,4.3560606060606
CBraMod,2,71,complete,1x,Dreyer2023,16,80.17780172413794,8.331689749068595,80.83333333333333,1.9863505747126406,2.9985807736489676,2.4999999999999902,5.108297413793099,3.415927406457317,4.958333333333325
CBraMod,2,71,complete,1x,Cho2017,10,58.199999999999996,7.757433710820724,57.49999999999999,14.499999999999996,13.040535094679035,10.999999999999991,18.569999999999997,13.397516353580032,14.850000000000001
CBraMod,2,71,complete,1x,pooled,47,73.08602048477326,13.18410243398079,72.0,6.0005609455352635,9.919627799232503,3.44827586206897,7.802789934448039,10.11530669553551,5.49242424242424
CBraMod,2,71,complete,2x,PhysionetMI,21,76.70579420579419,13.279985944488946,74.62121212121212,2.581307581307582,5.112338865465038,0.0,3.0229492729492704,5.013720353810303,0.8712121212121201
CBraMod,2,71,complete,2x,Dreyer2023,16,81.06681034482759,9.5348671339776,82.08333333333333,1.3559626436781582,2.803007737202723,1.26436781609195,2.540589080459764,2.8271771179866256,2.033045977011505
CBraMod,2,71,complete,2x,Cho2017,10,58.60000000000001,13.574485871172678,60.5,11.399999999999999,16.13278235973779,7.99999999999999,13.049999999999997,12.645267010932498,9.049999999999994
CBraMod,2,71,complete,2x,pooled,47,74.33809880508339,14.646766966396227,74.62121212121212,4.040486415027866,8.949881353974872,0.86206896551724,4.992156596155125,7.924441353841026,2.74999999999998
CBraMod,2,71,complete,4x,PhysionetMI,21,77.73781773781775,11.438870642196958,78.40909090909092,-0.6701631701631701,5.167621090577002,0.0,-0.8796758796758789,6.021152900647102,-2.11538461538461
CBraMod,2,71,complete,4x,Dreyer2023,16,78.72306034482759,10.902320404802197,79.58333333333334,5.423850574712643,5.583242871312006,3.3908045977011496,3.3412356321839045,3.626439438098255,2.3333333333333353
CBraMod,2,71,complete,4x,Cho2017,10,59.699999999999996,11.294541454466694,60.5,12.299999999999995,14.591093173576816,8.499999999999995,14.289999999999987,13.261678291645865,10.04999999999999
CBraMod,2,71,complete,4x,pooled,47,74.23538591513648,13.384427739667789,74.62121212121212,4.16400388557395,9.436132577948218,2.5000000000000098,3.7848207796116786,9.404953470356224,2.08333333333333
CBraMod,3,11,complete,1x,PhysionetMI,20,80.92890442890445,12.971103590352792,86.5530303030303,0.38141025641025617,6.553781721946071,0.0,1.9411130536130532,6.124673446173679,1.0416666666666698
CBraMod,3,11,complete,1x,Dreyer2023,16,78.75,9.3392838174146,76.66666666666666,1.302083333333332,4.036508736244449,1.66666666666666,5.166666666666661,3.9458135339172378,5.79166666666667
CBraMod,3,11,complete,1x,Cho2017,10,64.4,15.071680581658953,56.00000000000001,1.7999999999999967,5.432413009990227,0.0,3.259999999999997,4.15617345376462,2.500000000000005
CBraMod,3,11,complete,1x,pooled,46,76.57778453430629,13.732847840017715,78.14102564102564,1.0100334448160524,5.4601558545669695,0.0,3.34975929867234,5.151722966635158,3.24999999999999
CBraMod,3,11,complete,2x,PhysionetMI,20,81.66841491841492,12.71488255825896,84.84848484848484,-0.4073426573426557,7.509218394945706,-0.75757575757575,1.7645104895104877,4.695057962493947,1.666666666666665
CBraMod,3,11,complete,2x,Dreyer2023,16,78.48958333333333,9.473250595854196,79.58333333333334,4.947916666666664,5.150231476279417,3.7500000000000004,5.36979166666666,4.762310436588992,3.8333333333333246
CBraMod,3,11,complete,2x,Cho2017,10,68.6,13.031585560561009,64.0,-0.8999999999999999,6.82234889495138,0.999999999999995,2.589999999999995,5.647113323538746,0.5999999999999801
CBraMod,3,11,complete,2x,pooled,46,77.7217746022094,12.560301909252164,82.40384615384615,1.34825681564812,7.004224304766479,0.83333333333333,3.1979755751494836,5.090933498266448,2.393939393939375
CBraMod,3,11,complete,4x,PhysionetMI,20,80.9763986013986,14.904588249664439,83.01864801864802,-0.6687062937062946,8.253074599109457,-0.189393939393935,0.14204545454545703,4.32755692175545,0.8581002331002299
CBraMod,3,11,complete,4x,Dreyer2023,16,79.6875,9.21389349478999,79.16666666666667,3.177083333333329,4.3697057914353525,2.499999999999995,3.031249999999997,3.633164496586857,2.9583333333333446
CBraMod,3,11,complete,4x,Cho2017,10,67.30000000000001,10.562512327408978,64.99999999999999,1.6,4.351245032554852,1.0,2.7200000000000024,3.589119359644883,2.6
CBraMod,3,11,complete,4x,pooled,46,77.5549559136516,13.213508479037914,79.08333333333333,1.1621566838958128,6.471962814029057,1.0,1.7074110671936764,4.101661015876899,1.416666666666665
CBraMod,3,23,complete,1x,PhysionetMI,20,81.29399766899768,12.078797436521779,82.57575757575758,1.9766899766899735,7.15102830647474,4.16666666666666,2.6215326340326297,5.596494964046,2.95454545454545
CBraMod,3,23,complete,1x,Dreyer2023,16,79.42708333333334,9.362646181423205,78.33333333333333,2.552083333333329,4.718646522044215,1.66666666666667,5.213541666666662,3.6540146300564618,5.37499999999999
CBraMod,3,23,complete,1x,Cho2017,10,65.3,13.952697867358047,63.0,2.7000000000000015,6.832113712298541,1.5,5.429999999999998,4.8479205164001264,5.149999999999995
CBraMod,3,23,complete,1x,pooled,46,77.167680145941,13.055150917219729,78.33333333333333,2.334068105807234,6.200977020234241,1.66666666666667,4.133637377115633,4.917286002786274,3.8397435897435854
CBraMod,3,23,complete,2x,PhysionetMI,20,82.47377622377623,11.34436321932666,84.65909090909092,-0.6118881118881118,8.747022391333296,0.0,1.8996794871794846,8.258722435078253,2.650932400932405
CBraMod,3,23,complete,2x,Dreyer2023,16,81.14583333333334,9.264003414251269,81.66666666666667,1.1458333333333321,4.058313369788905,1.66666666666666,3.5260416666666594,3.994871567721866,4.08333333333332
CBraMod,3,23,complete,2x,Cho2017,10,65.8,13.01110636682711,59.5,0.8000000000000002,4.366539438350079,1.0,0.550000000000003,3.710121291817825,0.8000000000000099
CBraMod,3,23,complete,2x,pooled,46,78.38714908280127,12.733387799095516,81.33333333333333,0.30642545859937115,6.502857608643225,1.0,2.171962095875136,6.175795553074022,2.128205128205125
CBraMod,3,23,complete,4x,PhysionetMI,20,82.67249417249417,11.04912760039026,87.12121212121212,-0.45600233100233045,6.142048515632878,-0.769230769230765,1.5993298368298394,6.6542746446715695,0.8135198135198151
CBraMod,3,23,complete,4x,Dreyer2023,16,79.32291666666667,10.284016499907533,80.41666666666667,4.1666666666666625,4.60474795224491,2.9166666666666603,4.911458333333331,3.69890733991259,5.208333333333321
CBraMod,3,23,complete,4x,Cho2017,10,64.7,12.184233892845114,59.5,1.5999999999999994,4.765617600176402,1.5,1.1400000000000021,4.87241669445916,1.3
CBraMod,3,23,complete,4x,pooled,46,77.60035978514239,12.88262838132522,80.41666666666667,1.5988395662308692,5.635548458288317,2.249999999999995,2.6515202189115237,5.551590228128827,2.238461538461535
CBraMod,3,37,complete,1x,PhysionetMI,20,82.54749417249417,12.71255308791689,86.5530303030303,-2.0941142191142164,7.163056179964165,-0.378787878787875,1.1242132867132886,7.840971658700585,1.4583333333333448
CBraMod,3,37,complete,1x,Dreyer2023,16,78.95833333333333,8.926137234320672,79.58333333333334,4.687499999999993,4.159716425519982,4.999999999999995,5.359374999999994,4.17806427246097,5.916666666666664
CBraMod,3,37,complete,1x,Cho2017,10,67.7,13.199747472331937,66.0,1.2000000000000013,8.230026326405843,2.0,2.4999999999999982,4.628654712164693,2.7
CBraMod,3,37,complete,1x,pooled,46,78.07137427789604,12.756492181833115,80.38461538461539,0.9808199047329469,7.076476128287823,1.8269230769230649,2.8963970811796873,6.296812930390878,3.59166666666667
CBraMod,3,37,complete,2x,PhysionetMI,20,80.22435897435898,15.014224030848537,82.95454545454545,-0.041666666666670404,10.117268683947295,0.0,1.8337703962703937,7.433410700627731,2.11538461538461
CBraMod,3,37,complete,2x,Dreyer2023,16,80.88541666666667,9.141220995922607,81.66666666666667,1.6666666666666659,5.434798711731374,2.08333333333333,3.713541666666667,4.597198094935009,4.958333333333325
CBraMod,3,37,complete,2x,Cho2017,10,67.5,11.76860229593982,63.5,-0.2,2.8982753492378857,-1.0,3.329999999999997,2.744712087714197,2.6499999999999897
CBraMod,3,37,complete,2x,pooled,46,77.688127090301,13.427361543425514,80.38461538461539,0.5181159420289837,7.447609130319702,0.0,2.812871186784228,5.714498246407259,3.249999999999995
CBraMod,3,37,complete,4x,PhysionetMI,20,82.60431235431236,12.41515256045949,83.01864801864802,-1.4519230769230806,8.86053963126233,0.0,1.808770396270392,8.094733389166592,2.925407925407915
CBraMod,3,37,complete,4x,Dreyer2023,16,81.09375,9.187948779666645,81.66666666666667,2.916666666666661,3.5746017649211987,2.08333333333333,4.265624999999994,3.9872735916217783,4.20833333333332
CBraMod,3,37,complete,4x,Cho2017,10,68.2,10.76826613506351,64.5,0.700000000000002,3.860051813123751,0.5,3.9299999999999966,6.391669926118242,3.05
CBraMod,3,37,complete,4x,pooled,46,78.94752711057059,12.233556410242263,80.0,0.5353957636566306,6.6456797028812336,0.916666666666665,3.1244653896827757,6.520176505971893,3.666666666666655
CBraMod,3,53,complete,1x,PhysionetMI,20,81.64306526806527,12.018441117180876,82.76515151515152,3.1526806526806497,5.42501175651103,4.1666666666666545,2.40244755244755,5.561635765370708,1.7234848484848402
CBraMod,3,53,complete,1x,Dreyer2023,16,80.83333333333333,9.972183534434388,82.91666666666666,2.812499999999998,3.345464038011708,2.083333333333335,2.770833333333329,2.7867909329018024,2.291666666666665
CBraMod,3,53,complete,1x,Cho2017,10,67.3,11.804424782446814,62.0,-0.599999999999997,2.796823595120402,0.0,0.6599999999999999,3.0357865537616378,1.5999999999999952
CBraMod,3,53,complete,1x,pooled,46,78.24336171075302,12.495546643585131,81.83333333333334,2.2185568055133267,4.472148157057411,1.66666666666667,2.1517887909192233,4.2603690593696495,2.0000000000000053
CBraMod,3,53,complete,2x,PhysionetMI,20,80.80128205128204,13.451370210931108,84.80769230769232,1.7304778554778533,6.295085908158379,0.75757575757575,1.6300699300699315,6.176368310044797,0.75757575757576
CBraMod,3,53,complete,2x,Dreyer2023,16,81.45833333333334,9.537935951883,83.33333333333333,2.604166666666665,4.148571820295284,2.91666666666666,5.25520833333333,4.0399015332243104,5.2916666666666545
CBraMod,3,53,complete,2x,Cho2017,10,67.4,13.217833071691858,61.5,-0.19999999999999996,2.9739610697593903,0.5,1.869999999999998,4.108541238823228,2.14999999999999
CBraMod,3,53,complete,2x,pooled,46,78.1164994425864,13.204470286833809,82.34848484848484,1.6147005168744284,5.032246918382134,1.0,2.9431463464072154,5.276922429915467,3.200000000000005
CBraMod,3,53,complete,4x,PhysionetMI,20,84.02272727272727,10.28165079445616,85.29137529137529,-0.9187062937062925,6.703384064898331,-0.18939393939394,2.1558857808857765,6.0065145972974054,4.65384615384615
CBraMod,3,53,complete,4x,Dreyer2023,16,80.46875,9.798756298633005,80.83333333333333,4.1666666666666625,5.366218062685886,5.41666666666666,5.864583333333331,3.7452284457841962,5.70833333333332
CBraMod,3,53,complete,4x,Cho2017,10,70.3,11.84201559420242,67.0,-1.3999999999999977,5.337498373666154,-0.9999999999999944,1.660000000000001,2.4445858544955996,1.25
CBraMod,3,53,complete,4x,pooled,46,79.80335968379448,11.524999408335985,81.74242424242424,0.7454900172291474,6.378452792169368,1.1102230246251562e-14,3.338066281544539,4.961885551085174,4.407692307692305
CBraMod,3,71,complete,1x,PhysionetMI,20,83.89189976689977,10.751267606843268,84.36480186480186,0.19609557109557146,6.033511079792235,0.0,1.326923076923073,4.93890881960429,1.17977855477856
CBraMod,3,71,complete,1x,Dreyer2023,16,77.55208333333333,10.525404672435094,78.33333333333334,4.7395833333333295,3.0233466556119555,4.166666666666665,3.2499999999999996,2.5283576868379556,3.7083333333333255
CBraMod,3,71,complete,1x,Cho2017,10,65.7,10.791457526930992,60.00000000000001,1.7000000000000008,5.638163609624046,0.50000000000001,1.100000000000002,5.103593505234,0.9000000000000001
CBraMod,3,71,complete,1x,pooled,46,77.73198540589846,12.572600688772317,78.97727272727273,2.1033748859835804,5.375760738686209,2.916666666666665,1.9464882943143798,4.309682651100144,2.14772727272728
CBraMod,3,71,complete,2x,PhysionetMI,20,83.86567599067598,12.269497831569867,85.4895104895105,-0.17715617715617504,8.629128355894581,-2.3076923076923004,2.9636655011654973,6.193058393511282,2.5961538461538454
CBraMod,3,71,complete,2x,Dreyer2023,16,80.20833333333334,9.83427490783957,80.41666666666667,4.531249999999999,4.56403766579712,3.33333333333333,5.739583333333334,4.17553223487072,4.625000000000004
CBraMod,3,71,complete,2x,Cho2017,10,67.5,12.195172086617811,62.0,-0.599999999999997,5.3166405433004975,-1.0,0.8299999999999971,6.0190530816732215,0.5499999999999899
CBraMod,3,71,complete,2x,pooled,46,79.03580115536639,12.883032438895958,81.25,1.368627749062533,7.0367458511235546,1.2499999999999951,3.465361812100941,5.7223754852278415,3.037878787878785
CBraMod,3,71,complete,4x,PhysionetMI,20,83.34761072261072,12.97021148221088,85.10198135198135,-1.4274475524475538,9.740822436428749,-4.19580419580419,1.0578379953379953,6.234954361753162,1.6162587412587348
CBraMod,3,71,complete,4x,Dreyer2023,16,81.40625,8.658750390982139,80.83333333333333,2.187499999999998,4.291194688178552,0.83333333333333,4.161458333333329,4.626760800955595,2.5416666666666696
CBraMod,3,71,complete,4x,Cho2017,10,67.0,12.211106056009466,61.5,3.7999999999999994,4.7093288033198295,2.5,4.999999999999991,4.917768238179231,4.299999999999995
CBraMod,3,71,complete,4x,pooled,46,79.1185264011351,12.97256890564101,79.58333333333334,0.966327151109758,7.449630066286633,0.83333333333333,2.994349853045501,5.606354249134374,2.58333333333334
CBraMod,4,11,complete,1x,PhysionetMI,20,81.37062937062937,13.153928921485193,84.84848484848484,2.9755244755244736,10.248315542371689,4.006410256410255,3.024242424242422,6.010274396897556,2.7651515151515147
CBraMod,4,11,complete,1x,Dreyer2023,16,84.47916666666667,9.343620323019374,86.66666666666667,2.5520833333333313,2.554385299687432,2.5,4.973958333333329,3.025924828017843,4.791666666666655
CBraMod,4,11,complete,1x,Cho2017,10,70.06666666666666,19.42240020259158,61.5,-0.20000000000000379,6.9729636613295325,-9.974659986866641e-15,1.794999999999997,7.428640147728551,2.0500000000000003
CBraMod,4,11,complete,1x,pooled,46,79.99447653795481,14.40477968725586,84.16666666666666,2.137909192257016,7.604734703864219,2.249999999999995,3.4351778656126446,5.554807432325072,3.2083333333333295
CBraMod,4,11,complete,2x,PhysionetMI,20,81.24679487179488,15.45905010203699,84.28030303030303,1.4743589743589736,6.887004318664267,0.0,2.6025349650349616,6.623976046267156,3.4312354312354296
CBraMod,4,11,complete,2x,Dreyer2023,16,85.3125,9.650729199085117,89.16666666666667,2.2916666666666625,3.6196480287248702,2.4999999999999902,4.526041666666663,3.0338703355553864,4.666666666666655
CBraMod,4,11,complete,2x,Cho2017,10,70.23333333333332,19.44669828207539,62.66666666666667,0.733333333333332,2.862270530993286,1.0,2.7016666666666627,4.417854138061276,2.80833333333333
CBraMod,4,11,complete,2x,pooled,46,80.26672240802675,15.473658905748566,83.4090909090909,1.5975473801560738,5.135773975054296,1.3333333333333302,3.2931311442180986,5.131048034743302,4.1780303030303
CBraMod,4,11,complete,4x,PhysionetMI,20,82.50990675990677,13.820763036659619,84.84848484848484,1.777680652680651,6.498581907158682,2.3018648018648005,2.2010780885780843,5.025530302219582,2.788461538461525
CBraMod,4,11,complete,4x,Dreyer2023,16,84.94791666666669,8.544376263996146,88.33333333333333,1.8749999999999982,4.121982622566563,2.4999999999999902,3.416666666666663,3.7214344108252204,3.916666666666655
CBraMod,4,11,complete,4x,Cho2017,10,70.06666666666665,18.303207571554427,64.5,1.5999999999999979,6.46701030014814,2.0,1.531666666666664,3.5968646325911644,1.64999999999999
CBraMod,4,11,complete,4x,pooled,46,80.65285801155365,14.317220412082468,83.14393939393939,1.7729046316002817,5.645306944002007,2.4999999999999902,2.4783672848890217,4.291135222967215,3.08012820512819
CBraMod,4,23,complete,1x,PhysionetMI,20,84.64248251748249,12.755293742985877,87.98076923076923,-0.05769230769230509,5.725303616051878,0.0,1.1417832167832138,4.685319538133694,1.6856060606060548
CBraMod,4,23,complete,1x,Dreyer2023,16,86.71875,9.306851070681844,88.33333333333333,2.135416666666665,2.804902289180826,2.4999999999999902,5.062499999999992,3.2501424470207327,5.58333333333333
CBraMod,4,23,complete,1x,Cho2017,10,71.16666666666667,19.292581571777884,63.83333333333333,1.349999999999998,3.4484295942742755,1.0,3.088333333333333,4.992241202328083,0.95
CBraMod,4,23,complete,1x,pooled,46,82.43513732644166,14.453887984116005,86.93181818181819,1.0111482720178375,4.452366064127906,1.25,2.9286738623695108,4.5626787989935575,2.9583333333333197
CBraMod,4,23,complete,2x,PhysionetMI,20,85.63782051282051,11.149324132816053,87.5,-1.1675407925407943,6.819848410925122,0.0,0.8753496503496475,7.436264893077105,1.27476689976689
CBraMod,4,23,complete,2x,Dreyer2023,16,85.88541666666667,9.450008573384316,87.91666666666667,2.604166666666664,3.116191288760708,2.916666666666665,4.380208333333324,3.545206564268619,4.666666666666646
CBraMod,4,23,complete,2x,Cho2017,10,70.3,20.319940944796073,62.0,2.583333333333332,3.795099178911897,1.0,3.336666666666668,4.373755907768601,2.500000000000005
CBraMod,4,23,complete,2x,pooled,46,82.38963210702342,14.36478396985775,87.12121212121212,0.9597648728083494,5.414208234564432,1.0,2.6294998479781047,5.825116263368734,3.2916666666666603
CBraMod,4,23,complete,4x,PhysionetMI,20,86.06293706293707,11.592507593321299,87.31060606060606,-0.22027972027972137,6.07097628302086,0.0,0.7975233100233061,6.18970151173359,0.8522727272727151
CBraMod,4,23,complete,4x,Dreyer2023,16,86.77083333333333,9.61227513824554,89.16666666666666,1.822916666666666,3.9230887066188007,1.25,4.151041666666664,3.5820047601659946,2.999999999999995
CBraMod,4,23,complete,4x,Cho2017,10,68.71666666666667,20.685184356245216,59.08333333333333,3.233333333333329,4.548911143624653,1.5,1.29,3.857301877968294,0.8500000000000001
CBraMod,4,23,complete,4x,pooled,46,82.53823350562483,15.08172831489257,87.12121212121212,1.241182730313163,5.175132281698803,0.18939393939394,2.071024627546364,5.081700729615918,1.6136363636363449
CBraMod,4,37,complete,1x,PhysionetMI,20,84.44085081585081,12.057402770731294,85.03787878787878,1.7065850815850794,6.454406318588892,0.18939393939393,2.887762237762228,4.967178362148847,1.3155594405594302
CBraMod,4,37,complete,1x,Dreyer2023,16,84.94791666666667,9.391035668440727,86.66666666666667,3.64583333333333,5.450747485267328,2.5,6.645833333333329,6.93845297091719,5.208333333333335
CBraMod,4,37,complete,1x,Cho2017,10,67.75,21.06768193756072,58.5,1.3333333333333364,6.594048944425683,0.0,1.8633333333333317,7.200522100411782,0.09999999999999
CBraMod,4,37,complete,1x,pooled,46,80.98877571703657,15.1448719310734,83.33333333333333,2.2999645282253964,6.098977073814573,1.212121212121205,3.9722154656937203,6.3942861689091055,2.2416666666666503
CBraMod,4,37,complete,2x,PhysionetMI,20,81.37062937062936,13.495790282270137,81.48310023310023,3.613927738927737,7.2753869806191,4.16666666666666,2.624679487179483,6.526303349589768,3.606934731934736
CBraMod,4,37,complete,2x,Dreyer2023,16,87.8125,7.685213074469701,90.41666666666666,1.1458333333333306,2.3348209543536482,0.8333333333333349,2.7968749999999973,1.8868376321241782,3.16666666666666
CBraMod,4,37,complete,2x,Cho2017,10,70.05,18.47588518402659,62.74999999999999,1.3833333333333313,6.133318236696393,0.416666666666665,2.8533333333333326,6.823510555153867,3.4999999999999947
CBraMod,4,37,complete,2x,pooled,46,81.15027363940406,14.423783826611286,82.76515151515152,2.27054829228742,5.75466503651795,0.8333333333333349,2.7342809364548466,5.337810112307771,3.33333333333333
CBraMod,4,37,complete,4x,PhysionetMI,20,82.91870629370631,13.124239506858427,82.57575757575758,1.9000582750582722,7.8416332871104455,2.11247086247085,2.110780885780884,5.706931492304356,1.0125291375291299
CBraMod,4,37,complete,4x,Dreyer2023,16,86.77083333333333,8.891709621889374,89.58333333333333,1.8750000000000007,3.695592971013907,1.666666666666675,4.223958333333327,3.7614908822709383,3.7083333333333246
CBraMod,4,37,complete,4x,Cho2017,10,72.75,18.01735274672725,67.25,-0.4333333333333309,4.254409477236528,-0.5,3.508333333333334,2.7279672937107478,3.2499999999999947
CBraMod,4,37,complete,4x,pooled,46,82.04798824364039,13.837793011360858,82.5,1.3840833079963508,5.922283294065033,1.25,3.149614877875745,4.568876500094979,3.026923076923085
CBraMod,4,53,complete,1x,PhysionetMI,20,85.18677156177155,11.871306008593665,83.97435897435896,0.18502331002330924,8.867596379222817,0.0,1.4338286713286694,6.400713802833698,2.15442890442891
CBraMod,4,53,complete,1x,Dreyer2023,16,85.15625,9.022701564305367,85.41666666666667,3.1770833333333317,3.1508192644194972,3.3333333333333353,6.697916666666662,4.373306550561623,5.58333333333333
CBraMod,4,53,complete,1x,Cho2017,10,71.51666666666667,19.126358581616955,65.99999999999999,0.500000000000001,3.865804501581063,0.5,3.1333333333333337,6.762368640471294,2.349999999999995
CBraMod,4,53,complete,1x,pooled,46,82.20439343265433,13.864989996555769,83.33333333333333,1.294213033343467,6.437913680761135,0.83333333333333,3.6342733353602883,6.193886836772232,3.5583333333333202
CBraMod,4,53,complete,2x,PhysionetMI,20,84.30623543123544,15.31267843011412,89.01515151515152,-0.022435897435899577,6.236712775213296,0.0,0.5451631701631701,4.560152867542259,-0.192307692307695
CBraMod,4,53,complete,2x,Dreyer2023,16,85.41666666666666,8.460146220608369,85.83333333333334,3.2812499999999982,2.8458668860881944,3.333333333333325,5.515624999999997,3.3508178589822024,4.874999999999995
CBraMod,4,53,complete,2x,Cho2017,10,73.55,16.971299302056984,67.0,-1.8999999999999981,6.100091074001358,0.0,3.004999999999995,5.374034797058904,1.449999999999995
CBraMod,4,53,complete,2x,pooled,46,82.3541603324212,14.237921087842514,86.2878787878788,0.7185061315496083,5.537844861897728,0.795454545454535,2.808766595723114,4.8155840716005445,2.35151515151516
CBraMod,4,53,complete,4x,PhysionetMI,20,84.25349650349652,13.445572448535806,87.31060606060606,0.0320512820512801,8.032889735147936,0.0,1.8627039627039592,5.331784846865154,2.883741258741245
CBraMod,4,53,complete,4x,Dreyer2023,16,84.27083333333333,8.953971806472872,86.25,3.437499999999997,4.225966906673105,3.7500000000000004,4.994791666666662,4.451432223744691,4.958333333333325
CBraMod,4,53,complete,4x,Cho2017,10,71.81666666666666,19.507904380874265,66.08333333333333,-2.2499999999999956,5.846413905596793,-1.0,-0.014999999999999807,5.1194644902242095,0.3
CBraMod,4,53,complete,4x,pooled,46,81.55586804499848,14.356195041183925,84.07051282051282,0.72045707915273,6.695533064909709,0.0,2.5439292591466467,5.258030510717865,3.333333333333325
CBraMod,4,71,complete,1x,PhysionetMI,20,80.36975524475525,13.887198777550772,83.97727272727273,-0.169580419580418,4.3726057364414945,0.18939393939394,0.19490093240093656,5.632645397687514,0.359848484848485
CBraMod,4,71,complete,1x,Dreyer2023,16,75.05208333333333,8.726655366684815,73.75,4.374999999999999,5.335936864527375,1.66666666666666,3.2447916666666616,3.9942631024359785,2.4999999999999902
CBraMod,4,71,complete,1x,Cho2017,10,67.16666666666667,20.80019586802365,56.00000000000001,1.4666666666666666,5.343046710271969,0.5,1.3866666666666672,3.7196574912015565,0.89999999999999
CBraMod,4,71,complete,1x,pooled,46,75.64989358467619,14.810877274864561,77.08333333333333,1.76684909293605,5.232433261794762,0.91666666666667,1.514811999594608,4.8293885353228445,1.3818181818181798
CBraMod,4,71,complete,2x,PhysionetMI,20,82.25786713286715,13.435792682751439,86.74242424242425,1.991550116550117,8.259921616131752,1.34615384615384,3.6347319347319322,6.549877012762255,2.217074592074585
CBraMod,4,71,complete,2x,Dreyer2023,16,76.66666666666667,9.21954445729289,76.66666666666666,6.6145833333333295,4.177416688000513,6.666666666666654,5.984374999999997,4.278198256751793,5.833333333333325
CBraMod,4,71,complete,2x,Cho2017,10,67.3,20.396350436073384,56.50000000000001,2.9500000000000006,7.754747649737615,2.5,7.494999999999995,9.705910284174506,8.374999999999996
CBraMod,4,71,complete,2x,pooled,46,77.06139150704367,14.865618586815854,78.7878787878788,3.8079203405290354,7.147134551174821,3.704545454545455,5.291187797709535,6.747241053173327,4.8030303030303
CBraMod,4,71,complete,4x,PhysionetMI,20,82.7333916083916,12.025033319011607,82.76515151515152,1.6229603729603737,5.993574572045377,2.4621212121212053,3.328117715617713,4.178786002777737,3.598484848484845
CBraMod,4,71,complete,4x,Dreyer2023,16,81.40625,9.664361554663566,83.33333333333334,4.218749999999995,2.8782188100487587,3.3333333333333353,5.911458333333327,3.5111553377137206,6.291666666666661
CBraMod,4,71,complete,4x,Cho2017,10,69.9,19.77343897476837,59.5,0.08333333333333612,7.620330993102882,0.416666666666665,4.244999999999998,7.2967439465985215,3.7000000000000046
CBraMod,4,71,complete,4x,pooled,46,79.4819093949529,14.028659047723298,82.06293706293705,2.191142191142191,5.668798085124428,3.333333333333325,4.425993209688859,4.8433875365921875,4.549999999999995
