variant,shots,dataset,n_subjects,median_pp,mean_pp,improved_fraction,drop_gt_2pp_fraction,full_mean_pp,recovery,recovery_vs_upper_bound,one_class_subjects
film_offset,5,PhysionetMI,103,-1.6666666667,-1.877135809175728,0.3592233009708738,0.49514563106796117,1.9510036888677664,-0.9621385238200184,-0.436636741603909,0
film_offset,5,Dreyer2023,80,-5.08333333335,-6.161781609199999,0.1375,0.75,3.1737068965517223,-1.9415093485445252,-1.0432303506422589,1
film_offset,5,Cho2017,52,0.5,0.6538461538461539,0.5769230769230769,0.19230769230769232,5.812179487179487,0.11249586412264252,0.11348212100309293,0
film_offset,5,Dreyer+Cho,132,-2.5,-3.4768373389090903,0.3106060606060606,0.5303030303030303,4.213105189829325,-0.825243420767083,-0.5943910669846638,1
film_offset,5,pooled,235,-2.3333333333,-2.775691562047234,0.33191489361702126,0.5148936170212766,3.221630914939791,-0.8615796270061146,-0.5368942739019255,1
film_offset,10,PhysionetMI,103,-0.3787878788,0.026172856267961144,0.47572815533980584,0.36893203883495146,1.9510036888677664,0.013415072672226854,0.006088014849176238,0
film_offset,10,Dreyer2023,80,-2.5,-3.5971623563199993,0.1875,0.575,3.1737068965517223,-1.1334261397075467,-0.6090233611497282,0
film_offset,10,Cho2017,52,1.7000000000000002,2.9929487179480763,0.6923076923076923,0.07692307692307693,5.812179487179487,0.5149443035182529,0.5194588460425892,0
film_offset,10,Dreyer+Cho,132,-0.8333333332999999,-1.0010579937295456,0.38636363636363635,0.3787878787878788,4.213105189829325,-0.23760574413072258,-0.17113827050480204,0
film_offset,10,pooled,235,-0.6896551724,-0.5508248977731915,0.425531914893617,0.37446808510638296,3.221630914939791,-0.17097703378076148,-0.10654452302291433,0
film_offset,20,PhysionetMI,103,0.9090909091,1.5758594156689318,0.6213592233009708,0.20388349514563106,1.9510036888677664,0.8077172916980824,0.36655745264614137,0
film_offset,20,Dreyer2023,80,-0.91666666665,-1.18620689655125,0.4,0.4,3.1737068965517223,-0.37376069536873563,-0.2008326674183297,0
film_offset,20,Cho2017,52,1.18333333335,2.896153846153846,0.5961538461538461,0.1346153846153846,5.812179487179487,0.49829050402558717,0.5026590418548763,0
film_offset,20,Dreyer+Cho,132,-0.2,0.42199582027196963,0.4772727272727273,0.29545454545454547,4.213105189829325,0.10016265943001001,0.0721433076743408,0
film_offset,20,pooled,235,0.303030303,0.9277317791055318,0.5404255319148936,0.2553191489361702,3.221630914939791,0.28796960409137706,0.1794485694046797,0
film_offset,40,Dreyer2023,80,0.5,-0.06285919540000001,0.5125,0.2625,3.1737068965517223,-0.019806238399203258,-0.010642477228139461,0
film_offset,40,Cho2017,52,2.4666666666499997,4.166025641025,0.7115384615384616,0.11538461538461539,5.812179487179487,0.7167751185618172,0.7230591219599026,0
film_offset,40,Dreyer+Cho,132,0.8166666666500001,1.603065134100758,0.5909090909090909,0.20454545454545456,4.213105189829325,0.3804949228349452,0.2740558451903643,0
film_offset,40,pooled,132,0.8166666666500001,1.603065134100758,0.5909090909090909,0.20454545454545456,4.213105189829325,0.3804949228349452,0.2740558451903643,0
lora8,5,PhysionetMI,103,0.7692307692,0.7772761219330097,0.5631067961165048,0.14563106796116504,1.4232240251657722,0.5461375779162958,0.34748671460621905,0
lora8,5,Dreyer2023,80,-0.5,-0.1786637931037499,0.4375,0.175,3.5651580459770087,-0.05011384931589675,-0.03366561261397858,1
lora8,5,Cho2017,52,0.1,0.1929487179480769,0.5,0.19230769230769232,5.597435897435895,0.034470911589555724,0.03046774569048421,0
lora8,5,Dreyer+Cho,132,-0.18333333335000002,-0.03227098571969702,0.4621212121212121,0.18181818181818182,4.365752351097176,-0.007391849817397799,-0.005650529824841218,1
lora8,5,pooled,235,0.2,0.32255178912382976,0.5063829787234042,0.16595744680851063,3.076048446540008,0.10485913818696031,0.07701131978988318,1
lora8,10,PhysionetMI,103,0.7692307692,0.9300472989796116,0.5728155339805825,0.14563106796116504,1.4232240251657722,0.6534792011194505,0.4157841354313425,0
lora8,10,Dreyer2023,80,0.0,-0.09317528735375,0.475,0.1375,3.5651580459770087,-0.026134966852721524,-0.01755701630893866,0
lora8,10,Cho2017,52,0.65,1.2692307692307696,0.5384615384615384,0.1346153846153846,5.597435897435895,0.22675217590471816,0.20041905803042717,0
lora8,10,Dreyer+Cho,132,0.08333333335,0.44353012887651516,0.5,0.13636363636363635,4.365752351097176,0.10159305732572994,0.07766047939241397,0
lora8,10,pooled,235,0.3846153846,0.6567695693897871,0.5319148936170213,0.14042553191489363,3.076048446540008,0.213510801537452,0.15680797019786805,0
lora8,20,PhysionetMI,103,1.2121212121,1.4976689976728157,0.6407766990291263,0.11650485436893204,1.4232240251657722,1.052307276427935,0.6695433770320143,0
lora8,20,Dreyer2023,80,0.5,0.40980603447999997,0.6125,0.2,3.5651580459770087,0.11494750841275907,0.07721973749756333,0
lora8,20,Cho2017,52,0.2,1.3634615384615385,0.5192307692307693,0.21153846153846154,5.597435897435895,0.24358680714612907,0.2152986547629892,0
lora8,20,Dreyer+Cho,132,0.5,0.7854885057454545,0.5757575757575758,0.20454545454545456,4.365752351097176,0.17992053661718146,0.13753612199533527,0
lora8,20,pooled,235,0.8333333332999999,1.0976357000795747,0.6042553191489362,0.16595744680851063,3.076048446540008,0.3568330340549345,0.2620676020453515,0
lora8,40,Dreyer2023,80,1.58333333335,1.6399066091987498,0.75,0.0625,3.5651580459770087,0.4599814617043142,0.30900754802798297,0
lora8,40,Cho2017,52,1.0,2.36025641025577,0.6538461538461539,0.1346153846153846,5.597435897435895,0.42166743014200636,0.3726984705394107,0
lora8,40,Dreyer+Cho,132,1.3333333333,1.9236807732515153,0.7121212121212122,0.09090909090909091,4.365752351097176,0.4406298430478516,0.3368293636048856,0
lora8,40,pooled,132,1.3333333333,1.9236807732515153,0.7121212121212122,0.09090909090909091,4.365752351097176,0.4406298430478516,0.3368293636048856,0
