variant,source,k,dataset,n,nearest_mean,random_mean,median_pp,mean_pp,improved_fraction,p_raw_greater
film_offset,rest,1,PhysionetMI,103,0.7658570394007286,0.7663268834725147,0.7045454545454521,-0.04698440717858207,0.5533980582524272,0.25474592286551456
film_offset,rest,1,Dreyer2023,80,0.7304956896551724,0.7272606321839079,0.05833333333333204,0.32350574712643654,0.5125,0.23889430881552648
film_offset,rest,1,Cho2017,52,0.6035641025641025,0.5927615384615386,0.600000000000003,1.0802564102564107,0.5961538461538461,0.03324749220167733
film_offset,rest,1,Dreyer+Cho,132,0.6804923371647511,0.67427614071752,0.42000000000000004,0.6216196447230931,0.5454545454545454,0.03611008894383898
film_offset,rest,1,pooled,235,0.7179075045277539,0.7146217854143899,0.5606060606060561,0.3285719113364014,0.548936170212766,0.03374500997822361
film_offset,rest,3,PhysionetMI,103,0.794538099441012,0.7946955552538079,0.21538461538461584,-0.015745581279562368,0.5242718446601942,0.3422587660038512
film_offset,rest,3,Dreyer2023,80,0.7485775862068966,0.7468823275862068,0.09166666666666594,0.169525862068965,0.5625,0.11901455245237469
film_offset,rest,3,Cho2017,52,0.6105320512820513,0.6007237179487179,0.5800000000000018,0.9808333333333329,0.5961538461538461,0.030636527805740634
film_offset,rest,3,Dreyer+Cho,132,0.6941960118425636,0.6893046934865901,0.2750000000000021,0.48913183559735246,0.5757575757575758,0.017232921549491888
film_offset,rest,3,pooled,235,0.7381757353431602,0.7354972839632855,0.25757575757575796,0.2678451379874706,0.5531914893617021,0.03710921396347179
film_offset,task,1,PhysionetMI,103,0.772133206599226,0.7663268834725147,1.007575757575756,0.5806323126711471,0.6116504854368932,0.014104043076349727
film_offset,task,1,Dreyer2023,80,0.7341135057471264,0.7272606321839079,1.158333333333335,0.6852873563218379,0.5875,0.026770565231561908
film_offset,task,1,Cho2017,52,0.6007051282051282,0.5927615384615386,0.820000000000002,0.7943589743589746,0.5576923076923077,0.044280519434243056
film_offset,task,1,Dreyer+Cho,132,0.6815586903517938,0.67427614071752,0.9166666666666591,0.7282549634273766,0.5757575757575758,0.004699120720111497
film_offset,task,1,pooled,235,0.7212573081113066,0.7146217854143899,0.9166666666666601,0.6635522696916676,0.5914893617021276,0.00025849466488340935
film_offset,task,3,PhysionetMI,103,0.7934541833570959,0.7946955552538079,-0.3307692307692259,-0.12413718967117053,0.44660194174757284,0.6667601091926896
film_offset,task,3,Dreyer2023,80,0.7533160919540229,0.7468823275862068,0.774999999999997,0.6433764367816077,0.65,0.004024428367447444
film_offset,task,3,Cho2017,52,0.6052820512820513,0.6007237179487179,0.28,0.4558333333333334,0.5576923076923077,0.15711966000639566
film_offset,task,3,Dreyer+Cho,132,0.6949996516893068,0.6893046934865901,0.573333333333333,0.5694958202716816,0.6136363636363636,0.003950365335956619
film_offset,task,3,pooled,235,0.7381520634415718,0.7354972839632855,0.24999999999999997,0.2654779478286442,0.5404255319148936,0.055302934610029116
lora8,rest,1,PhysionetMI,103,0.7839089551225474,0.8010431235431236,-1.2121212121212124,-1.713416842057619,0.4077669902912621,0.9952581400800188
lora8,rest,1,Dreyer2023,80,0.7861602011494252,0.7823954022988506,0.43333333333333296,0.3764798850574703,0.5625,0.1645191340977637
lora8,rest,1,Cho2017,52,0.6329935897435898,0.6275108974358974,1.050000000000003,0.548269230769231,0.5961538461538461,0.06443979304778381
lora8,rest,1,Dreyer+Cho,132,0.7258218390804598,0.7213802943225358,0.851666666666663,0.4441544757924064,0.5757575757575758,0.040714125712809815
lora8,rest,1,pooled,235,0.7512812984520981,0.7562963428745381,0.016666666666672048,-0.5015044422439877,0.502127659574468,0.7311922614963442
lora8,rest,3,PhysionetMI,103,0.8084145789485596,0.8120581505872769,-0.378787878787878,-0.36435716387172706,0.42718446601941745,0.9665740369329597
lora8,rest,3,Dreyer2023,80,0.8040818965517241,0.8051559985632185,-0.3999999999999971,-0.10741020114942504,0.4375,0.7134797070365463
lora8,rest,3,Cho2017,52,0.6506346153846155,0.6451442307692308,0.339999999999998,0.549038461538461,0.5961538461538461,0.0476068920901756
lora8,rest,3,Dreyer+Cho,132,0.7436329676071055,0.7421210597352839,0.010000000000002073,0.15119078718216655,0.5,0.2578065016987427
lora8,rest,3,pooled,235,0.7720266100248492,0.7727743378533913,-0.100000000000008,-0.07477278285422079,0.46808510638297873,0.7801839646096373
lora8,task,1,PhysionetMI,103,0.7984928825220086,0.8010431235431236,-0.113636363636372,-0.2550241021114814,0.47572815533980584,0.6510704167822298
lora8,task,1,Dreyer2023,80,0.7869403735632183,0.7823954022988506,0.524999999999995,0.45449712643678053,0.575,0.10663137755953705
lora8,task,1,Cho2017,52,0.6297820512820512,0.6275108974358974,0.42,0.22711538461538464,0.5384615384615384,0.12639855704609915
lora8,task,1,Dreyer+Cho,132,0.7250295193312435,0.7213802943225358,0.446666666666665,0.3649225008707761,0.5606060606060606,0.049062491037501134
lora8,task,1,pooled,235,0.7572283551127278,0.7562963428745381,0.18939393939392998,0.09320122381897816,0.5234042553191489,0.17997256129640454
lora8,task,3,PhysionetMI,103,0.812984361916401,0.8120581505872769,0.030303030303027927,0.09262113291239432,0.5048543689320388,0.3762064804006448
lora8,task,3,Dreyer2023,80,0.809104525862069,0.8051559985632185,0.4583333333333331,0.39485272988505676,0.5625,0.03914308990694354
lora8,task,3,Cho2017,52,0.6453141025641026,0.6451442307692308,0.20833333333333406,0.016987179487179396,0.5769230769230769,0.3014465682258114
lora8,task,3,Dreyer+Cho,132,0.7445810257749913,0.7421210597352839,0.2450000000000011,0.2459966039707415,0.5681818181818182,0.0465218290576616
lora8,task,3,pooled,235,0.7745620624667581,0.7727743378533913,0.21666666666666595,0.17877246133665736,0.5404255319148936,0.07147475011939164
