model,point,dataset,N,G_BA_mean_percent,G_BA_median_percent,G_BA_SD_percent,own_ba_mean_percent,own_ba_median_percent,own_ba_SD_percent,swap_ba_mean_percent,swap_ba_median_percent,swap_ba_SD_percent,own_minus_G_N,own_minus_G_mean_pp,own_minus_G_median_pp,own_minus_G_SD_pp,own_minus_G_improved_fraction,own_minus_G_drop_gt_2pp_fraction,own_minus_G_p_raw_descriptive,own_minus_G_improve_gt_2pp_fraction,own_minus_swap_N,own_minus_swap_mean_pp,own_minus_swap_median_pp,own_minus_swap_SD_pp,own_minus_swap_improved_fraction,own_minus_swap_drop_gt_2pp_fraction,own_minus_swap_p_raw_descriptive,own_minus_swap_improve_gt_2pp_fraction,swap_original_three_slot_Holm,swap_diagnostic1_pass
REVE,1x,Cho2017,52,69.76858974358974,65.01666666666665,13.627304088063926,73.12115384615385,68.05000000000001,13.464042371693596,68.73846153846154,64.01,13.604455992764214,52,3.3525641025653847,2.6,4.472030464709221,0.8269230769230769,0.0,1.2658430589567863e-08,0.5769230769230769,52,4.382692307692308,3.4799999999999995,4.556085591919589,0.9807692307692307,0.0,2.5709612439104564e-10,0.6538461538461539,,
REVE,1x,Dreyer2023,80,83.9122485632184,83.25,8.367443134785617,89.29371408045978,89.08333333333334,6.413887602281829,82.04248922413792,82.20833333333334,8.544767126179014,80,5.381465517242501,4.6666666667,4.725463888309083,0.925,0.0125,6.750505635557292e-14,0.725,80,7.2512248563225,6.775,4.910678510481859,0.9875,0.0,4.394531786771286e-15,0.9,,
REVE,1x,PhysionetMI,103,84.7092696947066,86.74242424242425,11.20436476286411,86.25745128657748,88.25757575757575,10.70344139275429,83.66398375087695,86.18181818181817,11.13087830052928,103,1.5481815918689321,0.9848484848,3.315598108479549,0.6407766990291263,0.10679611650485436,1.2578316110150792e-05,0.3592233009708738,103,2.5934675356990287,2.3863636364,3.052855915249276,0.8640776699029126,0.02912621359223301,1.542837899595041e-13,0.5436893203883495,,
REVE,1x,pooled,235,81.13192055437837,82.0,12.482108713130467,84.38431748491176,87.27272727272727,11.887456062527741,79.80931686923982,80.86666666666666,12.428825801675314,235,3.252396930533191,2.4242424242,4.418121423261205,0.7787234042553192,0.05106382978723404,2.1012732785318983e-24,0.5319148936170213,235,4.575000615671489,3.5000000000000004,4.5730895990234055,0.9319148936170213,0.01276595744680851,4.5950152195453646e-36,0.6893617021276596,1.3785045658636094e-35,True
REVE,2x,Cho2017,52,69.67564102564103,64.9,13.841063460131616,73.66794871794872,69.21666666666665,13.648553214903906,69.51846153846154,64.52499999999999,13.654096330637733,52,3.9923076923076923,2.1999999999999997,5.238643138635103,0.8461538461538461,0.0,2.3101914188320826e-09,0.5384615384615384,52,4.149487179486537,2.64,5.334310056993906,0.8461538461538461,0.0,4.315174597096746e-09,0.5769230769230769,,
REVE,2x,Dreyer2023,80,85.74568965517241,85.41666666666666,7.650338277666531,89.83717672413792,90.25,6.261414683870551,83.32954382183908,83.74166666666666,8.016583407124529,80,4.0914870689675,3.58333333335,3.9294671393124236,0.925,0.0125,2.309674778080025e-13,0.625,80,6.50763290229375,5.64166666665,4.557677518914046,1.0,0.0,3.922340937916429e-15,0.8625,,
REVE,2x,PhysionetMI,103,84.8661370991468,86.89393939393939,10.792916485778488,86.05190440627332,88.18181818181819,10.41752164830387,83.79549980763574,85.20454545454544,10.989646878265887,103,1.1857673071271846,0.7692307692,3.590205817701557,0.5728155339805825,0.0970873786407767,0.0003853001423500698,0.32038834951456313,103,2.256404598636894,1.7692307692,3.3284610117981903,0.8155339805825242,0.05825242718446602,9.09604038782775e-11,0.47572815533980584,,
REVE,2x,pooled,235,81.80425798706062,84.16666666666666,12.426449005733541,84.60022819195967,86.8,11.747531718956008,80.47770206780257,81.96969696969697,12.218420406728443,235,2.7959702049,1.8333333333,4.341172392948478,0.7531914893617021,0.04680851063829787,5.034842376935549e-22,0.4723404255319149,235,4.122526124154893,3.1,4.63914360082087,0.8851063829787233,0.02553191489361702,4.355363370229853e-33,0.6297872340425532,1.306609011068956e-32,True
REVE,4x,Cho2017,52,69.90064102564102,65.60000000000001,12.592063569586443,72.29102564102564,67.10000000000001,12.485662566861818,69.34243589743592,65.22999999999999,12.459938471635528,52,2.3903846153846158,1.0999999999999999,4.09830368510587,0.7115384615384616,0.019230769230769232,5.98134447211143e-06,0.3269230769230769,52,2.948589743588461,2.23,3.6847523275123835,0.8461538461538461,0.0,1.750617178273296e-08,0.5576923076923077,,
REVE,4x,Dreyer2023,80,82.70466954022989,82.74999999999999,8.34139946343915,85.86810344827586,86.25,7.724307778361306,81.13013290229884,80.7,8.238941860901667,80,3.1634339080487504,1.7500000000000002,3.7142478336874487,0.9125,0.0,5.0671623262599544e-14,0.475,80,4.73797054597875,3.7916666667,4.016471348069339,1.0,0.0,3.922686900298968e-15,0.775,,
REVE,4x,PhysionetMI,103,82.55980265689004,84.09090909090911,10.971291014477861,82.73775092221697,83.86363636363636,10.944504846519166,81.32099712585149,82.5909090909091,10.954461698352286,103,0.1779482653300971,0.0,2.8034834450193635,0.47572815533980584,0.1553398058252427,0.19245886195631456,0.24271844660194175,103,1.41675379636699,1.2878787879,3.0789218997639485,0.7087378640776699,0.07766990291262135,5.615075166188432e-07,0.3786407766990291,,
REVE,4x,pooled,235,79.80794285196339,80.75757575757576,11.769923149699299,81.49178703907977,83.33333333333333,11.50545630928175,78.60544682048204,79.68333333333332,11.556541110933443,235,1.6838441871187235,1.0,3.688047046070212,0.676595744680851,0.07234042553191489,3.201655958798044e-13,0.3404255319148936,235,2.8863402185987237,2.2399999999999998,3.8290087115651463,0.8382978723404255,0.03404255319148936,4.090940278188932e-28,0.5531914893617021,1.2272820834566796e-27,True
LaBraM,1x,Cho2017,52,60.70320512820513,53.900000000000006,15.026586836863915,66.07820512820513,58.4,16.418452189971987,61.298525641025634,54.92,14.581506184898894,52,5.375,3.38333333335,6.447849703212019,0.9038461538461539,0.0,1.1155246975488615e-09,0.6730769230769231,52,4.779679487178846,2.9499999999999997,6.309650569501205,0.8269230769230769,0.019230769230769232,7.771746969230129e-09,0.6346153846153846,,
LaBraM,1x,Dreyer2023,80,83.17018678160919,83.66666666666667,8.064761152696457,87.0847341954023,87.16666666666667,7.015559056166337,81.67883261494254,81.95747126436783,8.103423231006172,80,3.914547413795,3.0,3.787508045756444,0.9,0.0125,1.262910528667022e-13,0.6875,80,5.405901580465001,4.31666666665,3.7012532273062413,1.0,0.0,3.923724958696757e-15,0.8875,,
LaBraM,1x,PhysionetMI,103,82.29417023106343,83.40909090909092,12.038059675955186,83.8180007694571,86.66666666666666,12.265115798596808,81.47091904858894,81.54545454545455,11.49446591915847,103,1.5238305383912623,0.9090909091,3.6334804296058865,0.6407766990291263,0.13592233009708737,5.526246276319322e-05,0.36893203883495146,103,2.3470817208679615,2.0909090909,3.7859734398323486,0.7669902912621359,0.13592233009708737,1.722278928105506e-08,0.5048543689320388,,
LaBraM,1x,pooled,235,77.81481337444653,81.13636363636363,14.76630663573329,81.00467864490608,85.16666666666666,14.372696789441994,77.07801959375912,79.5,14.041510898477439,235,3.189865270459149,2.4242424242,4.703338157612431,0.7872340425531915,0.06382978723404255,3.656737569326825e-24,0.5446808510638298,235,3.9266590511485107,3.1742424242,4.643048038551227,0.8595744680851064,0.06382978723404255,3.962623803470614e-30,0.6638297872340425,1.1887871410411843e-29,True
LaBraM,2x,Cho2017,52,62.17564102564103,54.900000000000006,14.710068159105075,67.56474358974359,60.3,15.902571575743202,62.75916666666668,55.87,15.002855107726736,52,5.389102564101922,4.199999999999999,5.565704668760265,0.9423076923076923,0.019230769230769232,9.203109973640865e-10,0.75,52,4.805576923078847,3.58,4.633710979161648,0.9423076923076923,0.0,2.63327171853717e-10,0.6730769230769231,,
LaBraM,2x,Dreyer2023,80,83.47079741379311,84.83333333333334,8.417805378896286,87.41379310344828,88.05172413793103,7.060834367320624,83.06381106321841,83.63333333333334,7.861164593854489,80,3.9429956896524994,3.4166666666500007,3.678235924787623,0.925,0.0,4.6237908893169305e-14,0.6,80,4.3499820402300005,3.46666666665,3.2963891364802054,0.975,0.0,7.170010753670348e-15,0.8125,,
LaBraM,2x,PhysionetMI,103,82.77915450245547,84.62121212121212,11.885984790224239,83.88260121755268,86.07692307692307,11.733697615295911,81.61424174530968,82.10606060606061,11.548667836322801,103,1.1034467151029121,0.9090909091,3.8493881663201455,0.5728155339805825,0.23300970873786409,0.003482265115888287,0.4077669902912621,103,2.26835947224466,2.0303030303,3.8077570015245072,0.7572815533980582,0.13592233009708737,2.013637443715486e-08,0.5048543689320388,,
LaBraM,2x,pooled,235,78.45553208591359,81.21212121212122,14.435725492218761,81.47394910787426,84.66666666666667,13.768494684997437,77.93552532549377,80.68333333333332,13.93512075605446,235,3.018417021962128,2.5757575758,4.575303947096152,0.774468085106383,0.10638297872340426,1.4049273067769972e-20,0.548936170212766,235,3.538423782381703,2.8666666667,3.9950256025176394,0.8723404255319149,0.059574468085106386,9.006719014232056e-30,0.6468085106382979,2.702015704269617e-29,True
LaBraM,4x,Cho2017,52,62.49358974358975,55.7,14.784040206017396,68.61217948717949,62.26666666666667,15.455068094227798,63.70801282051281,57.330000000000005,14.770789496006783,52,6.118589743588462,4.3,6.395199770708526,0.9423076923076923,0.019230769230769232,8.80422092506546e-10,0.7307692307692307,52,4.904166666667307,3.39,5.722373240281053,0.9230769230769231,0.0,8.98257003821684e-10,0.6346153846153846,,
LaBraM,4x,Dreyer2023,80,84.34454022988508,85.08333333333333,7.907921251583759,87.64770114942529,87.91666666666667,6.873523340453567,83.60131465517242,84.08333333333333,7.808980135700126,80,3.3031609195412504,2.5431034483,3.1461959508825292,0.9375,0.0,1.2914861223958355e-14,0.575,80,4.046386494253749,3.28333333335,3.0031424080922577,1.0,0.0,3.923032891221755e-15,0.7875,,
LaBraM,4x,PhysionetMI,103,82.47521895580148,84.77272727272727,12.175197026382833,83.6835041980673,86.74242424242425,12.243806148400072,81.14890239210628,81.96969696969697,11.598070143783398,103,1.2082852422708739,0.303030303,4.483141191441551,0.5825242718446602,0.1553398058252427,0.01013893197745167,0.2815533980582524,103,2.5346018059582534,2.1287878788000003,4.405040381877705,0.7475728155339806,0.10679611650485436,1.3617900080560795e-08,0.5242718446601942,,
LaBraM,4x,pooled,235,78.69011675534051,82.33333333333333,14.453250017913563,81.69808662846081,85.16666666666669,13.610496486352256,78.12450547007407,80.08333333333333,13.68357016660843,235,3.007969873122553,1.9696969697000002,4.9620738358642145,0.7829787234042553,0.07234042553191489,3.2392161550246505e-21,0.4808510638297872,235,3.5735811583859576,2.9393939394,4.425496297518277,0.8723404255319149,0.04680851063829787,8.37501891228852e-30,0.6382978723404256,2.512505673686556e-29,True
CBraMod,1x,Cho2017,52,64.16089743589744,58.8,15.045321106451864,69.29038461538462,64.1,15.877628904572166,62.86134615384616,57.28,14.643437282646884,52,5.129487179486538,3.5000000000000004,8.102084655612293,0.7692307692307693,0.09615384615384616,1.1755555693478562e-06,0.5961538461538461,52,6.429038461538459,4.3,8.493739571669362,0.8653846153846154,0.07692307692307693,5.230676728723553e-08,0.6346153846153846,,
CBraMod,1x,Dreyer2023,80,80.37363505747128,80.41666666666667,8.456404459311347,83.95348419540231,83.74999999999999,7.852518057536169,78.67725574712644,78.76666666666667,8.209856260797366,80,3.57984913793125,3.2916666666500003,2.9945380832028192,0.875,0.0,1.4897660404997995e-13,0.6875,80,5.276228448273749,4.891666666650001,2.9446991864595895,1.0,0.0,3.923724958696757e-15,0.8625,,
CBraMod,1x,PhysionetMI,103,80.9944893294408,82.07692307692307,11.69727577853599,82.62634937877658,86.07692307692307,12.521636609224224,80.0723697014959,81.9090909090909,11.645459760356939,103,1.6318600493368935,0.9848484848,4.592216516206594,0.6019417475728155,0.20388349514563106,0.0007340310577375334,0.4174757281553398,103,2.5539796772815535,1.8712121212,4.353379826683038,0.7378640776699029,0.13592233009708737,5.736112503308364e-08,0.47572815533980584,,
CBraMod,1x,pooled,235,77.0582547753054,79.0909090909091,13.441081738591553,80.12720307083477,82.75,13.340114608300352,75.78904059159231,78.21666666666667,13.291790486964612,235,3.0689482955297875,2.6,5.335596595269421,0.7319148936170212,0.11063829787234042,3.6843071842380655e-18,0.548936170212766,235,4.338162479242127,3.5333333333,5.43927567832772,0.8553191489361702,0.07659574468085106,1.5761530327319478e-28,0.6425531914893617,4.728459098195844e-28,True
CBraMod,2x,Cho2017,52,65.5051282051282,60.3,15.161603528382761,70.32948717948717,64.8,15.415625513468791,63.85391025641025,58.589999999999996,14.478132405848726,52,4.8243589743596145,1.5,8.71390623603446,0.7115384615384616,0.07692307692307693,1.5121700889572236e-05,0.4423076923076923,52,6.475576923076923,5.21333333335,8.250649534637953,0.8269230769230769,0.038461538461538464,1.15767835097763e-08,0.7115384615384616,,
CBraMod,2x,Dreyer2023,80,82.17823275862071,82.58333333333331,8.30322266673285,85.10524425287356,84.99999999999999,8.011373000757532,80.3998742816092,80.575,8.182456485671784,80,2.9270114942537497,2.5,2.9261280445044244,0.8875,0.0375,5.516835768688106e-12,0.575,80,4.705369971266251,4.4416666667,3.0265100422370037,0.975,0.0125,1.1224080595676167e-14,0.85,,
CBraMod,2x,PhysionetMI,103,81.02326476112883,82.65151515151516,11.88302295157413,81.96515943603323,85.45454545454545,12.65701369234461,79.70255165546429,80.72727272727272,11.45451826822808,103,0.9418946749067961,0.7575757576,5.146578400440217,0.5436893203883495,0.27184466019417475,0.0712581630227388,0.36893203883495146,103,2.262607780565048,1.9318181818000002,4.525840143301585,0.6796116504854369,0.14563106796116504,2.0861582020619776e-06,0.4854368932038835,,
CBraMod,2x,pooled,235,77.98264492660678,80.33333333333333,13.401981268489655,80.45942253393464,83.83333333333333,13.208830864181973,76.43300466542507,79.09848484848486,13.066364788321696,235,2.4767776073293617,1.6,5.772061990783492,0.6978723404255319,0.14893617021276595,5.69079534567087e-12,0.4553191489361702,235,4.026417868508511,3.4000000000000004,5.45136784537755,0.8127659574468085,0.07659574468085106,3.196160355931399e-26,0.6595744680851063,9.588481067794198e-26,True
CBraMod,4x,Cho2017,52,66.76346153846153,60.74999999999999,14.478679780109868,71.01923076923077,66.8,14.986658331228703,64.79403846153846,59.32999999999999,14.382741523833731,52,4.255769230769232,2.5,7.17572681949136,0.7692307692307693,0.07692307692307693,7.080983285215797e-07,0.5192307692307693,52,6.225192307692307,3.9800000000000004,7.540447950884033,0.8846153846153846,0.038461538461538464,4.570715911762431e-09,0.6923076923076923,,
CBraMod,4x,Dreyer2023,80,82.20955459770114,82.0,8.417693430887102,85.29719827586206,85.66666666666667,7.731857867368765,80.9634698275862,80.75833333333333,8.254777866078392,80,3.08764367816375,2.3333333333,3.0955071218210657,0.8625,0.0125,2.557035365237728e-12,0.5875,80,4.3337284482775,3.975,2.9499848338896673,0.95,0.0,9.143371163669882e-15,0.75,,
CBraMod,4x,PhysionetMI,103,80.98328693959763,82.34848484848484,11.574907747193619,81.74257134451307,83.63636363636363,12.19994194059158,79.71460497431372,80.62121212121212,11.191615404606308,103,0.7592844049126216,0.22727272730000003,4.551073788464693,0.5242718446601942,0.23300970873786409,0.06384921917073427,0.4077669902912621,103,2.0279663701951454,1.7424242424,3.9056626938725887,0.7184466019417476,0.14563106796116504,1.367352271583891e-06,0.4854368932038835,,
CBraMod,4x,pooled,235,78.25422520253042,80.5,12.883343003099007,80.57983281086729,83.33333333333334,12.748635088144129,76.83817829174983,79.18333333333334,12.821216060749238,235,2.325607608336596,2.0,5.058869978987928,0.6936170212765957,0.12340425531914893,2.1912807442533343e-13,0.49361702127659574,235,3.7416545191161705,3.2333333333,4.97620663116588,0.8340425531914893,0.07234042553191489,1.1718036434193016e-26,0.6212765957446809,3.515410930257905e-26,True
