condition,dataset,b0_mean,ba_mean,ba_sd,n,median_pp,mean_pp,sd_pp,improved_fraction,drop_gt_2pp_fraction,statistic,p_raw,ba_all_mean,ba_all_sd,median_pp_all,mean_pp_all,sd_pp_all,improved_fraction_all,drop_gt_2pp_fraction_all,statistic_all,p_raw_all,p_holm_diagnostic
B0,PhysionetMI,0.7184186525448659,0.7184186525448659,0.12817678404349298,103,0.0,0.0,0.0,0.0,0.0,0.0,1.0,0.7266127322796806,0.10263976676130376,0.0,0.0,0.0,0.0,0.0,0.0,1.0,1.0
B0,Dreyer2023,0.7119457614942528,0.7119457614942528,0.08571000855723146,80,0.0,0.0,0.0,0.0,0.0,0.0,1.0,0.7182222253196551,0.07968352534374584,0.0,0.0,0.0,0.0,0.0,0.0,1.0,1.0
B0,Cho2017,0.6422435897435897,0.6422435897435897,0.15523202277533482,52,0.0,0.0,0.0,0.0,0.0,0.0,1.0,0.6349839743589745,0.1381695158043924,0.0,0.0,0.0,0.0,0.0,0.0,1.0,1.0
B0,Dreyer+Cho,0.6844873301985371,0.6844873301985371,0.12239372236554788,132,0.0,0.0,0.0,0.0,0.0,0.0,1.0,0.6854313991836294,0.11370228044848979,0.0,0.0,0.0,0.0,0.0,0.0,1.0,1.0
B0,pooled,0.6993593565886304,0.6993593565886304,0.12582730422795807,235,0.0,0.0,0.0,0.0,0.0,0.0,1.0,0.7034810898597708,0.11067536075994668,0.0,0.0,0.0,0.0,0.0,0.0,1.0,1.0
B1a,PhysionetMI,0.7184186525448659,0.6100242152669337,0.10876782427986452,103,-11.2878787879,-10.839443727794173,13.378137609121016,0.21359223300970873,0.7475728155339806,689.5,6.06821827978507e-11,0.6100470498264927,0.08964990601896909,-12.3517786561,-11.656568245316507,9.819318938546875,0.07766990291262135,0.8446601941747572,298.5,4.941855795793862e-15,3.762295333466743e-09
B1a,Dreyer2023,0.7119457614942528,0.7033613505747127,0.09523625856153205,80,-0.75,-0.8584410919487501,6.097369225549718,0.4375,0.45,1324.5,0.1563664072468533,0.710995497881356,0.08774419876857951,-1.0833333333,-0.7226727438312499,4.918718101220012,0.45,0.375,1378.5,0.24671308540421177,1.0
B1a,Cho2017,0.6422435897435897,0.6229871794871795,0.10867506606815126,52,0.1,-1.9256410256423075,9.311614822628849,0.5,0.40384615384615385,560.0,0.45431132565528154,0.614897435897436,0.08909102315744172,-0.8,-2.0086538461538463,8.759022419851933,0.4807692307692308,0.40384615384615385,605.5,0.4469755083747733,1.0
B1a,Dreyer+Cho,0.6844873301985371,0.6716987983281086,0.10780380579244139,132,-0.4166666666500001,-1.2788531870401516,7.513328009009832,0.4621212121212121,0.4318181818181818,3612.0,0.13361699609877267,0.6731386855846602,0.09977300738409023,-1.0416666666499999,-1.2292713598977272,6.697482433490169,0.4621212121212121,0.38636363636363635,3801.5,0.18207139370586645,1.0
B1a,pooled,0.6993593565886304,0.6446669597949128,0.11226513533564678,235,-3.8,-5.469239679370638,11.498537197460172,0.35319148936170214,0.5702127659574469,7135.0,2.857308648658676e-10,0.6454857558693782,0.10030169385031015,-3.8735177866000003,-5.799533399038723,9.696557506423574,0.2936170212765957,0.5872340425531914,5843.0,1.4788218139898e-14,1.6000928432488583e-08
B1c,PhysionetMI,0.7184186525448659,0.5999848371693032,0.09959845084411272,103,-10.6818181818,-11.843381537553398,12.685065864104942,0.1553398058252427,0.7864077669902912,491.5,6.317831940461618e-13,0.6041740674549876,0.08208699884674493,-11.778656126500001,-12.243866482468931,9.320511217779675,0.06796116504854369,0.8737864077669902,171.0,1.6128669080196421e-16,4.991087232964679e-11
B1c,Dreyer2023,0.7119457614942528,0.7115607040229885,0.09144229937199339,80,0.3333333333,-0.038505747127500004,6.023291806334023,0.5125,0.425,1610.0,0.9617408302291445,0.716446383437407,0.08487942590510147,-0.08333333335,-0.1775841882274999,4.978113092603231,0.4875,0.3875,1540.0,0.8450074773921904,1.0
B1c,Cho2017,0.6422435897435897,0.626826923076923,0.1151373810534055,52,-0.2,-1.5416666666673078,8.913891816724325,0.4423076923076923,0.38461538461538464,575.5,0.549464639572656,0.6205064102564102,0.09622637480778105,-0.5499999999999999,-1.4477564102576925,7.947881035244096,0.46153846153846156,0.38461538461538464,611.0,0.625939664415923,1.0
B1c,Dreyer+Cho,0.6844873301985371,0.6781807297109022,0.10922818023604766,132,-0.08333333335,-0.6306600487643939,7.304533037963607,0.48484848484848486,0.4090909090909091,4075.0,0.6714970264801854,0.6786518485479234,0.10081623548337834,-0.1666666667,-0.6779550635727273,6.31863910754512,0.4772727272727273,0.38636363636363635,4059.0,0.6446079921341712,1.0
B1c,pooled,0.6993593565886304,0.6439076363841587,0.11187067151436222,235,-3.5999999999999996,-5.545172020446382,11.44971187947718,0.3404255319148936,0.574468085106383,7007.5,1.2748401890760574e-10,0.6460083955582536,0.09999351929287752,-3.9166666667,-5.747269430152765,9.658807994459991,0.2978723404255319,0.6,5727.5,1.6824240819428872e-14,7.77652515336395e-09
B2_T3A,PhysionetMI,0.7184186525448659,0.6612207210265465,0.11816633585047638,103,-5.0757575758,-5.719793151829125,6.787466606866575,0.17475728155339806,0.6407766990291263,468.5,6.624198942803116e-12,0.6680595909648254,0.10611571805529578,-4.743083004,-5.855314131484466,6.21605110927074,0.1262135922330097,0.7087378640776699,298.5,3.0393478387201397e-14,4.57069727053415e-10
B2_T3A,Dreyer2023,0.7119457614942528,0.6646896551724139,0.08617904763811954,80,-3.08333333335,-4.725610632182501,6.474876844004389,0.1125,0.6125,113.5,1.8118055282139276e-12,0.6712744944989593,0.08434191991727921,-3.0,-4.69477308206875,6.1575208516607205,0.1125,0.7125,94.5,5.886096790705728e-13,1.3588541461604458e-10
B2_T3A,Cho2017,0.6422435897435897,0.5727628205128206,0.09225554960932586,52,-2.5,-6.948076923076924,10.735627598466637,0.17307692307692307,0.5576923076923077,103.5,1.0962298663067218e-06,0.5717788461538462,0.08131437098915228,-2.65,-6.320512820511539,9.648224810692767,0.23076923076923078,0.5576923076923077,107.5,1.9125008692023387e-07,4.7137884251189034e-05
B2_T3A,Dreyer+Cho,0.6844873301985371,0.6284760536398467,0.09912229245472645,132,-3.0,-5.601127655868182,8.446328821653346,0.13636363636363635,0.5909090909090909,457.5,1.5621687002706563e-17,0.6320792390902784,0.09615370798580078,-2.875,-5.335216009334091,7.729237543398167,0.1590909090909091,0.6515151515151515,406.0,5.525316714250638e-19,1.4215735172462971e-15
B2_T3A,pooled,0.6993593565886304,0.6428279716859321,0.10886738342892012,235,-3.5999999999999996,-5.653138490268085,7.7474909181573155,0.15319148936170213,0.6127659574468085,2009.5,4.40311313662701e-27,0.6478493507629521,0.10200216776259352,-3.3333333333,-5.5631739096808515,7.096087614791211,0.14468085106382977,0.676595744680851,1465.0,3.191713550874767e-31,4.271019742528199e-25
B3_film,PhysionetMI,0.7184186525448659,0.7898076357299659,0.12238857112242307,103,6.5909090909,7.138898318510679,8.613000416241771,0.7961165048543689,0.1262135922330097,559.5,8.517614288010493e-12,0.7933995703888065,0.10741953293561983,7.6482213438999995,6.678683810911651,7.046843949918942,0.8058252427184466,0.1262135922330097,471.5,3.8929954615883467e-13,5.621625430086926e-10
B3_film,Dreyer2023,0.7119457614942528,0.7545880028735632,0.08384588257447378,80,4.25,4.26422413792625,3.495188304605807,0.9,0.0375,131.5,9.316907892133611e-13,0.7590870688373477,0.08229262883258433,3.875,4.0864843517675,3.047041451121838,0.925,0.025,83.0,1.6766049671563727e-13,7.174019076942881e-11
B3_film,Cho2017,0.6422435897435897,0.5922564102564103,0.14837413135619829,52,-4.199999999999999,-4.99871794871923,5.399108138803297,0.15384615384615385,0.6923076923076923,86.0,6.32322524433968e-08,0.5900160256410256,0.13180914050352574,-3.45,-4.49679487179423,4.387688309102571,0.09615384615384616,0.6538461538461539,38.0,3.0460968998771495e-09,3.1616126221698396e-06
B3_film,Dreyer+Cho,0.6844873301985371,0.6906391936607454,0.13838248850161097,132,1.36666666665,0.615186346217424,6.273551548914985,0.6060606060606061,0.29545454545454547,3518.0,0.06440494342505007,0.6924833245478874,0.13313344484377743,1.5833333333000001,0.7051925364249998,5.551370405988424,0.5984848484848485,0.2727272727272727,3419.5,0.027661806447565586,1.0
B3_film,pooled,0.6993593565886304,0.7341045108229995,0.14029026329044045,235,3.1666666667,3.474515423435319,8.05558281360686,0.6893617021276596,0.22127659574468084,7027.0,2.3158999521926847e-10,0.7367147003845456,0.1321758827266081,3.25,3.323361052476595,6.908023804221903,0.6893617021276596,0.20851063829787234,6619.0,3.770434357429657e-12,1.343221972271757e-08
B3_lora,PhysionetMI,0.7184186525448659,0.809179396655125,0.11886936810653079,103,7.7272727273,9.076074411023301,8.426806525469326,0.8932038834951457,0.06796116504854369,218.0,8.977706006237642e-16,0.8106571351822511,0.10477197645234068,8.774703557299999,8.40444029025728,6.827243161381603,0.8640776699029126,0.06796116504854369,230.0,8.029988597360572e-16,7.990158345551501e-14
B3_lora,Dreyer2023,0.7119457614942528,0.7998139367816093,0.08328995105114284,80,8.91666666665,8.786817528735,4.229506350654173,1.0,0.0,0.0,7.830164633617379e-15,0.8069394606749926,0.08107550417583047,9.16666666665,8.871723535533748,3.673127538131445,1.0,0.0,0.0,7.842606443976822e-15,6.653291950817871e-13
B3_lora,Cho2017,0.6422435897435897,0.6348653846153846,0.15468792477888565,52,-0.8,-0.7378205128211537,3.7289074421660358,0.36538461538461536,0.3076923076923077,483.5,0.19924650774629804,0.6313782051282051,0.13845927850184406,-0.25,-0.3605769230769231,3.056531683975039,0.4230769230769231,0.3269230769230769,584.0,0.4589276993635054,1.0
B3_lora,Dreyer+Cho,0.6844873301985371,0.7348342041100662,0.14157918355690716,132,4.6333333333499995,5.034687391152272,6.166497759900993,0.75,0.12121212121212122,1029.5,1.0426671277087445e-13,0.7377789660656521,0.13726771013550967,5.45,5.234756688202272,5.6814447852696786,0.7727272727272727,0.12878787878787878,891.5,3.19418092193134e-15,8.341337021669956e-12
B3_lora,pooled,0.6993593565886304,0.7674195438213046,0.13692099579574915,235,6.3333333333,6.806018723265956,7.501975475918793,0.8127659574468085,0.09787234042553192,2203.5,3.4337739936524703e-28,0.7697213125295232,0.12902181918631514,6.9367588933,6.624022266975318,6.393151527016136,0.8127659574468085,0.10212765957446808,1988.5,7.98385913350271e-30,3.365098513779421e-26
B4_film,PhysionetMI,0.7184186525448659,0.7885557969538552,0.1203846900910046,103,6.1363636364000005,7.013714440898057,8.580587612944521,0.8058252427184466,0.13592233009708737,574.5,7.384175141406011e-12,0.7935396828442417,0.10468408014096557,7.380952381,6.692695056462136,6.9010035617560295,0.8058252427184466,0.08737864077669903,434.0,1.552365492023487e-13,5.021239096156087e-10
B4_film,Dreyer2023,0.7119457614942528,0.7513290229885057,0.08342932072508616,80,4.208333333350001,3.9383261494224997,3.506949027005933,0.8625,0.0375,169.0,5.329575362416651e-12,0.7563067201903062,0.08284048685749075,3.75,3.8084494870650007,3.0332972047578886,0.9125,0.025,111.5,4.639562373567687e-13,3.7307027536916556e-10
B4_film,Cho2017,0.6422435897435897,0.5906153846153847,0.1451306283296874,52,-4.9,-5.16282051281923,5.512618339037912,0.11538461538461539,0.6923076923076923,72.0,3.0201156300085136e-08,0.5880769230769232,0.13058855567443717,-3.75,-4.690705128203845,4.575910701959258,0.09615384615384616,0.6923076923076923,60.5,1.0403032746540438e-08,1.540258971304342e-06
B4_film,Dreyer+Cho,0.6844873301985371,0.6880175896900035,0.1364233531950544,132,1.08333333335,0.35302594914545427,6.258954544912047,0.5681818181818182,0.29545454545454547,3714.0,0.20659986403715347,0.6900343758729128,0.13261266885899123,1.31666666665,0.4602976689287882,5.574803017260879,0.5909090909090909,0.2878787878787879,3632.0,0.0855452535818435,1.0
B4_film,pooled,0.6993593565886304,0.7320832720226704,0.13869221733329448,235,3.5000000000000004,3.272391543402979,8.0618603007653,0.6723404255319149,0.225531914893617,7393.5,2.2226291879804105e-09,0.735400531694389,0.13141893425840118,3.162055336,3.1919441834646802,6.910962474812431,0.6851063829787234,0.2,6853.0,1.8020489394647086e-11,1.2002197615094218e-07
B4_lora,PhysionetMI,0.7184186525448659,0.8104870210695454,0.1165735385379364,103,7.7272727273,9.20683685246699,8.810346560332134,0.8737864077669902,0.07766990291262135,262.0,1.887791791718268e-15,0.8114696001198747,0.10334801934633282,8.9130434783,8.485686784018446,7.004354228155253,0.8543689320388349,0.08737864077669903,223.5,6.740930152099192e-16,1.6423788587948932e-13
B4_lora,Dreyer2023,0.7119457614942528,0.7999687499999999,0.08301928627938787,80,8.8333333333,8.80229885057375,4.251024230136187,1.0,0.0,0.0,7.828783350397265e-15,0.806957181088314,0.08173612021971491,9.125,8.87349557687125,3.7773895893767477,1.0,0.0,0.0,7.835692046221677e-15,6.653291950817871e-13
B4_lora,Cho2017,0.6422435897435897,0.6213333333333335,0.14253527637358143,52,-1.81666666665,-2.091025641025,4.283428652251577,0.2692307692307692,0.4807692307692308,313.0,0.0010321458929376248,0.6184743589743589,0.12940534509192803,-1.5,-1.6509615384615386,3.657434028940247,0.34615384615384615,0.4230769230769231,375.5,0.004301228220564961,0.035092960359879244
B4_lora,Dreyer+Cho,0.6844873301985371,0.7295972222222221,0.1405084355429313,132,4.75,4.510989202368183,6.825575749404861,0.7121212121212122,0.1893939393939394,1550.5,1.8994704905385907e-10,0.7327063723767558,0.13818385093640204,5.15833333335,4.727497319315909,6.36077769809121,0.7424242424242424,0.16666666666666666,1377.5,7.91783412135876e-12,1.1206875894177685e-08
B4_lora,pooled,0.6993593565886304,0.7650510489510491,0.1363592169184865,235,6.6000000000000005,6.569169236241278,8.085103769277566,0.7829787234042553,0.14042553191489363,3160.0,1.7254759160303402e-24,0.7672281275152294,0.12992062995695536,7.249999999999999,6.374703765547234,6.894058255913564,0.7914893617021277,0.13191489361702127,2753.0,1.7213278437735173e-26,1.6219473610685198e-22
B5_n10,PhysionetMI,0.7184186525448659,0.7127826057437708,0.13450794241074723,103,-0.22727272730000003,-0.5636046801077669,8.185245393325824,0.4854368932038835,0.39805825242718446,2477.0,0.5084279389809668,,,,,,,,,,1.0
B5_n10,Dreyer2023,0.7119457614942528,0.6903879310344827,0.08905832624217208,80,-2.0,-2.15578304597875,5.5720642095066975,0.3875,0.4875,958.0,0.0014956293789169768,,,,,,,,,,0.04935576950426024
B5_n10,Cho2017,0.6422435897435897,0.6299679487179487,0.15924243667021784,52,-0.3,-1.2275641025634616,5.758247740740952,0.4230769230769231,0.38461538461538464,426.5,0.0642522197219548,,,,,,,,,,1.0
B5_n10,Dreyer+Cho,0.6844873301985371,0.6665861198188786,0.12463362150571368,132,-1.2666666666500002,-1.7901210379666668,5.642643989567616,0.4015151515151515,0.44696969696969696,2643.5,0.00027119004871537834,,,,,,,,,,0.010305221851184376
B5_n10,pooled,0.6993593565886304,0.6868339413093631,0.13080596711387057,235,-0.6666666667000001,-1.252541527926383,6.884834192168854,0.43829787234042555,0.425531914893617,10538.0,0.003637360835509809,,,,,,,,,,0.10548346422978445
B5_n20,PhysionetMI,0.7184186525448659,0.7336378346572521,0.14015963162111403,103,1.8461538462,1.5219182112398058,8.3130300832042,0.6213592233009708,0.3106796116504854,2089.0,0.07276605731541662,,,,,,,,,,1.0
B5_n20,Dreyer2023,0.7119457614942528,0.7147798132183908,0.08970599260552886,80,1.0,0.2834051724162501,4.589198506478816,0.5375,0.325,1502.5,0.5729649942846384,,,,,,,,,,1.0
B5_n20,Cho2017,0.6422435897435897,0.6420320512820512,0.1624688374291483,52,0.4,-0.021153846151923124,5.770864499700709,0.5192307692307693,0.3269230769230769,659.0,0.9700841682458847,,,,,,,,,,1.0
B5_n20,Dreyer+Cho,0.6844873301985371,0.6861216039707418,0.1280718420245409,132,0.4,0.16342737722272732,5.068363669834941,0.5303030303030303,0.32575757575757575,4157.0,0.7029287644957005,,,,,,,,,,1.0
B5_n20,pooled,0.6993593565886304,0.7069478667822762,0.13529172240835244,235,1.0,0.758851019366383,6.70527294123556,0.5702127659574469,0.3191489361702128,11962.0,0.1052489719377569,,,,,,,,,,1.0
B5_n40,Dreyer2023,0.7119457614942528,0.7296867816091954,0.0900174787856197,80,1.3333333333,1.7741020114937496,4.414323848424776,0.675,0.2,917.0,0.0007458154250348818,,,,,,,,,,0.026103539876220862
B5_n40,Cho2017,0.6422435897435897,0.6557115384615385,0.16551785808708036,52,0.9000000000000001,1.3467948717961542,6.090244564082671,0.6153846153846154,0.25,481.0,0.13078790488138628,,,,,,,,,,1.0
B5_n40,Dreyer+Cho,0.6844873301985371,0.7005450191570882,0.12987998917823074,132,1.18333333335,1.605768895855303,5.1220326094170305,0.6515151515151515,0.2196969696969697,2728.0,0.0003790734144517251,,,,,,,,,,0.01402571633471383
B5_n40,pooled,0.6844873301985371,0.7005450191570882,0.12987998917823074,132,1.18333333335,1.605768895855303,5.1220326094170305,0.6515151515151515,0.2196969696969697,2728.0,0.0003790734144517251,,,,,,,,,,0.01402571633471383
B5_n80,Dreyer2023,0.7119457614942528,0.7383351293103448,0.08766055373733139,80,3.0,2.6389367816050004,3.8256563329949693,0.7875,0.125,552.5,3.0463076890706924e-07,,,,,,,,,,1.3708384600818115e-05
B5_n80,Cho2017,0.6422435897435897,0.6678205128205128,0.15695869683502775,52,0.8,2.557692307694231,7.573923603598767,0.5769230769230769,0.21153846153846154,410.0,0.04393990964955648,,,,,,,,,,1.0
B5_n80,Dreyer+Cho,0.6844873301985371,0.7105566440264716,0.12418301683734019,132,2.36666666665,2.606931382791667,5.582144613199711,0.7045454545454546,0.1590909090909091,1968.0,1.7019175411072844e-07,,,,,,,,,,8.169204197314965e-06
B5_n80,pooled,0.6844873301985371,0.7105566440264716,0.12418301683734019,132,2.36666666665,2.606931382791667,5.582144613199711,0.7045454545454546,0.1590909090909091,1968.0,1.7019175411072844e-07,,,,,,,,,,8.169204197314965e-06
B6_film_all,PhysionetMI,0.7184186525448659,0.7455558195849459,0.14134158325745597,103,2.5757575758,2.71371670401068,8.245168934710517,0.6601941747572816,0.2621359223300971,1689.5,0.0017605072103193298,,,,,,,,,,0.05633623073021855
B6_film_all,Dreyer2023,0.7119457614942528,0.754114224137931,0.0881255600735548,80,3.75,4.21684626436625,4.0503582220353325,0.85,0.05,212.0,2.2896214663449783e-11,,,,,,,,,,1.4424615237973363e-09
B6_film_all,Cho2017,0.6422435897435897,0.6741538461538462,0.15851436450360018,52,0.7000000000000001,3.191025641025,8.643680214007407,0.5961538461538461,0.23076923076923078,428.5,0.027917752783067375,,,,,,,,,,0.7537793251428191
B6_film_all,Dreyer+Cho,0.6844873301985371,0.7226146812957158,0.1265058081017688,132,3.0,3.812735109716667,6.26365011421684,0.75,0.12121212121212122,1272.5,4.01819364644532e-12,,,,,,,,,,2.8529174889761774e-10
B6_film_all,pooled,0.6993593565886304,0.7326697333969527,0.1334075989872377,235,2.8333333333,3.3310376808327664,7.203895765049177,0.7106382978723405,0.1829787234042553,6239.5,1.1749242632074123e-12,,,,,,,,,,8.929424400376334e-11
B6_film_first2,PhysionetMI,0.7184186525448659,0.7310034625568607,0.13725875927901246,103,1.8181818182,1.2584810012019414,6.401615550203095,0.6310679611650486,0.2524271844660194,1926.0,0.019364415962829146,,,,,,,,,,0.5422036469592161
B6_film_first2,Dreyer2023,0.7119457614942528,0.7333207614942528,0.08888491404907836,80,2.0,2.1374999999999997,3.2355678693883534,0.7,0.0375,516.0,1.9834457380422534e-07,,,,,,,,,,9.123850394994366e-06
B6_film_first2,Cho2017,0.6422435897435897,0.6719679487179488,0.15596437305619554,52,1.7999999999999998,2.972435897436538,7.358899940151646,0.6153846153846154,0.1346153846153846,318.5,0.0034394335633274303,,,,,,,,,,0.1031830068998229
B6_film_first2,Dreyer+Cho,0.6844873301985371,0.7091514716126786,0.12304468219204466,132,2.0,2.4664141414143943,5.250108438175433,0.6666666666666666,0.07575757575757576,1663.0,4.55568343910436e-09,,,,,,,,,,2.4145122227253107e-07
B6_film_first2,pooled,0.6993593565886304,0.7187291527499158,0.12963858849539128,235,1.8333333333,1.9369796161297872,5.801297757096659,0.6510638297872341,0.15319148936170213,7474.0,8.93184522262827e-09,,,,,,,,,,4.644559515766701e-07
B6_lora4,PhysionetMI,0.7184186525448659,0.7525446398261934,0.13382971077514322,103,2.8787878788000003,3.412598728130097,7.470430106821111,0.6893203883495146,0.1941747572815534,1264.0,8.872883544268177e-06,,,,,,,,,,0.00036378822531499527
B6_lora4,Dreyer2023,0.7119457614942528,0.7492403017241379,0.09011998360888152,80,3.1666666666500003,3.7294540229837505,3.552286748958501,0.9,0.0375,156.5,3.456201454863972e-12,,,,,,,,,,2.48846504750206e-10
B6_lora4,Cho2017,0.6422435897435897,0.6890961538461539,0.1536746036901989,52,2.1999999999999997,4.68525641025577,8.551111009525645,0.75,0.11538461538461539,184.5,2.0580721335082987e-05,,,,,,,,,,0.0008232288534033194
B6_lora4,Dreyer+Cho,0.6844873301985371,0.7255471525600836,0.12231912087223543,132,2.8000000000000003,4.105982236151515,6.024674423536604,0.8409090909090909,0.06818181818181818,733.5,6.852549030767216e-16,,,,,,,,,,6.167294127690494e-14
B6_lora4,pooled,0.6993593565886304,0.7373800937873571,0.12791968516804705,235,2.8000000000000003,3.802073719869787,6.690671820043775,0.774468085106383,0.12340425531914893,4336.0,1.3741041160832538e-18,,,,,,,,,,1.2779168279574262e-16
B6_lora8,PhysionetMI,0.7184186525448659,0.7584229524520787,0.1366391827561786,103,4.0151515152,4.000429990723302,8.328309499794994,0.6893203883495146,0.20388349514563106,1288.5,4.844531903307542e-06,,,,,,,,,,0.00020347033993891675
B6_lora8,Dreyer2023,0.7119457614942528,0.7510524425287357,0.09082405517561148,80,3.3333333333,3.9106681034474997,4.021870705680112,0.8625,0.05,179.5,7.63640420201061e-12,,,,,,,,,,5.116390815347109e-10
B6_lora8,Cho2017,0.6422435897435897,0.6932371794871794,0.15545829830584842,52,2.4,5.099358974357692,9.48663890236192,0.6346153846153846,0.09615384615384616,215.5,7.817371829825232e-05,,,,,,,,,,0.0030487750136318405
B6_lora8,Dreyer+Cho,0.6844873301985371,0.7282767328456983,0.12323705855309085,132,3.08333333335,4.378940264715152,6.717984715872688,0.7727272727272727,0.06818181818181818,814.0,3.2332810522956943e-15,,,,,,,,,,2.780621704974297e-13
B6_lora8,pooled,0.6993593565886304,0.7414897567582822,0.1298666569389658,235,3.4090909091,4.213040016965532,7.452208720383776,0.7361702127659574,0.1276595744680851,4591.0,4.651942840938701e-18,,,,,,,,,,4.279787413663605e-16
M_film,PhysionetMI,0.7184186525448659,0.7875737207776042,0.12221558386710432,103,6.0606060606000005,6.915506823273786,8.678263104550723,0.7864077669902912,0.14563106796116504,608.0,1.6039197575319256e-11,0.7931489714731588,0.10674230888951661,7.380952381,6.6536239193533975,6.994143921825972,0.8058252427184466,0.08737864077669903,458.5,2.8354365958998534e-13,1.0265086448204324e-09
M_film,Dreyer2023,0.7119457614942528,0.7515581896551724,0.08403987121094675,80,3.91666666665,3.9612428160887503,3.4732809249857826,0.8625,0.0375,147.5,2.529332029904117e-12,0.7567806785236396,0.08279594347987476,3.75,3.8558453204050007,3.0197849069308074,0.9125,0.025,102.0,3.311373745580201e-13,1.8717057021290465e-10
M_film,Cho2017,0.6422435897435897,0.5919423076923077,0.14418536425132375,52,-4.7,-5.030128205128846,5.668616579606865,0.11538461538461539,0.6923076923076923,92.0,1.389969839258851e-07,0.5889583333333334,0.12988472715255844,-3.8,-4.602564102563462,4.661542920880439,0.15384615384615385,0.7115384615384616,71.0,1.814941588408634e-08,6.81085221236837e-06
M_film,Dreyer+Cho,0.6844873301985371,0.6886792058516196,0.1359482511367739,132,1.5,0.4191875653060605,6.263708200758801,0.5681818181818182,0.29545454545454547,3546.5,0.1288631419069857,0.6906688455698826,0.13220195862130904,1.375,0.5237446386295452,5.583085016034006,0.6136363636363636,0.29545454545454547,3555.0,0.05818750926128496,1.0
M_film,pooled,0.6993593565886304,0.7320244613298171,0.13883678675108027,235,3.3333333333,3.2665104741174464,8.076326201347813,0.6638297872340425,0.2297872340425532,7283.5,1.8151210764266016e-09,0.7355856667104675,0.13170999819146947,3.0833333333,3.2104576850744686,6.932815177620536,0.6978723404255319,0.20425531914893616,6808.5,1.3433848505616139e-11,9.983165920346308e-08
M_film_lambda0,PhysionetMI,0.7184186525448659,0.7800521646638151,0.12376145405774888,103,5.3787878788,6.1633512118990295,7.805099131284186,0.8155339805825242,0.1262135922330097,587.5,9.993542392793984e-12,0.784273644605008,0.10383225006969099,5.1785714286,5.7660912325310685,6.330117531632984,0.8543689320388349,0.0970873786407767,488.5,5.877187749629186e-13,6.49580255531609e-10
M_film_lambda0,Dreyer2023,0.7119457614942528,0.746700790229885,0.08106444855387915,80,3.1666666667,3.4755028735637503,2.838977629871687,0.8875,0.025,91.0,7.913546424556034e-13,0.7513962514867678,0.08019873745620584,3.2916666667000003,3.3174026167162496,2.545660376864252,0.9125,0.0375,102.5,5.155720894963075e-13,6.172566211153707e-11
M_film_lambda0,Cho2017,0.6422435897435897,0.6019294871794872,0.13894533237200574,52,-3.63333333335,-4.031410256409615,5.49737673016433,0.15384615384615385,0.6346153846153846,134.0,7.078757550019403e-07,0.5958717948717949,0.12599746087710575,-4.0,-3.9112179487192305,4.184740826621044,0.15384615384615385,0.6346153846153846,115.0,1.714097598698211e-07,3.114653322008537e-05
M_film_lambda0,Dreyer+Cho,0.6844873301985371,0.6896696708463951,0.12853424330380162,132,1.45,0.5182340647863634,5.493923933972914,0.5984848484848485,0.26515151515151514,3342.0,0.06157835957009118,0.6901290413051118,0.12600867821025563,1.3333333333,0.46976421215075803,4.8266319088254965,0.6136363636363636,0.2727272727272727,3511.0,0.06211893381318741,1.0
M_film_lambda0,pooled,0.6993593565886304,0.7292841255833921,0.13396008371478055,235,2.6,2.992476899478298,7.164576672322666,0.6936170212765957,0.20425531914893616,6898.0,2.61572219851781e-10,0.7313924206237897,0.12561816403374623,2.9249011858,2.791133076402553,6.119154791312309,0.7191489361702128,0.19574468085106383,6829.5,2.4956048212223264e-11,1.4909616531551515e-08
M_lora,PhysionetMI,0.7184186525448659,0.8107486364767919,0.11653936011431867,103,7.7272727273,9.232998393190293,8.87387078723996,0.8543689320388349,0.06796116504854369,236.0,1.4630511960717872e-15,0.8116875807462554,0.1035068126733814,8.6166007905,8.50748484665825,6.958657504012695,0.8543689320388349,0.07766990291262135,214.0,5.21565379747888e-16,1.2874850525431726e-13
M_lora,Dreyer2023,0.7119457614942528,0.7999680316091954,0.08327259849132229,80,9.0,8.8022270114975,4.217437404300932,1.0,0.0,0.0,7.827402295079848e-15,0.8071456010258696,0.08182040390673556,9.25,8.892337570625001,3.7111239795350137,1.0,0.0,0.0,7.834309851042087e-15,6.653291950817871e-13
M_lora,Cho2017,0.6422435897435897,0.6211538461538461,0.1401025995279998,52,-1.7999999999999998,-2.1089743589730774,4.67010664708867,0.3076923076923077,0.4423076923076923,361.5,0.0028534207012213117,0.6183108974358974,0.12722343248923215,-1.2750000000000001,-1.6673076923076922,3.978420770235057,0.36538461538461536,0.4230769230769231,373.0,0.006553437469925123,0.08845604173786066
M_lora,Dreyer+Cho,0.6844873301985371,0.7295260797631488,0.1396986671079807,132,4.75,4.503874956463636,6.917990138575385,0.7272727272727273,0.17424242424242425,1582.0,1.8220524304533163e-10,0.7327561723389111,0.137539225465032,5.25,4.7324773155303035,6.425957717065116,0.75,0.16666666666666666,1323.5,5.552846820299976e-12,1.0932314582719898e-08
M_lora,pooled,0.6993593565886304,0.7651257535567879,0.13592892870442114,235,6.2878787879,6.576639696816171,8.163771326531174,0.7829787234042553,0.1276595744680851,3144.5,1.4787290878174837e-24,0.7673516407046832,0.12961767761687254,7.333333333300001,6.387055084492765,6.909979519807625,0.7957446808510639,0.1276595744680851,2655.0,1.0111896475932357e-26,1.4047926334266096e-22
M_lora_lambda0,PhysionetMI,0.7184186525448659,0.8010230384502228,0.11798927909477802,103,7.196969697,8.260438590531068,8.697477096031324,0.8446601941747572,0.1262135922330097,386.0,4.6788439077630974e-14,0.8042543797134344,0.1058640384424235,8.1818181818,7.764164743372816,7.173116607485736,0.8640776699029126,0.07766990291262135,346.0,1.6920190538569517e-14,3.789863565288109e-12
M_lora_lambda0,Dreyer2023,0.7119457614942528,0.7937413793103448,0.08522064707522023,80,8.1666666667,8.179561781616249,3.5360811178426625,0.9875,0.0,3.0,8.729012413909026e-15,0.8001651009143622,0.08207589225315746,8.083333333299999,8.19428755946625,3.4010039294074383,1.0,0.0,0.0,7.835000920124426e-15,7.157790179405401e-13
M_lora_lambda0,Cho2017,0.6422435897435897,0.6304679487179488,0.15225689590709937,52,-0.6,-1.1775641025634616,4.0974019142358635,0.46153846153846156,0.34615384615384615,507.0,0.143597155763185,0.6223461538461538,0.13653354287186584,-0.7000000000000001,-1.2637820512826925,3.17881351297413,0.36538461538461536,0.3269230769230769,416.5,0.020838255385227523,1.0
M_lora_lambda0,Dreyer+Cho,0.6844873301985371,0.7294215430163705,0.14077674497865386,132,5.3333333333,4.49342128178788,5.927915576376294,0.7803030303030303,0.13636363636363635,1281.5,2.8016560053446713e-12,0.7301152126753709,0.13757405581965115,5.333333333350001,4.468381349171212,5.694725990077722,0.75,0.12878787878787878,1202.5,7.573862185560503e-13,2.0452088839016101e-10
M_lora_lambda0,pooled,0.6993593565886304,0.7608043261214207,0.13575951486479756,235,6.2878787879,6.144496953279575,7.493660633173994,0.8085106382978723,0.13191489361702127,3035.5,4.965798919536601e-25,0.7626102518452456,0.12976852601004923,6.5833333333,5.912916198544681,6.577941703717012,0.8,0.10638297872340426,2809.5,4.9959286752556946e-26,4.7671669627551367e-23
