start,shots,dataset,ba_percent,n0_ba_percent,full_gain_mean_pp,recovery_fraction,subjects,median_pp,mean_pp,sd_pp,improved_fraction,drop_gt_2pp_fraction,p_one_sided_raw
B3,5,Cho2017,63.67948717948717,63.48653846153846,5.597435897435895,0.034470911589555724,52,0.1,0.1929487179480769,3.1655370296002308,0.5,0.19230769230769232,0.39216946330750185
B3,5,Dreyer2023,79.80897988505747,79.98764367816091,3.5651580459770087,-0.05011384931589675,80,-0.5,-0.1786637931037499,3.09004036243307,0.4375,0.175,0.5282571066520608
B3,5,PhysionetMI,81.70330640233554,80.92603028039922,1.4232240251657722,0.5461375779162958,103,0.7692307692,0.7772761219330097,2.9794032164310753,0.5631067961165048,0.14563106796116504,0.0037917585273880014
B3,10,Cho2017,64.75576923076923,63.48653846153846,5.597435897435895,0.22675217590471816,52,0.65,1.2692307692307696,3.8552504794665223,0.5384615384615384,0.1346153846153846,0.02527038977881691
B3,10,Dreyer2023,79.89446839080459,79.98764367816091,3.5651580459770087,-0.026134966852721524,80,0.0,-0.09317528735375,2.94024447078881,0.475,0.1375,0.4736722426359724
B3,10,PhysionetMI,81.85607757937855,80.92603028039922,1.4232240251657722,0.6534792011194505,103,0.7692307692,0.9300472989796116,3.3565430321437453,0.5728155339805825,0.14563106796116504,0.001944242260267757
B3,20,Cho2017,64.85000000000001,63.48653846153846,5.597435897435895,0.24358680714612907,52,0.2,1.3634615384615385,4.307910642166486,0.5192307692307693,0.21153846153846154,0.04065921326919311
B3,20,Dreyer2023,80.39744971264369,79.98764367816091,3.5651580459770087,0.11494750841275907,80,0.5,0.40980603447999997,2.8633373811541083,0.6125,0.2,0.04004478085271906
B3,20,PhysionetMI,82.42369927806823,80.92603028039922,1.4232240251657722,1.052307276427935,103,1.2121212121,1.4976689976728157,3.908821508742397,0.6407766990291263,0.11650485436893204,4.225342985020608e-05
B3,40,Cho2017,65.84679487179488,63.48653846153846,5.597435897435895,0.42166743014200636,52,1.0,2.36025641025577,5.718341999833908,0.6538461538461539,0.1346153846153846,0.002370237474536057
B3,40,Dreyer2023,81.62755028735631,79.98764367816091,3.5651580459770087,0.4599814617043142,80,1.58333333335,1.6399066091987498,2.776996351102855,0.75,0.0625,7.541219167080327e-07
G,5,Cho2017,63.762179487179495,64.16089743589744,5.129487179487177,-0.07773056735816042,52,-0.6,-0.39871794871730765,3.2387291513561887,0.40384615384615385,0.3269230769230769,0.8777233511424715
G,5,Dreyer2023,79.90905172413794,80.37363505747128,3.5798491379310313,-0.12977734966838267,80,-0.3333333333,-0.4645833333349998,3.1128215580189895,0.375,0.2375,0.895819100918408
G,5,Lee2019_MI,67.21111111111112,68.43333333333334,1.0185185185185177,-1.2000000000000002,54,-1.0999999999999999,-1.2222222222222223,2.1161255684348337,0.2222222222222222,0.2777777777777778,0.9999559363578728
G,5,PhysionetMI,81.80633444225676,80.9944893294408,1.6399506642225077,0.4950424000717595,103,0.7575757576,0.8118451128135923,3.0671882192858337,0.5728155339805825,0.1553398058252427,0.0030022634035109163
G,10,Cho2017,65.20833333333331,64.16089743589744,5.129487179487177,0.20419895026243426,52,0.4,1.0474358974346152,3.4582624760274516,0.5192307692307693,0.15384615384615385,0.025724411723110057
G,10,Dreyer2023,80.32579022988506,80.37363505747128,3.5798491379310313,-0.013365040185425026,80,0.2528735632,-0.047844827582499964,2.9322205807543487,0.525,0.175,0.37811066396519305
G,10,Lee2019_MI,67.72962962962963,68.43333333333334,1.0185185185185177,-0.6909090909090908,54,-0.6,-0.7037037037037036,1.8042887024733087,0.35185185185185186,0.2222222222222222,0.9947820137029394
G,10,PhysionetMI,81.82347749338041,80.9944893294408,1.6399506642225077,0.505495794492476,103,0.8333333332999999,0.8289881639388349,3.1102125736093287,0.5436893203883495,0.1262135922330097,0.004532331785086609
G,20,Cho2017,65.45961538461539,64.16089743589744,5.129487179487177,0.253186703324169,52,0.2,1.2987179487173077,4.632164528077651,0.5192307692307693,0.15384615384615385,0.09228424223029963
G,20,Dreyer2023,80.62363505747126,80.37363505747128,3.5798491379310313,0.06983534511303079,80,0.3333333333,0.250000000005,2.535125948036372,0.5625,0.1625,0.13840169584203849
G,20,Lee2019_MI,68.09629629629629,68.43333333333334,1.0185185185185177,-0.33090909090909093,54,0.0,-0.337037037037037,3.134909724335687,0.46296296296296297,0.3333333333333333,0.7575868374106364
G,20,PhysionetMI,82.56758775205378,80.9944893294408,1.6399506642225077,0.9592352117243619,103,1.5151515152,1.5730984226116507,3.6499031563068995,0.6699029126213593,0.07766990291262135,1.4012343753738576e-06
G,40,Cho2017,66.31282051282051,64.16089743589744,5.129487179487177,0.41952011997000765,52,1.2,2.151923076923077,5.13736542036752,0.6730769230769231,0.1346153846153846,0.003273760859625432
G,40,Dreyer2023,81.78110632183909,80.37363505747128,3.5798491379310313,0.39316496593520156,80,1.1666666666999999,1.4074712643625,2.313728156578783,0.7625,0.0375,1.3792457827288923e-06
