start,variant,source,k,dataset,nearest_ba_percent,random_ba_percent,subjects,median_pp,mean_pp,sd_pp,improved_fraction,drop_gt_2pp_fraction,p_one_sided_raw
B3,film_offset,rest,1,Cho2017,60.35641025641026,59.27615384615385,52,0.6,1.0802564102557692,4.113794364379595,0.5961538461538461,0.15384615384615385,0.03324749220167733
B3,film_offset,rest,1,Dreyer2023,73.04956896551724,72.72606321839079,80,0.058333333349999995,0.32350574712499996,2.8675274477886212,0.5125,0.25,0.23889430881552648
B3,film_offset,rest,1,PhysionetMI,76.58570394007286,76.63268834725146,103,0.7045454545,-0.04698440717766995,5.59556470774769,0.5533980582524272,0.2815533980582524,0.25474592286551456
B3,film_offset,rest,3,Cho2017,61.053205128205136,60.07237179487179,52,0.58,0.9808333333346155,3.095980799890313,0.5961538461538461,0.15384615384615385,0.030636527805740634
B3,film_offset,rest,3,Dreyer2023,74.85775862068967,74.68823275862067,80,0.09166666664999999,0.16952586207499995,2.1306282730736386,0.5625,0.1125,0.11901455245237469
B3,film_offset,rest,3,PhysionetMI,79.4538099441012,79.46955552538077,103,0.21538461539999998,-0.01574558127766988,3.7823422197510053,0.5242718446601942,0.24271844660194175,0.3422587660038512
B3,film_offset,task,1,Cho2017,60.070512820512825,59.27615384615385,52,0.8200000000000001,0.7943589743576925,3.379970513238193,0.5576923076923077,0.19230769230769232,0.044280519434243056
B3,film_offset,task,1,Dreyer2023,73.41135057471264,72.72606321839079,80,1.1583333333499999,0.68528735632125,3.3976125010083855,0.5875,0.25,0.026770565231561908
B3,film_offset,task,1,PhysionetMI,77.2133206599226,76.63268834725146,103,1.0075757576,0.5806323126708736,4.7061708065781795,0.6116504854368932,0.21359223300970873,0.014104043076349727
B3,film_offset,task,3,Cho2017,60.52820512820512,60.07237179487179,52,0.27999999999999997,0.45583333333269227,2.659477472143526,0.5576923076923077,0.1346153846153846,0.15711966000639566
B3,film_offset,task,3,Dreyer2023,75.3316091954023,74.68823275862067,80,0.775,0.6433764367862499,2.3246518785641235,0.65,0.125,0.004024428367447444
B3,film_offset,task,3,PhysionetMI,79.3454183357096,79.46955552538077,103,-0.33076923080000004,-0.12413718967087381,3.5158126575897555,0.44660194174757284,0.23300970873786409,0.6667601091926896
B3,lora8,rest,1,Cho2017,63.299358974358974,62.75108974358974,52,1.0499999999999998,0.548269230771154,3.258966146555384,0.5961538461538461,0.19230769230769232,0.06443979304778381
B3,lora8,rest,1,Dreyer2023,78.61602011494251,78.23954022988507,80,0.4333333333,0.37647988505375,2.856391377799683,0.5625,0.2375,0.1645191340977637
B3,lora8,rest,1,PhysionetMI,78.39089551225474,80.10431235431236,103,-1.2121212121,-1.7134168420553395,5.6047969967486075,0.4077669902912621,0.39805825242718446,0.9952581400800188
B3,lora8,rest,3,Cho2017,65.06346153846155,64.51442307692308,52,0.34,0.5490384615384615,2.311841105475837,0.5961538461538461,0.1346153846153846,0.0476068920901756
B3,lora8,rest,3,Dreyer2023,80.40818965517241,80.51559985632186,80,-0.4,-0.10741020115500002,2.155256522286872,0.4375,0.1125,0.7134797070365463
B3,lora8,rest,3,PhysionetMI,80.84145789485596,81.2058150587277,103,-0.3787878788,-0.3643571638699029,2.3738198650360522,0.42718446601941745,0.20388349514563106,0.9665740369329597
B3,lora8,task,1,Cho2017,62.978205128205126,62.75108974358974,52,0.42,0.22711538461730765,3.8724942578749153,0.5384615384615384,0.15384615384615385,0.12639855704609915
B3,lora8,task,1,Dreyer2023,78.69403735632183,78.23954022988507,80,0.5249999999999999,0.45449712643125006,3.050771533814964,0.575,0.225,0.10663137755953705
B3,lora8,task,1,PhysionetMI,79.84928825220088,80.10431235431236,103,-0.11363636360000001,-0.25502410211262133,3.732151894542139,0.47572815533980584,0.3106796116504854,0.6510704167822298
B3,lora8,task,3,Cho2017,64.53141025641025,64.51442307692308,52,0.20833333334999998,0.016987179488461537,2.4914144742741327,0.5769230769230769,0.15384615384615385,0.3014465682258114
B3,lora8,task,3,Dreyer2023,80.9104525862069,80.51559985632186,80,0.45833333335000004,0.3948527298862499,2.0218935480928226,0.5625,0.0875,0.03914308990694354
B3,lora8,task,3,PhysionetMI,81.29843619164009,81.2058150587277,103,0.030303030300000002,0.09262113291553402,2.4148547656024646,0.5048543689320388,0.1941747572815534,0.3762064804006448
G,film_offset,rest,1,Cho2017,59.88205128205127,59.04115384615385,52,0.46499999999999997,0.840897435898077,2.9598558166756774,0.5961538461538461,0.15384615384615385,0.027327206201778968
G,film_offset,rest,1,Dreyer2023,73.1316091954023,72.84053520114941,80,0.33333333335000004,0.29107399425,2.925807158218578,0.5375,0.2,0.21786974320889946
G,film_offset,rest,1,Lee2019_MI,62.9074074074074,62.82037037037037,54,0.5,0.08703703703703704,4.168273987676221,0.5555555555555556,0.2962962962962963,0.3133095984631359
G,film_offset,rest,1,PhysionetMI,76.51876117410099,76.52393237830131,103,0.4090909091,-0.005171204201941795,5.310755916482882,0.5533980582524272,0.2524271844660194,0.22610147758016308
G,film_offset,rest,3,Cho2017,60.658333333333324,60.00974358974359,52,0.61,0.6485897435884614,2.8019878056144085,0.6346153846153846,0.15384615384615385,0.04600965251724416
G,film_offset,rest,3,Dreyer2023,75.11124281609194,74.76432112068964,80,0.44166666665,0.3469216954025,2.338170619121737,0.5625,0.1375,0.07434830739962235
G,film_offset,rest,3,PhysionetMI,79.54905288885871,79.39597845520176,103,0.4090909091,0.1530744336543689,3.7044211788933996,0.5436893203883495,0.22330097087378642,0.24019063504621835
G,film_offset,task,1,Cho2017,59.55128205128204,59.04115384615385,52,0.72,0.5101282051288463,2.9824444187468107,0.6538461538461539,0.15384615384615385,0.034496732184923766
G,film_offset,task,1,Dreyer2023,73.46343390804597,72.84053520114941,80,0.6666666667000001,0.6228987068937499,3.5229259577385084,0.6125,0.1875,0.024728973673158072
G,film_offset,task,1,PhysionetMI,76.8311268020006,76.52393237830131,103,1.0769230769,0.3071944236999999,4.6977395345090285,0.5922330097087378,0.24271844660194175,0.07502691215808133
G,film_offset,task,3,Cho2017,60.15833333333334,60.00974358974359,52,0.31,0.14858974359038457,2.397821846211205,0.5384615384615384,0.19230769230769232,0.30966148140952376
G,film_offset,task,3,Dreyer2023,75.61038074712643,74.76432112068964,80,0.7916666666500001,0.8460596264362501,2.3720097595580514,0.6875,0.125,0.0012174749014353665
G,film_offset,task,3,PhysionetMI,79.6225134089212,79.39597845520176,103,0.4090909091,0.226534953723301,3.1998499739838393,0.5631067961165048,0.1941747572815534,0.16222969519044056
G,lora8,rest,1,Cho2017,63.213461538461544,62.86250000000001,52,0.44999999999999996,0.3509615384615384,3.6550450009919198,0.6153846153846154,0.21153846153846154,0.11822648889241505
G,lora8,rest,1,Dreyer2023,79.0017959770115,78.67725574712644,80,0.3333333333,0.3245402298887501,2.534680196781903,0.55,0.2,0.15526926876756275
G,lora8,rest,1,Lee2019_MI,66.74444444444445,65.67148148148149,54,1.1900000000000002,1.0729629629629631,2.89369948605302,0.6666666666666666,0.16666666666666666,0.005529474848151636
G,lora8,rest,1,PhysionetMI,78.68149003100461,80.0723697014959,103,-0.9848484848,-1.3908796704902915,4.742798903311366,0.39805825242718446,0.4368932038834951,0.9946090697145371
G,lora8,rest,3,Cho2017,64.89615384615385,64.40980769230771,52,0.15,0.48634615384615376,2.447118999666144,0.5192307692307693,0.09615384615384616,0.12835231154530852
G,lora8,rest,3,Dreyer2023,80.90431034482759,80.86428160919542,80,-0.21666666665,0.04002873563124998,2.0049824615328107,0.4375,0.1,0.5175416907674665
G,lora8,rest,3,PhysionetMI,81.23554439088417,81.28583972661642,103,0.12121212120000001,-0.050295335732038836,2.4093522949423885,0.5145631067961165,0.1941747572815534,0.4986682503892354
G,lora8,task,1,Cho2017,63.17564102564101,62.86250000000001,52,0.44999999999999996,0.31314102564038454,3.5425247580841437,0.5961538461538461,0.17307692307692307,0.16832646120952716
G,lora8,task,1,Dreyer2023,79.20869252873564,78.67725574712644,80,0.78333333335,0.5314367816112501,2.6693051127224066,0.6,0.2,0.03797770118338187
G,lora8,task,1,PhysionetMI,80.0806685224161,80.0723697014959,103,0.2196969697,0.008298820926213568,3.5057182515865177,0.5242718446601942,0.2912621359223301,0.40000889376503074
G,lora8,task,3,Cho2017,64.47756410256412,64.40980769230771,52,0.24000000000000002,0.06775641025576919,2.607785538012596,0.5576923076923077,0.15384615384615385,0.16358627803486336
G,lora8,task,3,Dreyer2023,81.2549568965517,80.86428160919542,80,0.2916666667,0.39067528736124996,1.9275979714930929,0.55,0.0875,0.03585731528133084
G,lora8,task,3,PhysionetMI,81.34711566750403,81.28583972661642,103,-0.0681818182,0.061275940887378706,2.373790647332849,0.49514563106796117,0.18446601941747573,0.4398548297748845
