condition,dataset,subject,ba
G_film,Cho2017,1,0.5980000000000001
G_film,Cho2017,2,0.5
G_film,Cho2017,3,0.608
G_film,Cho2017,4,0.6719999999999999
G_film,Cho2017,5,0.99
G_film,Cho2017,6,0.8100000000000002
G_film,Cho2017,7,0.5083333333333334
G_film,Cho2017,8,0.512
G_film,Cho2017,9,0.5
G_film,Cho2017,10,0.542
G_film,Cho2017,11,0.55
G_film,Cho2017,12,0.454
G_film,Cho2017,13,0.618
G_film,Cho2017,14,0.622
G_film,Cho2017,15,0.524
G_film,Cho2017,16,0.556
G_film,Cho2017,17,0.4939999999999999
G_film,Cho2017,18,0.542
G_film,Cho2017,19,0.532
G_film,Cho2017,20,0.5740000000000001
G_film,Cho2017,21,0.522
G_film,Cho2017,22,0.5439999999999999
G_film,Cho2017,23,0.514
G_film,Cho2017,24,0.5
G_film,Cho2017,25,0.526
G_film,Cho2017,26,0.98
G_film,Cho2017,27,0.512
G_film,Cho2017,28,0.532
G_film,Cho2017,29,0.466
G_film,Cho2017,30,0.5760000000000001
G_film,Cho2017,31,0.548
G_film,Cho2017,32,0.514
G_film,Cho2017,33,0.518
G_film,Cho2017,34,0.554
G_film,Cho2017,35,0.494
G_film,Cho2017,36,0.53
G_film,Cho2017,37,0.86
G_film,Cho2017,38,0.548
G_film,Cho2017,39,0.498
G_film,Cho2017,40,0.484
G_film,Cho2017,41,0.526
G_film,Cho2017,42,0.538
G_film,Cho2017,43,0.996
G_film,Cho2017,44,0.868
G_film,Cho2017,45,0.522
G_film,Cho2017,46,0.5466666666666666
G_film,Cho2017,47,0.714
G_film,Cho2017,48,0.592
G_film,Cho2017,49,0.8960000000000001
G_film,Cho2017,50,0.8219999999999998
G_film,Cho2017,51,0.604
G_film,Cho2017,52,0.51
G_film,Dreyer2023,1,0.8683333333333334
G_film,Dreyer2023,2,0.6133333333333333
G_film,Dreyer2023,3,0.785
G_film,Dreyer2023,5,0.7966666666666666
G_film,Dreyer2023,6,0.7533333333333333
G_film,Dreyer2023,7,0.9266666666666664
G_film,Dreyer2023,8,0.7783333333333333
G_film,Dreyer2023,10,0.825
G_film,Dreyer2023,11,0.5966666666666667
G_film,Dreyer2023,12,0.8783333333333333
G_film,Dreyer2023,13,0.7266666666666667
G_film,Dreyer2023,14,0.6383333333333333
G_film,Dreyer2023,15,0.8716666666666667
G_film,Dreyer2023,16,0.8116666666666668
G_film,Dreyer2023,18,0.8616666666666667
G_film,Dreyer2023,19,0.8366666666666667
G_film,Dreyer2023,20,0.8066666666666666
G_film,Dreyer2023,21,0.9133333333333332
G_film,Dreyer2023,22,0.8216666666666667
G_film,Dreyer2023,23,0.7666666666666667
G_film,Dreyer2023,24,0.8949999999999999
G_film,Dreyer2023,25,0.6083333333333334
G_film,Dreyer2023,26,0.7183333333333334
G_film,Dreyer2023,27,0.7383333333333334
G_film,Dreyer2023,28,0.715
G_film,Dreyer2023,30,0.6900000000000001
G_film,Dreyer2023,31,0.805
G_film,Dreyer2023,32,0.7866666666666667
G_film,Dreyer2023,33,0.6950000000000001
G_film,Dreyer2023,34,0.77
G_film,Dreyer2023,35,0.7366666666666667
G_film,Dreyer2023,36,0.7133333333333334
G_film,Dreyer2023,37,0.6683333333333333
G_film,Dreyer2023,38,0.7849999999999999
G_film,Dreyer2023,39,0.9133333333333332
G_film,Dreyer2023,40,0.8017241379310345
G_film,Dreyer2023,42,0.665
G_film,Dreyer2023,43,0.8550000000000001
G_film,Dreyer2023,44,0.6566666666666666
G_film,Dreyer2023,45,0.7166666666666667
G_film,Dreyer2023,46,0.6933333333333334
G_film,Dreyer2023,47,0.8416666666666666
G_film,Dreyer2023,48,0.6516666666666666
G_film,Dreyer2023,49,0.7449999999999999
G_film,Dreyer2023,50,0.605
G_film,Dreyer2023,51,0.73
G_film,Dreyer2023,52,0.7516666666666667
G_film,Dreyer2023,53,0.7533333333333333
G_film,Dreyer2023,54,0.73
G_film,Dreyer2023,55,0.8866666666666667
G_film,Dreyer2023,56,0.9183333333333332
G_film,Dreyer2023,57,0.635
G_film,Dreyer2023,58,0.9083333333333334
G_film,Dreyer2023,59,0.75
G_film,Dreyer2023,60,0.7616666666666666
G_film,Dreyer2023,61,0.8150000000000001
G_film,Dreyer2023,62,0.6649999999999999
G_film,Dreyer2023,63,0.73
G_film,Dreyer2023,64,0.705
G_film,Dreyer2023,65,0.7866666666666667
G_film,Dreyer2023,66,0.7216666666666667
G_film,Dreyer2023,67,0.7783333333333333
G_film,Dreyer2023,68,0.6466666666666667
G_film,Dreyer2023,69,0.8216666666666667
G_film,Dreyer2023,70,0.605
G_film,Dreyer2023,71,0.8016666666666665
G_film,Dreyer2023,72,0.67
G_film,Dreyer2023,73,0.6666666666666666
G_film,Dreyer2023,74,0.7366666666666667
G_film,Dreyer2023,75,0.7350000000000001
G_film,Dreyer2023,76,0.77
G_film,Dreyer2023,77,0.7466666666666667
G_film,Dreyer2023,80,0.6950000000000001
G_film,Dreyer2023,81,0.7833333333333334
G_film,Dreyer2023,82,0.7383333333333334
G_film,Dreyer2023,83,0.6466666666666667
G_film,Dreyer2023,84,0.7566666666666666
G_film,Dreyer2023,85,0.705
G_film,Dreyer2023,86,0.775
G_film,Dreyer2023,87,0.7649999999999999
G_film,PhysionetMI,1,0.8901515151515152
G_film,PhysionetMI,2,0.8915384615384616
G_film,PhysionetMI,3,0.9416666666666668
G_film,PhysionetMI,4,0.9196969696969696
G_film,PhysionetMI,5,0.7219696969696969
G_film,PhysionetMI,6,0.8734848484848484
G_film,PhysionetMI,7,0.9575757575757576
G_film,PhysionetMI,8,0.8393939393939395
G_film,PhysionetMI,9,0.94
G_film,PhysionetMI,10,0.6476923076923077
G_film,PhysionetMI,11,0.7015151515151515
G_film,PhysionetMI,12,0.8818181818181818
G_film,PhysionetMI,13,0.8325757575757576
G_film,PhysionetMI,14,0.6643939393939393
G_film,PhysionetMI,15,0.8746153846153847
G_film,PhysionetMI,16,0.671969696969697
G_film,PhysionetMI,17,0.8242424242424242
G_film,PhysionetMI,18,0.9643939393939396
G_film,PhysionetMI,19,0.8734848484848484
G_film,PhysionetMI,20,0.8136363636363637
G_film,PhysionetMI,21,0.7174242424242425
G_film,PhysionetMI,22,0.9386363636363636
G_film,PhysionetMI,23,0.7615384615384615
G_film,PhysionetMI,24,0.7507575757575757
G_film,PhysionetMI,25,0.5878787878787879
G_film,PhysionetMI,26,0.5884615384615384
G_film,PhysionetMI,27,0.843939393939394
G_film,PhysionetMI,28,0.7833333333333334
G_film,PhysionetMI,29,0.8272727272727274
G_film,PhysionetMI,30,0.8568181818181818
G_film,PhysionetMI,31,0.7318181818181818
G_film,PhysionetMI,32,0.9423076923076924
G_film,PhysionetMI,33,0.8772727272727273
G_film,PhysionetMI,34,0.7861538461538461
G_film,PhysionetMI,35,0.8151515151515152
G_film,PhysionetMI,36,0.8696969696969697
G_film,PhysionetMI,37,0.6143939393939395
G_film,PhysionetMI,38,0.356060606060606
G_film,PhysionetMI,39,0.6651515151515152
G_film,PhysionetMI,40,0.9106060606060608
G_film,PhysionetMI,41,0.9669230769230768
G_film,PhysionetMI,42,0.8810606060606061
G_film,PhysionetMI,43,0.8121212121212121
G_film,PhysionetMI,44,0.8962121212121211
G_film,PhysionetMI,45,0.7439393939393939
G_film,PhysionetMI,46,0.7666666666666667
G_film,PhysionetMI,47,0.7136363636363636
G_film,PhysionetMI,48,0.975
G_film,PhysionetMI,49,0.7196969696969697
G_film,PhysionetMI,50,0.7166666666666666
G_film,PhysionetMI,51,0.8295454545454547
G_film,PhysionetMI,52,0.8392307692307692
G_film,PhysionetMI,53,0.8090909090909092
G_film,PhysionetMI,54,0.8878787878787879
G_film,PhysionetMI,55,0.8340909090909092
G_film,PhysionetMI,56,0.8537878787878789
G_film,PhysionetMI,57,0.9666666666666665
G_film,PhysionetMI,58,0.7807692307692308
G_film,PhysionetMI,59,0.6371212121212121
G_film,PhysionetMI,60,0.8246153846153847
G_film,PhysionetMI,61,0.9636363636363636
G_film,PhysionetMI,62,0.9416666666666668
G_film,PhysionetMI,63,0.7742424242424242
G_film,PhysionetMI,64,0.7363636363636364
G_film,PhysionetMI,65,0.8893939393939394
G_film,PhysionetMI,66,0.8
G_film,PhysionetMI,67,0.8242424242424242
G_film,PhysionetMI,68,0.706060606060606
G_film,PhysionetMI,69,0.6876923076923077
G_film,PhysionetMI,70,0.9484848484848484
G_film,PhysionetMI,71,0.9242424242424242
G_film,PhysionetMI,72,0.9636363636363636
G_film,PhysionetMI,73,0.7121212121212122
G_film,PhysionetMI,74,0.7583333333333334
G_film,PhysionetMI,75,0.7742424242424242
G_film,PhysionetMI,76,0.5719696969696969
G_film,PhysionetMI,77,0.6060606060606061
G_film,PhysionetMI,78,0.4757575757575757
G_film,PhysionetMI,79,0.7704545454545455
G_film,PhysionetMI,80,0.8576923076923076
G_film,PhysionetMI,81,0.8242424242424242
G_film,PhysionetMI,82,0.8681818181818182
G_film,PhysionetMI,83,0.7284615384615385
G_film,PhysionetMI,84,0.8643939393939395
G_film,PhysionetMI,85,0.9030303030303032
G_film,PhysionetMI,86,0.9615384615384616
G_film,PhysionetMI,87,0.5787878787878789
G_film,PhysionetMI,90,0.8492424242424242
G_film,PhysionetMI,91,0.8568181818181818
G_film,PhysionetMI,93,0.7818181818181819
G_film,PhysionetMI,94,0.8575757575757577
G_film,PhysionetMI,95,0.6607692307692308
G_film,PhysionetMI,96,0.8318181818181818
G_film,PhysionetMI,97,0.7946969696969697
G_film,PhysionetMI,98,0.4409090909090909
G_film,PhysionetMI,99,0.6128787878787879
G_film,PhysionetMI,101,0.8469230769230769
G_film,PhysionetMI,102,0.6348484848484849
G_film,PhysionetMI,103,0.8280303030303029
G_film,PhysionetMI,105,0.9416666666666668
G_film,PhysionetMI,107,0.5840909090909091
G_film,PhysionetMI,108,0.8045454545454545
G_film,PhysionetMI,109,0.556060606060606
G_lora,Cho2017,1,0.634
G_lora,Cho2017,2,0.528
G_lora,Cho2017,3,0.6599999999999999
G_lora,Cho2017,4,0.6599999999999999
G_lora,Cho2017,5,1.0
G_lora,Cho2017,6,0.8160000000000001
G_lora,Cho2017,7,0.515
G_lora,Cho2017,8,0.542
G_lora,Cho2017,9,0.5533333333333333
G_lora,Cho2017,10,0.5800000000000001
G_lora,Cho2017,11,0.616
G_lora,Cho2017,12,0.556
G_lora,Cho2017,13,0.834
G_lora,Cho2017,14,0.696
G_lora,Cho2017,15,0.524
G_lora,Cho2017,16,0.634
G_lora,Cho2017,17,0.584
G_lora,Cho2017,18,0.6140000000000001
G_lora,Cho2017,19,0.518
G_lora,Cho2017,20,0.626
G_lora,Cho2017,21,0.542
G_lora,Cho2017,22,0.592
G_lora,Cho2017,23,0.562
G_lora,Cho2017,24,0.528
G_lora,Cho2017,25,0.548
G_lora,Cho2017,26,0.992
G_lora,Cho2017,27,0.5980000000000001
G_lora,Cho2017,28,0.5980000000000001
G_lora,Cho2017,29,0.476
G_lora,Cho2017,30,0.716
G_lora,Cho2017,31,0.58
G_lora,Cho2017,32,0.552
G_lora,Cho2017,33,0.5700000000000001
G_lora,Cho2017,34,0.55
G_lora,Cho2017,35,0.4639999999999999
G_lora,Cho2017,36,0.54
G_lora,Cho2017,37,0.8800000000000001
G_lora,Cho2017,38,0.592
G_lora,Cho2017,39,0.528
G_lora,Cho2017,40,0.508
G_lora,Cho2017,41,0.616
G_lora,Cho2017,42,0.552
G_lora,Cho2017,43,1.0
G_lora,Cho2017,44,0.934
G_lora,Cho2017,45,0.524
G_lora,Cho2017,46,0.5533333333333333
G_lora,Cho2017,47,0.808
G_lora,Cho2017,48,0.644
G_lora,Cho2017,49,0.996
G_lora,Cho2017,50,0.96
G_lora,Cho2017,51,0.5700000000000001
G_lora,Cho2017,52,0.6
G_lora,Dreyer2023,1,0.8766666666666667
G_lora,Dreyer2023,2,0.6933333333333334
G_lora,Dreyer2023,3,0.8316666666666667
G_lora,Dreyer2023,5,0.8816666666666666
G_lora,Dreyer2023,6,0.7849999999999999
G_lora,Dreyer2023,7,0.9683333333333332
G_lora,Dreyer2023,8,0.82
G_lora,Dreyer2023,10,0.9283333333333332
G_lora,Dreyer2023,11,0.6266666666666667
G_lora,Dreyer2023,12,0.8916666666666666
G_lora,Dreyer2023,13,0.7416666666666666
G_lora,Dreyer2023,14,0.6983333333333333
G_lora,Dreyer2023,15,0.925
G_lora,Dreyer2023,16,0.8266666666666668
G_lora,Dreyer2023,18,0.92
G_lora,Dreyer2023,19,0.9066666666666666
G_lora,Dreyer2023,20,0.9166666666666666
G_lora,Dreyer2023,21,0.9233333333333332
G_lora,Dreyer2023,22,0.9216666666666666
G_lora,Dreyer2023,23,0.74
G_lora,Dreyer2023,24,0.9483333333333333
G_lora,Dreyer2023,25,0.6766666666666667
G_lora,Dreyer2023,26,0.805
G_lora,Dreyer2023,27,0.8016666666666667
G_lora,Dreyer2023,28,0.7866666666666666
G_lora,Dreyer2023,30,0.7033333333333334
G_lora,Dreyer2023,31,0.8949999999999999
G_lora,Dreyer2023,32,0.845
G_lora,Dreyer2023,33,0.7883333333333333
G_lora,Dreyer2023,34,0.8183333333333334
G_lora,Dreyer2023,35,0.7616666666666666
G_lora,Dreyer2023,36,0.8150000000000001
G_lora,Dreyer2023,37,0.7366666666666667
G_lora,Dreyer2023,38,0.8550000000000001
G_lora,Dreyer2023,39,0.925
G_lora,Dreyer2023,40,0.8672413793103448
G_lora,Dreyer2023,42,0.7733333333333334
G_lora,Dreyer2023,43,0.8833333333333334
G_lora,Dreyer2023,44,0.6566666666666666
G_lora,Dreyer2023,45,0.7416666666666666
G_lora,Dreyer2023,46,0.7366666666666667
G_lora,Dreyer2023,47,0.9
G_lora,Dreyer2023,48,0.6616666666666666
G_lora,Dreyer2023,49,0.775
G_lora,Dreyer2023,50,0.64
G_lora,Dreyer2023,51,0.7466666666666667
G_lora,Dreyer2023,52,0.7966666666666666
G_lora,Dreyer2023,53,0.7883333333333333
G_lora,Dreyer2023,54,0.7116666666666667
G_lora,Dreyer2023,55,0.94
G_lora,Dreyer2023,56,0.9216666666666666
G_lora,Dreyer2023,57,0.6433333333333333
G_lora,Dreyer2023,58,0.9333333333333332
G_lora,Dreyer2023,59,0.795
G_lora,Dreyer2023,60,0.8333333333333334
G_lora,Dreyer2023,61,0.86
G_lora,Dreyer2023,62,0.7466666666666667
G_lora,Dreyer2023,63,0.8
G_lora,Dreyer2023,64,0.7583333333333334
G_lora,Dreyer2023,65,0.8400000000000001
G_lora,Dreyer2023,66,0.7350000000000001
G_lora,Dreyer2023,67,0.8033333333333333
G_lora,Dreyer2023,68,0.75
G_lora,Dreyer2023,69,0.835
G_lora,Dreyer2023,70,0.6816666666666666
G_lora,Dreyer2023,71,0.8550000000000001
G_lora,Dreyer2023,72,0.8283333333333334
G_lora,Dreyer2023,73,0.7150000000000001
G_lora,Dreyer2023,74,0.7383333333333333
G_lora,Dreyer2023,75,0.7733333333333333
G_lora,Dreyer2023,76,0.8216666666666667
G_lora,Dreyer2023,77,0.8316666666666667
G_lora,Dreyer2023,80,0.7116666666666667
G_lora,Dreyer2023,81,0.845
G_lora,Dreyer2023,82,0.8233333333333333
G_lora,Dreyer2023,83,0.6583333333333334
G_lora,Dreyer2023,84,0.8466666666666667
G_lora,Dreyer2023,85,0.745
G_lora,Dreyer2023,86,0.8166666666666667
G_lora,Dreyer2023,87,0.7483333333333333
G_lora,PhysionetMI,1,0.8530303030303031
G_lora,PhysionetMI,2,0.9046153846153846
G_lora,PhysionetMI,3,0.9651515151515152
G_lora,PhysionetMI,4,0.8924242424242423
G_lora,PhysionetMI,5,0.7174242424242424
G_lora,PhysionetMI,6,0.8651515151515152
G_lora,PhysionetMI,7,0.9734848484848484
G_lora,PhysionetMI,8,0.8568181818181818
G_lora,PhysionetMI,9,0.9030769230769232
G_lora,PhysionetMI,10,0.67
G_lora,PhysionetMI,11,0.7181818181818181
G_lora,PhysionetMI,12,0.8810606060606061
G_lora,PhysionetMI,13,0.7946969696969697
G_lora,PhysionetMI,14,0.8181818181818181
G_lora,PhysionetMI,15,0.9230769230769232
G_lora,PhysionetMI,16,0.6416666666666666
G_lora,PhysionetMI,17,0.7856060606060605
G_lora,PhysionetMI,18,1.0
G_lora,PhysionetMI,19,0.912121212121212
G_lora,PhysionetMI,20,0.8674242424242424
G_lora,PhysionetMI,21,0.7598484848484849
G_lora,PhysionetMI,22,0.9636363636363636
G_lora,PhysionetMI,23,0.7992307692307692
G_lora,PhysionetMI,24,0.7946969696969697
G_lora,PhysionetMI,25,0.603030303030303
G_lora,PhysionetMI,26,0.6230769230769231
G_lora,PhysionetMI,27,0.8696969696969697
G_lora,PhysionetMI,28,0.7977272727272727
G_lora,PhysionetMI,29,0.7734848484848484
G_lora,PhysionetMI,30,0.8681818181818182
G_lora,PhysionetMI,31,0.7401515151515152
G_lora,PhysionetMI,32,0.93
G_lora,PhysionetMI,33,0.9204545454545456
G_lora,PhysionetMI,34,0.8215384615384614
G_lora,PhysionetMI,35,0.7962121212121211
G_lora,PhysionetMI,36,0.8651515151515152
G_lora,PhysionetMI,37,0.6454545454545455
G_lora,PhysionetMI,38,0.4878787878787879
G_lora,PhysionetMI,39,0.7174242424242425
G_lora,PhysionetMI,40,0.990909090909091
G_lora,PhysionetMI,41,0.976923076923077
G_lora,PhysionetMI,42,0.9075757575757576
G_lora,PhysionetMI,43,0.8628787878787879
G_lora,PhysionetMI,44,0.8333333333333334
G_lora,PhysionetMI,45,0.7886363636363637
G_lora,PhysionetMI,46,0.7143939393939395
G_lora,PhysionetMI,47,0.7431818181818182
G_lora,PhysionetMI,48,0.990909090909091
G_lora,PhysionetMI,49,0.746969696969697
G_lora,PhysionetMI,50,0.7893939393939393
G_lora,PhysionetMI,51,0.8575757575757577
G_lora,PhysionetMI,52,0.8815384615384616
G_lora,PhysionetMI,53,0.912121212121212
G_lora,PhysionetMI,54,0.8825757575757575
G_lora,PhysionetMI,55,0.8727272727272728
G_lora,PhysionetMI,56,0.8424242424242424
G_lora,PhysionetMI,57,0.9499999999999998
G_lora,PhysionetMI,58,0.8084615384615385
G_lora,PhysionetMI,59,0.6742424242424242
G_lora,PhysionetMI,60,0.8984615384615384
G_lora,PhysionetMI,61,0.9545454545454548
G_lora,PhysionetMI,62,0.9583333333333331
G_lora,PhysionetMI,63,0.7371212121212121
G_lora,PhysionetMI,64,0.728030303030303
G_lora,PhysionetMI,65,0.9242424242424242
G_lora,PhysionetMI,66,0.7871212121212121
G_lora,PhysionetMI,67,0.7909090909090909
G_lora,PhysionetMI,68,0.7325757575757577
G_lora,PhysionetMI,69,0.8207692307692307
G_lora,PhysionetMI,70,0.9742424242424242
G_lora,PhysionetMI,71,0.8787878787878787
G_lora,PhysionetMI,72,0.990909090909091
G_lora,PhysionetMI,73,0.793939393939394
G_lora,PhysionetMI,74,0.7674242424242425
G_lora,PhysionetMI,75,0.6787878787878788
G_lora,PhysionetMI,76,0.5522727272727272
G_lora,PhysionetMI,77,0.5946969696969697
G_lora,PhysionetMI,78,0.5946969696969697
G_lora,PhysionetMI,79,0.7340909090909091
G_lora,PhysionetMI,80,0.7961538461538462
G_lora,PhysionetMI,81,0.8810606060606062
G_lora,PhysionetMI,82,0.8280303030303031
G_lora,PhysionetMI,83,0.6992307692307692
G_lora,PhysionetMI,84,0.8234848484848485
G_lora,PhysionetMI,85,0.8613636363636363
G_lora,PhysionetMI,86,0.9846153846153848
G_lora,PhysionetMI,87,0.6287878787878787
G_lora,PhysionetMI,90,0.8742424242424243
G_lora,PhysionetMI,91,0.9318181818181815
G_lora,PhysionetMI,93,0.7696969696969698
G_lora,PhysionetMI,94,0.7863636363636364
G_lora,PhysionetMI,95,0.6838461538461539
G_lora,PhysionetMI,96,0.8583333333333332
G_lora,PhysionetMI,97,0.7893939393939393
G_lora,PhysionetMI,98,0.4621212121212121
G_lora,PhysionetMI,99,0.6234848484848484
G_lora,PhysionetMI,101,0.9307692307692308
G_lora,PhysionetMI,102,0.7333333333333334
G_lora,PhysionetMI,103,0.8242424242424242
G_lora,PhysionetMI,105,0.906818181818182
G_lora,PhysionetMI,107,0.5772727272727273
G_lora,PhysionetMI,108,0.8121212121212121
G_lora,PhysionetMI,109,0.7106060606060606
B0,Cho2017,1,0.596
B0,Cho2017,2,0.528
B0,Cho2017,3,0.702
B0,Cho2017,4,0.65
B0,Cho2017,5,0.986
B0,Cho2017,6,0.828
B0,Cho2017,7,0.5966666666666667
B0,Cho2017,8,0.554
B0,Cho2017,9,0.5549999999999999
B0,Cho2017,10,0.604
B0,Cho2017,11,0.5900000000000001
B0,Cho2017,12,0.54
B0,Cho2017,13,0.8220000000000001
B0,Cho2017,14,0.784
B0,Cho2017,15,0.5940000000000001
B0,Cho2017,16,0.634
B0,Cho2017,17,0.4939999999999999
B0,Cho2017,18,0.614
B0,Cho2017,19,0.51
B0,Cho2017,20,0.556
B0,Cho2017,21,0.546
B0,Cho2017,22,0.636
B0,Cho2017,23,0.5559999999999999
B0,Cho2017,24,0.54
B0,Cho2017,25,0.628
B0,Cho2017,26,0.988
B0,Cho2017,27,0.576
B0,Cho2017,28,0.5
B0,Cho2017,29,0.532
B0,Cho2017,30,0.6759999999999999
B0,Cho2017,31,0.518
B0,Cho2017,32,0.498
B0,Cho2017,33,0.522
B0,Cho2017,34,0.5700000000000001
B0,Cho2017,35,0.374
B0,Cho2017,36,0.554
B0,Cho2017,37,0.882
B0,Cho2017,38,0.544
B0,Cho2017,39,0.6
B0,Cho2017,40,0.516
B0,Cho2017,41,0.648
B0,Cho2017,42,0.562
B0,Cho2017,43,1.0
B0,Cho2017,44,0.95
B0,Cho2017,45,0.516
B0,Cho2017,46,0.5650000000000001
B0,Cho2017,47,0.7979999999999999
B0,Cho2017,48,0.6679999999999999
B0,Cho2017,49,1.0
B0,Cho2017,50,0.972
B0,Cho2017,51,0.65
B0,Cho2017,52,0.5740000000000001
B0,Dreyer2023,1,0.7833333333333334
B0,Dreyer2023,2,0.58
B0,Dreyer2023,3,0.6583333333333334
B0,Dreyer2023,5,0.775
B0,Dreyer2023,6,0.72
B0,Dreyer2023,7,0.8966666666666667
B0,Dreyer2023,8,0.7300000000000001
B0,Dreyer2023,10,0.8
B0,Dreyer2023,11,0.5666666666666667
B0,Dreyer2023,12,0.8066666666666666
B0,Dreyer2023,13,0.6883333333333334
B0,Dreyer2023,14,0.6316666666666666
B0,Dreyer2023,15,0.8133333333333332
B0,Dreyer2023,16,0.7833333333333333
B0,Dreyer2023,18,0.7783333333333333
B0,Dreyer2023,19,0.8116666666666668
B0,Dreyer2023,20,0.8066666666666666
B0,Dreyer2023,21,0.8266666666666668
B0,Dreyer2023,22,0.7783333333333333
B0,Dreyer2023,23,0.6733333333333333
B0,Dreyer2023,24,0.8483333333333334
B0,Dreyer2023,25,0.6033333333333333
B0,Dreyer2023,26,0.6733333333333333
B0,Dreyer2023,27,0.6883333333333332
B0,Dreyer2023,28,0.7183333333333334
B0,Dreyer2023,30,0.63
B0,Dreyer2023,31,0.75
B0,Dreyer2023,32,0.6900000000000001
B0,Dreyer2023,33,0.6483333333333333
B0,Dreyer2023,34,0.7416666666666667
B0,Dreyer2023,35,0.6649999999999999
B0,Dreyer2023,36,0.7016666666666667
B0,Dreyer2023,37,0.6333333333333333
B0,Dreyer2023,38,0.7283333333333333
B0,Dreyer2023,39,0.8966666666666667
B0,Dreyer2023,40,0.6948275862068967
B0,Dreyer2023,42,0.615
B0,Dreyer2023,43,0.805
B0,Dreyer2023,44,0.6216666666666667
B0,Dreyer2023,45,0.6783333333333333
B0,Dreyer2023,46,0.6916666666666667
B0,Dreyer2023,47,0.735
B0,Dreyer2023,48,0.64
B0,Dreyer2023,49,0.6966666666666667
B0,Dreyer2023,50,0.5700000000000001
B0,Dreyer2023,51,0.7066666666666667
B0,Dreyer2023,52,0.7033333333333334
B0,Dreyer2023,53,0.6916666666666667
B0,Dreyer2023,54,0.6683333333333333
B0,Dreyer2023,55,0.8916666666666666
B0,Dreyer2023,56,0.8866666666666667
B0,Dreyer2023,57,0.5766666666666667
B0,Dreyer2023,58,0.8916666666666666
B0,Dreyer2023,59,0.7275
B0,Dreyer2023,60,0.6950000000000001
B0,Dreyer2023,61,0.7683333333333333
B0,Dreyer2023,62,0.7233333333333334
B0,Dreyer2023,63,0.6416666666666666
B0,Dreyer2023,64,0.6466666666666667
B0,Dreyer2023,65,0.8183333333333334
B0,Dreyer2023,66,0.665
B0,Dreyer2023,67,0.735
B0,Dreyer2023,68,0.605
B0,Dreyer2023,69,0.7483333333333333
B0,Dreyer2023,70,0.4816666666666666
B0,Dreyer2023,71,0.6816666666666666
B0,Dreyer2023,72,0.6616666666666667
B0,Dreyer2023,73,0.6283333333333333
B0,Dreyer2023,74,0.635
B0,Dreyer2023,75,0.7183333333333334
B0,Dreyer2023,76,0.7983333333333333
B0,Dreyer2023,77,0.735
B0,Dreyer2023,80,0.5700000000000001
B0,Dreyer2023,81,0.7150000000000001
B0,Dreyer2023,82,0.78
B0,Dreyer2023,83,0.6066666666666667
B0,Dreyer2023,84,0.735
B0,Dreyer2023,85,0.6916666666666667
B0,Dreyer2023,86,0.7116666666666667
B0,Dreyer2023,87,0.7416666666666667
B0,PhysionetMI,1,0.781060606060606
B0,PhysionetMI,2,0.8115384615384615
B0,PhysionetMI,3,0.8568181818181818
B0,PhysionetMI,4,0.8219696969696969
B0,PhysionetMI,5,0.6477272727272727
B0,PhysionetMI,6,0.7575757575757576
B0,PhysionetMI,7,0.9053030303030304
B0,PhysionetMI,8,0.7560606060606061
B0,PhysionetMI,9,0.7930769230769231
B0,PhysionetMI,10,0.5976923076923077
B0,PhysionetMI,11,0.6227272727272727
B0,PhysionetMI,12,0.8219696969696969
B0,PhysionetMI,13,0.5409090909090908
B0,PhysionetMI,14,0.7045454545454545
B0,PhysionetMI,15,0.8784615384615385
B0,PhysionetMI,16,0.4954545454545455
B0,PhysionetMI,17,0.6825757575757576
B0,PhysionetMI,18,0.9462121212121212
B0,PhysionetMI,19,0.8363636363636363
B0,PhysionetMI,20,0.7954545454545455
B0,PhysionetMI,21,0.4045454545454545
B0,PhysionetMI,22,0.8583333333333334
B0,PhysionetMI,23,0.6046153846153846
B0,PhysionetMI,24,0.6053030303030302
B0,PhysionetMI,25,0.6227272727272728
B0,PhysionetMI,26,0.5453846153846154
B0,PhysionetMI,27,0.7234848484848485
B0,PhysionetMI,28,0.7727272727272727
B0,PhysionetMI,29,0.8106060606060606
B0,PhysionetMI,30,0.8378787878787879
B0,PhysionetMI,31,0.4537878787878787
B0,PhysionetMI,32,0.7892307692307693
B0,PhysionetMI,33,0.9303030303030304
B0,PhysionetMI,34,0.8492307692307692
B0,PhysionetMI,35,0.7340909090909091
B0,PhysionetMI,36,0.6401515151515152
B0,PhysionetMI,37,0.6507575757575758
B0,PhysionetMI,38,0.4469696969696969
B0,PhysionetMI,39,0.7431818181818182
B0,PhysionetMI,40,0.6901515151515152
B0,PhysionetMI,41,0.9292307692307692
B0,PhysionetMI,42,0.9030303030303032
B0,PhysionetMI,43,0.5484848484848486
B0,PhysionetMI,44,0.8219696969696969
B0,PhysionetMI,45,0.5954545454545455
B0,PhysionetMI,46,0.7083333333333334
B0,PhysionetMI,47,0.6954545454545455
B0,PhysionetMI,48,0.8469696969696969
B0,PhysionetMI,49,0.5431818181818182
B0,PhysionetMI,50,0.7439393939393939
B0,PhysionetMI,51,0.7439393939393939
B0,PhysionetMI,52,0.6861538461538461
B0,PhysionetMI,53,0.6901515151515152
B0,PhysionetMI,54,0.9363636363636364
B0,PhysionetMI,55,0.825
B0,PhysionetMI,56,0.7075757575757576
B0,PhysionetMI,57,0.8901515151515152
B0,PhysionetMI,58,0.8130769230769233
B0,PhysionetMI,59,0.7454545454545455
B0,PhysionetMI,60,0.8846153846153847
B0,PhysionetMI,61,0.740151515151515
B0,PhysionetMI,62,0.9166666666666664
B0,PhysionetMI,63,0.7681818181818182
B0,PhysionetMI,64,0.7621212121212121
B0,PhysionetMI,65,0.8075757575757576
B0,PhysionetMI,66,0.7113636363636363
B0,PhysionetMI,67,0.7416666666666667
B0,PhysionetMI,68,0.6946969696969697
B0,PhysionetMI,69,0.6369230769230769
B0,PhysionetMI,70,0.8007575757575758
B0,PhysionetMI,71,0.8159090909090908
B0,PhysionetMI,72,0.9272727272727274
B0,PhysionetMI,73,0.6462121212121212
B0,PhysionetMI,74,0.6568181818181819
B0,PhysionetMI,75,0.409090909090909
B0,PhysionetMI,76,0.5151515151515151
B0,PhysionetMI,77,0.5984848484848484
B0,PhysionetMI,78,0.5007575757575757
B0,PhysionetMI,79,0.65
B0,PhysionetMI,80,0.8076923076923077
B0,PhysionetMI,81,0.7439393939393939
B0,PhysionetMI,82,0.6537878787878788
B0,PhysionetMI,83,0.6892307692307693
B0,PhysionetMI,84,0.8583333333333334
B0,PhysionetMI,85,0.6727272727272727
B0,PhysionetMI,86,0.8538461538461538
B0,PhysionetMI,87,0.6196969696969696
B0,PhysionetMI,90,0.7621212121212121
B0,PhysionetMI,91,0.6924242424242424
B0,PhysionetMI,93,0.7174242424242424
B0,PhysionetMI,94,0.6962121212121213
B0,PhysionetMI,95,0.6138461538461538
B0,PhysionetMI,96,0.7507575757575757
B0,PhysionetMI,97,0.7621212121212121
B0,PhysionetMI,98,0.4446969696969697
B0,PhysionetMI,99,0.5424242424242424
B0,PhysionetMI,101,0.826153846153846
B0,PhysionetMI,102,0.6439393939393939
B0,PhysionetMI,103,0.6795454545454545
B0,PhysionetMI,105,0.834848484848485
B0,PhysionetMI,107,0.4537878787878788
B0,PhysionetMI,108,0.7219696969696969
B0,PhysionetMI,109,0.6303030303030303
B3_film,Cho2017,1,0.5820000000000001
B3_film,Cho2017,2,0.5
B3_film,Cho2017,3,0.5700000000000001
B3_film,Cho2017,4,0.588
B3_film,Cho2017,5,0.996
B3_film,Cho2017,6,0.8160000000000001
B3_film,Cho2017,7,0.475
B3_film,Cho2017,8,0.544
B3_film,Cho2017,9,0.495
B3_film,Cho2017,10,0.528
B3_film,Cho2017,11,0.5660000000000001
B3_film,Cho2017,12,0.4639999999999999
B3_film,Cho2017,13,0.608
B3_film,Cho2017,14,0.63
B3_film,Cho2017,15,0.512
B3_film,Cho2017,16,0.5740000000000001
B3_film,Cho2017,17,0.496
B3_film,Cho2017,18,0.548
B3_film,Cho2017,19,0.496
B3_film,Cho2017,20,0.5740000000000001
B3_film,Cho2017,21,0.52
B3_film,Cho2017,22,0.5660000000000001
B3_film,Cho2017,23,0.508
B3_film,Cho2017,24,0.492
B3_film,Cho2017,25,0.526
B3_film,Cho2017,26,0.988
B3_film,Cho2017,27,0.5
B3_film,Cho2017,28,0.514
B3_film,Cho2017,29,0.448
B3_film,Cho2017,30,0.5439999999999999
B3_film,Cho2017,31,0.526
B3_film,Cho2017,32,0.512
B3_film,Cho2017,33,0.506
B3_film,Cho2017,34,0.536
B3_film,Cho2017,35,0.448
B3_film,Cho2017,36,0.5
B3_film,Cho2017,37,0.852
B3_film,Cho2017,38,0.536
B3_film,Cho2017,39,0.506
B3_film,Cho2017,40,0.488
B3_film,Cho2017,41,0.512
B3_film,Cho2017,42,0.538
B3_film,Cho2017,43,0.998
B3_film,Cho2017,44,0.902
B3_film,Cho2017,45,0.524
B3_film,Cho2017,46,0.5433333333333333
B3_film,Cho2017,47,0.702
B3_film,Cho2017,48,0.58
B3_film,Cho2017,49,0.942
B3_film,Cho2017,50,0.8140000000000001
B3_film,Cho2017,51,0.6140000000000001
B3_film,Cho2017,52,0.55
B3_film,Dreyer2023,1,0.8533333333333333
B3_film,Dreyer2023,2,0.5983333333333334
B3_film,Dreyer2023,3,0.7816666666666667
B3_film,Dreyer2023,5,0.8
B3_film,Dreyer2023,6,0.7433333333333334
B3_film,Dreyer2023,7,0.94
B3_film,Dreyer2023,8,0.7616666666666667
B3_film,Dreyer2023,10,0.825
B3_film,Dreyer2023,11,0.6050000000000001
B3_film,Dreyer2023,12,0.8616666666666667
B3_film,Dreyer2023,13,0.7016666666666667
B3_film,Dreyer2023,14,0.6466666666666667
B3_film,Dreyer2023,15,0.865
B3_film,Dreyer2023,16,0.8066666666666666
B3_film,Dreyer2023,18,0.845
B3_film,Dreyer2023,19,0.825
B3_film,Dreyer2023,20,0.79
B3_film,Dreyer2023,21,0.9200000000000002
B3_film,Dreyer2023,22,0.8566666666666667
B3_film,Dreyer2023,23,0.7550000000000001
B3_film,Dreyer2023,24,0.8916666666666666
B3_film,Dreyer2023,25,0.6050000000000001
B3_film,Dreyer2023,26,0.6900000000000001
B3_film,Dreyer2023,27,0.7333333333333334
B3_film,Dreyer2023,28,0.705
B3_film,Dreyer2023,30,0.7033333333333334
B3_film,Dreyer2023,31,0.8033333333333333
B3_film,Dreyer2023,32,0.765
B3_film,Dreyer2023,33,0.6900000000000001
B3_film,Dreyer2023,34,0.79
B3_film,Dreyer2023,35,0.7416666666666667
B3_film,Dreyer2023,36,0.7133333333333333
B3_film,Dreyer2023,37,0.665
B3_film,Dreyer2023,38,0.8066666666666666
B3_film,Dreyer2023,39,0.91
B3_film,Dreyer2023,40,0.7862068965517242
B3_film,Dreyer2023,42,0.675
B3_film,Dreyer2023,43,0.8633333333333333
B3_film,Dreyer2023,44,0.6533333333333333
B3_film,Dreyer2023,45,0.71
B3_film,Dreyer2023,46,0.7
B3_film,Dreyer2023,47,0.8516666666666666
B3_film,Dreyer2023,48,0.6483333333333333
B3_film,Dreyer2023,49,0.7533333333333333
B3_film,Dreyer2023,50,0.6016666666666667
B3_film,Dreyer2023,51,0.7483333333333333
B3_film,Dreyer2023,52,0.7483333333333333
B3_film,Dreyer2023,53,0.7516666666666667
B3_film,Dreyer2023,54,0.7366666666666666
B3_film,Dreyer2023,55,0.8899999999999999
B3_film,Dreyer2023,56,0.925
B3_film,Dreyer2023,57,0.6333333333333334
B3_film,Dreyer2023,58,0.9016666666666666
B3_film,Dreyer2023,59,0.7625
B3_film,Dreyer2023,60,0.7649999999999999
B3_film,Dreyer2023,61,0.8266666666666665
B3_film,Dreyer2023,62,0.6799999999999999
B3_film,Dreyer2023,63,0.7283333333333333
B3_film,Dreyer2023,64,0.7066666666666667
B3_film,Dreyer2023,65,0.8083333333333332
B3_film,Dreyer2023,66,0.72
B3_film,Dreyer2023,67,0.7483333333333333
B3_film,Dreyer2023,68,0.6416666666666666
B3_film,Dreyer2023,69,0.8216666666666667
B3_film,Dreyer2023,70,0.595
B3_film,Dreyer2023,71,0.8099999999999999
B3_film,Dreyer2023,72,0.6599999999999999
B3_film,Dreyer2023,73,0.6833333333333333
B3_film,Dreyer2023,74,0.7283333333333333
B3_film,Dreyer2023,75,0.7383333333333333
B3_film,Dreyer2023,76,0.7666666666666667
B3_film,Dreyer2023,77,0.7616666666666667
B3_film,Dreyer2023,80,0.665
B3_film,Dreyer2023,81,0.7733333333333333
B3_film,Dreyer2023,82,0.7583333333333333
B3_film,Dreyer2023,83,0.6366666666666667
B3_film,Dreyer2023,84,0.7633333333333333
B3_film,Dreyer2023,85,0.7
B3_film,Dreyer2023,86,0.7583333333333333
B3_film,Dreyer2023,87,0.7866666666666666
B3_film,PhysionetMI,1,0.8515151515151516
B3_film,PhysionetMI,2,0.9138461538461538
B3_film,PhysionetMI,3,0.9492424242424242
B3_film,PhysionetMI,4,0.9196969696969696
B3_film,PhysionetMI,5,0.7136363636363636
B3_film,PhysionetMI,6,0.8651515151515152
B3_film,PhysionetMI,7,0.9575757575757576
B3_film,PhysionetMI,8,0.8401515151515152
B3_film,PhysionetMI,9,0.8699999999999999
B3_film,PhysionetMI,10,0.6053846153846154
B3_film,PhysionetMI,11,0.7015151515151515
B3_film,PhysionetMI,12,0.890909090909091
B3_film,PhysionetMI,13,0.7583333333333334
B3_film,PhysionetMI,14,0.7007575757575758
B3_film,PhysionetMI,15,0.9053846153846156
B3_film,PhysionetMI,16,0.6303030303030303
B3_film,PhysionetMI,17,0.8704545454545455
B3_film,PhysionetMI,18,0.9462121212121212
B3_film,PhysionetMI,19,0.8583333333333334
B3_film,PhysionetMI,20,0.8431818181818181
B3_film,PhysionetMI,21,0.6946969696969697
B3_film,PhysionetMI,22,0.9386363636363636
B3_film,PhysionetMI,23,0.7646153846153847
B3_film,PhysionetMI,24,0.7386363636363636
B3_film,PhysionetMI,25,0.6053030303030302
B3_film,PhysionetMI,26,0.6076923076923076
B3_film,PhysionetMI,27,0.8348484848484847
B3_film,PhysionetMI,28,0.7560606060606061
B3_film,PhysionetMI,29,0.7909090909090909
B3_film,PhysionetMI,30,0.8757575757575757
B3_film,PhysionetMI,31,0.7303030303030302
B3_film,PhysionetMI,32,0.9646153846153844
B3_film,PhysionetMI,33,0.9037878787878788
B3_film,PhysionetMI,34,0.7961538461538462
B3_film,PhysionetMI,35,0.7871212121212121
B3_film,PhysionetMI,36,0.8537878787878788
B3_film,PhysionetMI,37,0.6704545454545455
B3_film,PhysionetMI,38,0.4068181818181817
B3_film,PhysionetMI,39,0.6863636363636364
B3_film,PhysionetMI,40,0.8643939393939395
B3_film,PhysionetMI,41,0.9615384615384616
B3_film,PhysionetMI,42,0.8818181818181818
B3_film,PhysionetMI,43,0.7787878787878788
B3_film,PhysionetMI,44,0.9128787878787878
B3_film,PhysionetMI,45,0.7265151515151516
B3_film,PhysionetMI,46,0.7681818181818183
B3_film,PhysionetMI,47,0.7143939393939395
B3_film,PhysionetMI,48,0.9916666666666666
B3_film,PhysionetMI,49,0.7340909090909091
B3_film,PhysionetMI,50,0.7075757575757576
B3_film,PhysionetMI,51,0.8030303030303031
B3_film,PhysionetMI,52,0.8461538461538461
B3_film,PhysionetMI,53,0.8128787878787879
B3_film,PhysionetMI,54,0.8696969696969697
B3_film,PhysionetMI,55,0.8712121212121213
B3_film,PhysionetMI,56,0.8530303030303031
B3_film,PhysionetMI,57,0.9416666666666664
B3_film,PhysionetMI,58,0.7753846153846153
B3_film,PhysionetMI,59,0.6227272727272728
B3_film,PhysionetMI,60,0.8138461538461538
B3_film,PhysionetMI,61,0.9363636363636364
B3_film,PhysionetMI,62,0.9416666666666668
B3_film,PhysionetMI,63,0.7742424242424242
B3_film,PhysionetMI,64,0.6871212121212121
B3_film,PhysionetMI,65,0.8568181818181818
B3_film,PhysionetMI,66,0.8083333333333333
B3_film,PhysionetMI,67,0.8083333333333332
B3_film,PhysionetMI,68,0.7484848484848485
B3_film,PhysionetMI,69,0.7046153846153846
B3_film,PhysionetMI,70,0.9386363636363636
B3_film,PhysionetMI,71,0.9234848484848484
B3_film,PhysionetMI,72,0.9636363636363636
B3_film,PhysionetMI,73,0.7121212121212122
B3_film,PhysionetMI,74,0.818939393939394
B3_film,PhysionetMI,75,0.771969696969697
B3_film,PhysionetMI,76,0.6128787878787879
B3_film,PhysionetMI,77,0.6037878787878788
B3_film,PhysionetMI,78,0.4946969696969696
B3_film,PhysionetMI,79,0.7848484848484849
B3_film,PhysionetMI,80,0.8292307692307693
B3_film,PhysionetMI,81,0.843939393939394
B3_film,PhysionetMI,82,0.8083333333333333
B3_film,PhysionetMI,83,0.6915384615384615
B3_film,PhysionetMI,84,0.8583333333333332
B3_film,PhysionetMI,85,0.8878787878787879
B3_film,PhysionetMI,86,0.9692307692307692
B3_film,PhysionetMI,87,0.556060606060606
B3_film,PhysionetMI,90,0.8674242424242424
B3_film,PhysionetMI,91,0.8810606060606062
B3_film,PhysionetMI,93,0.7196969696969697
B3_film,PhysionetMI,94,0.7886363636363637
B3_film,PhysionetMI,95,0.6815384615384616
B3_film,PhysionetMI,96,0.8159090909090908
B3_film,PhysionetMI,97,0.8007575757575758
B3_film,PhysionetMI,98,0.4666666666666666
B3_film,PhysionetMI,99,0.6037878787878788
B3_film,PhysionetMI,101,0.8615384615384615
B3_film,PhysionetMI,102,0.6242424242424243
B3_film,PhysionetMI,103,0.8212121212121213
B3_film,PhysionetMI,105,0.9250000000000002
B3_film,PhysionetMI,107,0.5628787878787879
B3_film,PhysionetMI,108,0.8045454545454545
B3_film,PhysionetMI,109,0.5401515151515152
B3_lora,Cho2017,1,0.642
B3_lora,Cho2017,2,0.524
B3_lora,Cho2017,3,0.6719999999999999
B3_lora,Cho2017,4,0.64
B3_lora,Cho2017,5,1.0
B3_lora,Cho2017,6,0.8140000000000001
B3_lora,Cho2017,7,0.5033333333333333
B3_lora,Cho2017,8,0.54
B3_lora,Cho2017,9,0.5433333333333333
B3_lora,Cho2017,10,0.5820000000000001
B3_lora,Cho2017,11,0.604
B3_lora,Cho2017,12,0.514
B3_lora,Cho2017,13,0.8460000000000001
B3_lora,Cho2017,14,0.7220000000000001
B3_lora,Cho2017,15,0.52
B3_lora,Cho2017,16,0.626
B3_lora,Cho2017,17,0.55
B3_lora,Cho2017,18,0.6140000000000001
B3_lora,Cho2017,19,0.522
B3_lora,Cho2017,20,0.5660000000000001
B3_lora,Cho2017,21,0.546
B3_lora,Cho2017,22,0.592
B3_lora,Cho2017,23,0.562
B3_lora,Cho2017,24,0.4939999999999999
B3_lora,Cho2017,25,0.554
B3_lora,Cho2017,26,0.99
B3_lora,Cho2017,27,0.5660000000000001
B3_lora,Cho2017,28,0.5820000000000001
B3_lora,Cho2017,29,0.502
B3_lora,Cho2017,30,0.638
B3_lora,Cho2017,31,0.548
B3_lora,Cho2017,32,0.534
B3_lora,Cho2017,33,0.5860000000000001
B3_lora,Cho2017,34,0.548
B3_lora,Cho2017,35,0.396
B3_lora,Cho2017,36,0.534
B3_lora,Cho2017,37,0.874
B3_lora,Cho2017,38,0.5780000000000001
B3_lora,Cho2017,39,0.528
B3_lora,Cho2017,40,0.528
B3_lora,Cho2017,41,0.616
B3_lora,Cho2017,42,0.542
B3_lora,Cho2017,43,1.0
B3_lora,Cho2017,44,0.936
B3_lora,Cho2017,45,0.538
B3_lora,Cho2017,46,0.5483333333333333
B3_lora,Cho2017,47,0.8380000000000001
B3_lora,Cho2017,48,0.662
B3_lora,Cho2017,49,0.994
B3_lora,Cho2017,50,0.95
B3_lora,Cho2017,51,0.56
B3_lora,Cho2017,52,0.604
B3_lora,Dreyer2023,1,0.8850000000000001
B3_lora,Dreyer2023,2,0.6816666666666666
B3_lora,Dreyer2023,3,0.8183333333333334
B3_lora,Dreyer2023,5,0.8766666666666667
B3_lora,Dreyer2023,6,0.7716666666666667
B3_lora,Dreyer2023,7,0.9766666666666666
B3_lora,Dreyer2023,8,0.8266666666666665
B3_lora,Dreyer2023,10,0.9116666666666668
B3_lora,Dreyer2023,11,0.6316666666666666
B3_lora,Dreyer2023,12,0.8949999999999999
B3_lora,Dreyer2023,13,0.7566666666666666
B3_lora,Dreyer2023,14,0.6916666666666667
B3_lora,Dreyer2023,15,0.9266666666666664
B3_lora,Dreyer2023,16,0.8266666666666668
B3_lora,Dreyer2023,18,0.9066666666666666
B3_lora,Dreyer2023,19,0.8949999999999999
B3_lora,Dreyer2023,20,0.8966666666666667
B3_lora,Dreyer2023,21,0.9116666666666664
B3_lora,Dreyer2023,22,0.9283333333333332
B3_lora,Dreyer2023,23,0.7366666666666667
B3_lora,Dreyer2023,24,0.9399999999999998
B3_lora,Dreyer2023,25,0.67
B3_lora,Dreyer2023,26,0.7783333333333333
B3_lora,Dreyer2023,27,0.8066666666666666
B3_lora,Dreyer2023,28,0.7716666666666667
B3_lora,Dreyer2023,30,0.7116666666666667
B3_lora,Dreyer2023,31,0.8733333333333333
B3_lora,Dreyer2023,32,0.845
B3_lora,Dreyer2023,33,0.795
B3_lora,Dreyer2023,34,0.7933333333333333
B3_lora,Dreyer2023,35,0.7499999999999999
B3_lora,Dreyer2023,36,0.7983333333333332
B3_lora,Dreyer2023,37,0.735
B3_lora,Dreyer2023,38,0.8533333333333333
B3_lora,Dreyer2023,39,0.9183333333333332
B3_lora,Dreyer2023,40,0.8534482758620691
B3_lora,Dreyer2023,42,0.74
B3_lora,Dreyer2023,43,0.8816666666666666
B3_lora,Dreyer2023,44,0.6466666666666667
B3_lora,Dreyer2023,45,0.7466666666666667
B3_lora,Dreyer2023,46,0.7366666666666667
B3_lora,Dreyer2023,47,0.8933333333333333
B3_lora,Dreyer2023,48,0.6683333333333333
B3_lora,Dreyer2023,49,0.7833333333333333
B3_lora,Dreyer2023,50,0.6166666666666666
B3_lora,Dreyer2023,51,0.7466666666666667
B3_lora,Dreyer2023,52,0.7966666666666666
B3_lora,Dreyer2023,53,0.7866666666666667
B3_lora,Dreyer2023,54,0.7016666666666667
B3_lora,Dreyer2023,55,0.9366666666666668
B3_lora,Dreyer2023,56,0.9200000000000002
B3_lora,Dreyer2023,57,0.635
B3_lora,Dreyer2023,58,0.9233333333333332
B3_lora,Dreyer2023,59,0.78
B3_lora,Dreyer2023,60,0.8066666666666666
B3_lora,Dreyer2023,61,0.8633333333333333
B3_lora,Dreyer2023,62,0.7416666666666667
B3_lora,Dreyer2023,63,0.8133333333333332
B3_lora,Dreyer2023,64,0.765
B3_lora,Dreyer2023,65,0.835
B3_lora,Dreyer2023,66,0.7583333333333334
B3_lora,Dreyer2023,67,0.7916666666666666
B3_lora,Dreyer2023,68,0.7366666666666667
B3_lora,Dreyer2023,69,0.8516666666666666
B3_lora,Dreyer2023,70,0.6716666666666666
B3_lora,Dreyer2023,71,0.8550000000000001
B3_lora,Dreyer2023,72,0.8099999999999999
B3_lora,Dreyer2023,73,0.7466666666666667
B3_lora,Dreyer2023,74,0.735
B3_lora,Dreyer2023,75,0.7583333333333334
B3_lora,Dreyer2023,76,0.8216666666666667
B3_lora,Dreyer2023,77,0.8233333333333333
B3_lora,Dreyer2023,80,0.7116666666666667
B3_lora,Dreyer2023,81,0.8299999999999998
B3_lora,Dreyer2023,82,0.795
B3_lora,Dreyer2023,83,0.6883333333333334
B3_lora,Dreyer2023,84,0.8333333333333334
B3_lora,Dreyer2023,85,0.735
B3_lora,Dreyer2023,86,0.8383333333333333
B3_lora,Dreyer2023,87,0.7833333333333334
B3_lora,PhysionetMI,1,0.8356060606060606
B3_lora,PhysionetMI,2,0.8946153846153846
B3_lora,PhysionetMI,3,0.9484848484848484
B3_lora,PhysionetMI,4,0.9196969696969696
B3_lora,PhysionetMI,5,0.7204545454545455
B3_lora,PhysionetMI,6,0.8825757575757576
B3_lora,PhysionetMI,7,0.9825757575757575
B3_lora,PhysionetMI,8,0.8325757575757574
B3_lora,PhysionetMI,9,0.9076923076923076
B3_lora,PhysionetMI,10,0.7276923076923077
B3_lora,PhysionetMI,11,0.725
B3_lora,PhysionetMI,12,0.8643939393939395
B3_lora,PhysionetMI,13,0.803030303030303
B3_lora,PhysionetMI,14,0.7734848484848486
B3_lora,PhysionetMI,15,0.9284615384615386
B3_lora,PhysionetMI,16,0.6053030303030302
B3_lora,PhysionetMI,17,0.803030303030303
B3_lora,PhysionetMI,18,1.0
B3_lora,PhysionetMI,19,0.9106060606060604
B3_lora,PhysionetMI,20,0.9045454545454548
B3_lora,PhysionetMI,21,0.759090909090909
B3_lora,PhysionetMI,22,0.9636363636363636
B3_lora,PhysionetMI,23,0.7838461538461539
B3_lora,PhysionetMI,24,0.7863636363636364
B3_lora,PhysionetMI,25,0.5954545454545455
B3_lora,PhysionetMI,26,0.6407692307692308
B3_lora,PhysionetMI,27,0.8696969696969697
B3_lora,PhysionetMI,28,0.7984848484848485
B3_lora,PhysionetMI,29,0.7386363636363636
B3_lora,PhysionetMI,30,0.8583333333333334
B3_lora,PhysionetMI,31,0.7416666666666667
B3_lora,PhysionetMI,32,0.9323076923076924
B3_lora,PhysionetMI,33,0.9295454545454545
B3_lora,PhysionetMI,34,0.8215384615384614
B3_lora,PhysionetMI,35,0.8143939393939394
B3_lora,PhysionetMI,36,0.9113636363636364
B3_lora,PhysionetMI,37,0.6795454545454545
B3_lora,PhysionetMI,38,0.4946969696969697
B3_lora,PhysionetMI,39,0.7454545454545455
B3_lora,PhysionetMI,40,0.9818181818181818
B3_lora,PhysionetMI,41,0.9692307692307692
B3_lora,PhysionetMI,42,0.8916666666666668
B3_lora,PhysionetMI,43,0.8212121212121211
B3_lora,PhysionetMI,44,0.8606060606060606
B3_lora,PhysionetMI,45,0.7984848484848485
B3_lora,PhysionetMI,46,0.7424242424242424
B3_lora,PhysionetMI,47,0.7348484848484849
B3_lora,PhysionetMI,48,0.990909090909091
B3_lora,PhysionetMI,49,0.7628787878787879
B3_lora,PhysionetMI,50,0.7803030303030303
B3_lora,PhysionetMI,51,0.8242424242424242
B3_lora,PhysionetMI,52,0.8661538461538463
B3_lora,PhysionetMI,53,0.9015151515151516
B3_lora,PhysionetMI,54,0.8909090909090909
B3_lora,PhysionetMI,55,0.8462121212121213
B3_lora,PhysionetMI,56,0.8356060606060606
B3_lora,PhysionetMI,57,0.949242424242424
B3_lora,PhysionetMI,58,0.8161538461538462
B3_lora,PhysionetMI,59,0.6659090909090909
B3_lora,PhysionetMI,60,0.8884615384615385
B3_lora,PhysionetMI,61,0.9545454545454548
B3_lora,PhysionetMI,62,0.9583333333333331
B3_lora,PhysionetMI,63,0.7287878787878788
B3_lora,PhysionetMI,64,0.7621212121212122
B3_lora,PhysionetMI,65,0.9242424242424242
B3_lora,PhysionetMI,66,0.7704545454545455
B3_lora,PhysionetMI,67,0.7916666666666666
B3_lora,PhysionetMI,68,0.6727272727272727
B3_lora,PhysionetMI,69,0.8284615384615386
B3_lora,PhysionetMI,70,0.9659090909090908
B3_lora,PhysionetMI,71,0.9143939393939392
B3_lora,PhysionetMI,72,1.0
B3_lora,PhysionetMI,73,0.7568181818181818
B3_lora,PhysionetMI,74,0.7575757575757576
B3_lora,PhysionetMI,75,0.6606060606060606
B3_lora,PhysionetMI,76,0.5515151515151515
B3_lora,PhysionetMI,77,0.6037878787878788
B3_lora,PhysionetMI,78,0.5621212121212121
B3_lora,PhysionetMI,79,0.7515151515151516
B3_lora,PhysionetMI,80,0.7907692307692308
B3_lora,PhysionetMI,81,0.8704545454545455
B3_lora,PhysionetMI,82,0.8113636363636363
B3_lora,PhysionetMI,83,0.7215384615384616
B3_lora,PhysionetMI,84,0.8825757575757576
B3_lora,PhysionetMI,85,0.8878787878787879
B3_lora,PhysionetMI,86,0.9846153846153848
B3_lora,PhysionetMI,87,0.6303030303030303
B3_lora,PhysionetMI,90,0.8727272727272727
B3_lora,PhysionetMI,91,0.9166666666666666
B3_lora,PhysionetMI,93,0.7886363636363637
B3_lora,PhysionetMI,94,0.7954545454545455
B3_lora,PhysionetMI,95,0.6515384615384615
B3_lora,PhysionetMI,96,0.8583333333333332
B3_lora,PhysionetMI,97,0.7696969696969697
B3_lora,PhysionetMI,98,0.4621212121212121
B3_lora,PhysionetMI,99,0.6151515151515151
B3_lora,PhysionetMI,101,0.8976923076923077
B3_lora,PhysionetMI,102,0.7416666666666667
B3_lora,PhysionetMI,103,0.8575757575757577
B3_lora,PhysionetMI,105,0.906818181818182
B3_lora,PhysionetMI,107,0.5553030303030303
B3_lora,PhysionetMI,108,0.8537878787878788
B3_lora,PhysionetMI,109,0.6537878787878788
R2,Cho2017,1,0.616
R2,Cho2017,2,0.534
R2,Cho2017,3,0.774
R2,Cho2017,4,0.666
R2,Cho2017,5,1.0
R2,Cho2017,6,0.812
R2,Cho2017,7,0.54
R2,Cho2017,8,0.544
R2,Cho2017,9,0.5650000000000001
R2,Cho2017,10,0.602
R2,Cho2017,11,0.616
R2,Cho2017,12,0.564
R2,Cho2017,13,0.946
R2,Cho2017,14,0.834
R2,Cho2017,15,0.534
R2,Cho2017,16,0.6779999999999999
R2,Cho2017,17,0.5640000000000001
R2,Cho2017,18,0.63
R2,Cho2017,19,0.558
R2,Cho2017,20,0.6
R2,Cho2017,21,0.602
R2,Cho2017,22,0.628
R2,Cho2017,23,0.618
R2,Cho2017,24,0.55
R2,Cho2017,25,0.5820000000000001
R2,Cho2017,26,0.992
R2,Cho2017,27,0.5599999999999999
R2,Cho2017,28,0.5820000000000001
R2,Cho2017,29,0.522
R2,Cho2017,30,0.748
R2,Cho2017,31,0.558
R2,Cho2017,32,0.562
R2,Cho2017,33,0.556
R2,Cho2017,34,0.568
R2,Cho2017,35,0.358
R2,Cho2017,36,0.5660000000000001
R2,Cho2017,37,0.874
R2,Cho2017,38,0.5880000000000001
R2,Cho2017,39,0.54
R2,Cho2017,40,0.482
R2,Cho2017,41,0.62
R2,Cho2017,42,0.554
R2,Cho2017,43,1.0
R2,Cho2017,44,0.936
R2,Cho2017,45,0.538
R2,Cho2017,46,0.5650000000000001
R2,Cho2017,47,0.8300000000000001
R2,Cho2017,48,0.71
R2,Cho2017,49,1.0
R2,Cho2017,50,0.972
R2,Cho2017,51,0.6140000000000001
R2,Cho2017,52,0.558
R2,Dreyer2023,1,0.9083333333333332
R2,Dreyer2023,2,0.6983333333333334
R2,Dreyer2023,3,0.8550000000000001
R2,Dreyer2023,5,0.8983333333333334
R2,Dreyer2023,6,0.82
R2,Dreyer2023,7,0.965
R2,Dreyer2023,8,0.8400000000000001
R2,Dreyer2023,10,0.9366666666666668
R2,Dreyer2023,11,0.605
R2,Dreyer2023,12,0.93
R2,Dreyer2023,13,0.7616666666666666
R2,Dreyer2023,14,0.6933333333333334
R2,Dreyer2023,15,0.9316666666666666
R2,Dreyer2023,16,0.8300000000000001
R2,Dreyer2023,18,0.9166666666666666
R2,Dreyer2023,19,0.9266666666666664
R2,Dreyer2023,20,0.9200000000000002
R2,Dreyer2023,21,0.9283333333333332
R2,Dreyer2023,22,0.9183333333333332
R2,Dreyer2023,23,0.77
R2,Dreyer2023,24,0.97
R2,Dreyer2023,25,0.7133333333333333
R2,Dreyer2023,26,0.8366666666666667
R2,Dreyer2023,27,0.8216666666666667
R2,Dreyer2023,28,0.79
R2,Dreyer2023,30,0.7433333333333334
R2,Dreyer2023,31,0.9083333333333334
R2,Dreyer2023,32,0.875
R2,Dreyer2023,33,0.805
R2,Dreyer2023,34,0.8400000000000001
R2,Dreyer2023,35,0.7849999999999999
R2,Dreyer2023,36,0.8383333333333333
R2,Dreyer2023,37,0.6950000000000001
R2,Dreyer2023,38,0.8883333333333333
R2,Dreyer2023,39,0.9516666666666664
R2,Dreyer2023,40,0.8775862068965518
R2,Dreyer2023,42,0.7849999999999999
R2,Dreyer2023,43,0.8966666666666667
R2,Dreyer2023,44,0.6516666666666666
R2,Dreyer2023,45,0.8150000000000001
R2,Dreyer2023,46,0.765
R2,Dreyer2023,47,0.9016666666666666
R2,Dreyer2023,48,0.6533333333333333
R2,Dreyer2023,49,0.8333333333333333
R2,Dreyer2023,50,0.6383333333333333
R2,Dreyer2023,51,0.765
R2,Dreyer2023,52,0.8233333333333335
R2,Dreyer2023,53,0.8183333333333334
R2,Dreyer2023,54,0.7466666666666667
R2,Dreyer2023,55,0.93
R2,Dreyer2023,56,0.95
R2,Dreyer2023,57,0.6716666666666666
R2,Dreyer2023,58,0.9466666666666664
R2,Dreyer2023,59,0.7975
R2,Dreyer2023,60,0.8483333333333334
R2,Dreyer2023,61,0.8933333333333333
R2,Dreyer2023,62,0.7816666666666666
R2,Dreyer2023,63,0.8666666666666666
R2,Dreyer2023,64,0.7733333333333332
R2,Dreyer2023,65,0.8483333333333334
R2,Dreyer2023,66,0.7183333333333334
R2,Dreyer2023,67,0.7916666666666666
R2,Dreyer2023,68,0.735
R2,Dreyer2023,69,0.845
R2,Dreyer2023,70,0.665
R2,Dreyer2023,71,0.8266666666666665
R2,Dreyer2023,72,0.8216666666666667
R2,Dreyer2023,73,0.775
R2,Dreyer2023,74,0.7483333333333333
R2,Dreyer2023,75,0.775
R2,Dreyer2023,76,0.8533333333333333
R2,Dreyer2023,77,0.8516666666666666
R2,Dreyer2023,80,0.7383333333333333
R2,Dreyer2023,81,0.8550000000000001
R2,Dreyer2023,82,0.7716666666666667
R2,Dreyer2023,83,0.6950000000000001
R2,Dreyer2023,84,0.86
R2,Dreyer2023,85,0.7766666666666666
R2,Dreyer2023,86,0.8533333333333333
R2,Dreyer2023,87,0.8266666666666665
R2,PhysionetMI,1,0.8371212121212122
R2,PhysionetMI,2,0.9123076923076924
R2,PhysionetMI,3,0.9568181818181816
R2,PhysionetMI,4,0.8734848484848484
R2,PhysionetMI,5,0.7113636363636363
R2,PhysionetMI,6,0.8825757575757576
R2,PhysionetMI,7,0.990909090909091
R2,PhysionetMI,8,0.8393939393939395
R2,PhysionetMI,9,0.9
R2,PhysionetMI,10,0.7330769230769232
R2,PhysionetMI,11,0.7348484848484849
R2,PhysionetMI,12,0.8560606060606061
R2,PhysionetMI,13,0.7666666666666667
R2,PhysionetMI,14,0.8166666666666667
R2,PhysionetMI,15,0.9307692307692308
R2,PhysionetMI,16,0.6946969696969697
R2,PhysionetMI,17,0.7765151515151516
R2,PhysionetMI,18,1.0
R2,PhysionetMI,19,0.8939393939393939
R2,PhysionetMI,20,0.8939393939393939
R2,PhysionetMI,21,0.7780303030303031
R2,PhysionetMI,22,0.9545454545454548
R2,PhysionetMI,23,0.8092307692307692
R2,PhysionetMI,24,0.793939393939394
R2,PhysionetMI,25,0.5348484848484848
R2,PhysionetMI,26,0.6107692307692307
R2,PhysionetMI,27,0.8515151515151516
R2,PhysionetMI,28,0.8424242424242424
R2,PhysionetMI,29,0.7287878787878788
R2,PhysionetMI,30,0.9015151515151516
R2,PhysionetMI,31,0.7833333333333334
R2,PhysionetMI,32,0.95
R2,PhysionetMI,33,0.912121212121212
R2,PhysionetMI,34,0.8038461538461539
R2,PhysionetMI,35,0.8227272727272726
R2,PhysionetMI,36,0.9386363636363636
R2,PhysionetMI,37,0.6045454545454546
R2,PhysionetMI,38,0.4886363636363636
R2,PhysionetMI,39,0.7515151515151516
R2,PhysionetMI,40,0.9818181818181818
R2,PhysionetMI,41,0.9923076923076924
R2,PhysionetMI,42,0.8583333333333334
R2,PhysionetMI,43,0.8378787878787879
R2,PhysionetMI,44,0.9053030303030304
R2,PhysionetMI,45,0.8151515151515152
R2,PhysionetMI,46,0.7416666666666667
R2,PhysionetMI,47,0.7583333333333334
R2,PhysionetMI,48,1.0
R2,PhysionetMI,49,0.7712121212121212
R2,PhysionetMI,50,0.7886363636363636
R2,PhysionetMI,51,0.8575757575757577
R2,PhysionetMI,52,0.883846153846154
R2,PhysionetMI,53,0.8833333333333334
R2,PhysionetMI,54,0.9000000000000001
R2,PhysionetMI,55,0.8712121212121211
R2,PhysionetMI,56,0.8590909090909091
R2,PhysionetMI,57,0.9583333333333331
R2,PhysionetMI,58,0.8292307692307693
R2,PhysionetMI,59,0.675
R2,PhysionetMI,60,0.8584615384615384
R2,PhysionetMI,61,0.9545454545454548
R2,PhysionetMI,62,0.9416666666666668
R2,PhysionetMI,63,0.8090909090909092
R2,PhysionetMI,64,0.7621212121212121
R2,PhysionetMI,65,0.9083333333333334
R2,PhysionetMI,66,0.7704545454545455
R2,PhysionetMI,67,0.7492424242424243
R2,PhysionetMI,68,0.7242424242424244
R2,PhysionetMI,69,0.8392307692307692
R2,PhysionetMI,70,0.9651515151515152
R2,PhysionetMI,71,0.8969696969696971
R2,PhysionetMI,72,0.9818181818181818
R2,PhysionetMI,73,0.7583333333333334
R2,PhysionetMI,74,0.7916666666666667
R2,PhysionetMI,75,0.6628787878787878
R2,PhysionetMI,76,0.6053030303030302
R2,PhysionetMI,77,0.593939393939394
R2,PhysionetMI,78,0.5803030303030303
R2,PhysionetMI,79,0.7507575757575757
R2,PhysionetMI,80,0.8038461538461539
R2,PhysionetMI,81,0.8803030303030305
R2,PhysionetMI,82,0.8371212121212122
R2,PhysionetMI,83,0.7615384615384616
R2,PhysionetMI,84,0.8462121212121213
R2,PhysionetMI,85,0.8795454545454545
R2,PhysionetMI,86,0.9846153846153848
R2,PhysionetMI,87,0.646969696969697
R2,PhysionetMI,90,0.8742424242424243
R2,PhysionetMI,91,0.8916666666666666
R2,PhysionetMI,93,0.7787878787878788
R2,PhysionetMI,94,0.8030303030303031
R2,PhysionetMI,95,0.6238461538461538
R2,PhysionetMI,96,0.8666666666666666
R2,PhysionetMI,97,0.7704545454545454
R2,PhysionetMI,98,0.4712121212121212
R2,PhysionetMI,99,0.6212121212121212
R2,PhysionetMI,101,0.8976923076923077
R2,PhysionetMI,102,0.7886363636363637
R2,PhysionetMI,103,0.8568181818181818
R2,PhysionetMI,105,0.8992424242424244
R2,PhysionetMI,107,0.5742424242424242
R2,PhysionetMI,108,0.8204545454545455
R2,PhysionetMI,109,0.6787878787878788
