variant,dataset,subject,nearest_ba,random_ba,start_ba,difference,nearest_gain,random_gain
film_offset,Lee2019_MI,1,0.6,0.6304000000000001,0.65,-0.030399999999999937,-0.049999999999999954,-0.019599999999999996
film_offset,Lee2019_MI,2,0.47000000000000003,0.5384,0.588,-0.06839999999999999,-0.11800000000000002,-0.04959999999999998
film_offset,Lee2019_MI,3,0.616,0.6686,0.75,-0.0526,-0.13400000000000006,-0.0814
film_offset,Lee2019_MI,4,0.774,0.7312000000000001,0.742,0.04279999999999996,0.03200000000000003,-0.010799999999999966
film_offset,Lee2019_MI,5,0.55,0.5476000000000001,0.5700000000000001,0.002400000000000021,-0.019999999999999952,-0.022399999999999955
film_offset,Lee2019_MI,6,0.714,0.6684,0.746,0.04559999999999996,-0.03200000000000001,-0.0776
film_offset,Lee2019_MI,7,0.6639999999999999,0.6956,0.77,-0.03159999999999996,-0.10600000000000002,-0.07440000000000005
film_offset,Lee2019_MI,8,0.72,0.7470000000000001,0.8280000000000001,-0.027000000000000017,-0.10800000000000003,-0.081
film_offset,Lee2019_MI,9,0.604,0.5716,0.6060000000000001,0.032399999999999964,-0.002000000000000024,-0.03440000000000001
film_offset,Lee2019_MI,10,0.594,0.5928,0.608,0.0011999999999999789,-0.014000000000000012,-0.015199999999999991
film_offset,Lee2019_MI,11,0.5720000000000001,0.5776,0.602,-0.00559999999999998,-0.02999999999999998,-0.024399999999999998
film_offset,Lee2019_MI,12,0.762,0.7348,0.732,0.02720000000000002,0.030000000000000027,0.0027999999999999805
film_offset,Lee2019_MI,13,0.49800000000000005,0.5438,0.6239999999999999,-0.04579999999999992,-0.12599999999999995,-0.08020000000000001
film_offset,Lee2019_MI,14,0.52,0.5102,0.504,0.009799999999999962,0.016000000000000025,0.006200000000000061
film_offset,Lee2019_MI,15,0.46399999999999997,0.6345999999999999,0.8320000000000001,-0.17059999999999992,-0.368,-0.19740000000000008
film_offset,Lee2019_MI,16,0.616,0.6054,0.6439999999999999,0.0106,-0.02799999999999996,-0.03859999999999995
film_offset,Lee2019_MI,17,0.616,0.6028,0.6140000000000001,0.0132,0.0019999999999999797,-0.011200000000000033
film_offset,Lee2019_MI,18,0.5439999999999999,0.5408,0.6519999999999999,0.0032,-0.10799999999999998,-0.1112
film_offset,Lee2019_MI,19,0.718,0.6587999999999999,0.712,0.059199999999999996,0.006000000000000028,-0.053200000000000025
film_offset,Lee2019_MI,20,0.5519999999999999,0.5432,0.6140000000000001,0.008800000000000021,-0.062000000000000034,-0.07080000000000004
film_offset,Lee2019_MI,21,0.712,0.6418,0.736,0.07019999999999998,-0.023999999999999976,-0.09419999999999999
film_offset,Lee2019_MI,22,0.596,0.5984,0.624,-0.0023999999999999603,-0.028000000000000025,-0.025600000000000067
film_offset,Lee2019_MI,23,0.48200000000000004,0.49079999999999996,0.48200000000000004,-0.008799999999999942,-1.1102230246251566e-17,0.008799999999999952
film_offset,Lee2019_MI,24,0.5,0.5184,0.538,-0.01839999999999998,-0.038000000000000034,-0.019600000000000027
film_offset,Lee2019_MI,25,0.53,0.5404,0.546,-0.01039999999999996,-0.016000000000000014,-0.005600000000000049
film_offset,Lee2019_MI,26,0.624,0.6397999999999999,0.714,-0.015799999999999977,-0.08999999999999994,-0.07419999999999996
film_offset,Lee2019_MI,27,0.6859999999999999,0.626,0.728,0.059999999999999984,-0.041999999999999996,-0.10200000000000001
film_offset,Lee2019_MI,28,0.9099999999999999,0.8766,0.9019999999999999,0.03339999999999986,0.007999999999999962,-0.025399999999999957
film_offset,Lee2019_MI,29,0.6060000000000001,0.5518,0.6719999999999999,0.054200000000000005,-0.06599999999999998,-0.1202
film_offset,Lee2019_MI,30,0.746,0.7074,0.704,0.03860000000000002,0.04200000000000006,0.003400000000000003
film_offset,Lee2019_MI,31,0.632,0.5776,0.6699999999999999,0.054399999999999914,-0.03799999999999999,-0.09239999999999995
film_offset,Lee2019_MI,32,0.564,0.5842,0.618,-0.020200000000000003,-0.054000000000000006,-0.03379999999999998
film_offset,Lee2019_MI,33,0.71,0.7298,0.794,-0.01980000000000006,-0.08400000000000005,-0.06419999999999997
film_offset,Lee2019_MI,34,0.56,0.548,0.512,0.01199999999999998,0.048000000000000057,0.03600000000000007
film_offset,Lee2019_MI,35,0.958,0.9372,0.952,0.020799999999999957,0.006000000000000005,-0.014800000000000013
film_offset,Lee2019_MI,36,0.8220000000000001,0.8151999999999999,0.8619999999999999,0.0068000000000000395,-0.039999999999999966,-0.04680000000000002
film_offset,Lee2019_MI,37,0.6060000000000001,0.6304000000000001,0.692,-0.02439999999999996,-0.086,-0.06159999999999999
film_offset,Lee2019_MI,38,0.56,0.5426,0.554,0.017399999999999936,0.006000000000000005,-0.011399999999999966
film_offset,Lee2019_MI,39,0.6599999999999999,0.6242,0.7,0.03579999999999996,-0.039999999999999994,-0.07579999999999998
film_offset,Lee2019_MI,40,0.706,0.6514,0.6739999999999999,0.05459999999999996,0.03200000000000003,-0.022599999999999974
film_offset,Lee2019_MI,41,0.47800000000000004,0.5184,0.5820000000000001,-0.040400000000000005,-0.10400000000000005,-0.06359999999999999
film_offset,Lee2019_MI,42,0.612,0.6534000000000001,0.71,-0.041400000000000006,-0.098,-0.05659999999999996
film_offset,Lee2019_MI,43,0.792,0.7194,0.762,0.07260000000000004,0.030000000000000027,-0.04260000000000004
film_offset,Lee2019_MI,44,0.71,0.6931999999999999,0.728,0.01680000000000002,-0.018000000000000016,-0.03480000000000005
film_offset,Lee2019_MI,45,0.522,0.5418000000000001,0.6559999999999999,-0.0198,-0.13399999999999995,-0.11419999999999993
film_offset,Lee2019_MI,46,0.6639999999999999,0.639,0.6699999999999999,0.024999999999999918,-0.006000000000000005,-0.030999999999999937
film_offset,Lee2019_MI,47,0.522,0.5524000000000001,0.584,-0.030399999999999993,-0.061999999999999986,-0.03159999999999996
film_offset,Lee2019_MI,48,0.776,0.8103999999999999,0.8400000000000001,-0.03439999999999996,-0.06400000000000002,-0.029600000000000026
film_offset,Lee2019_MI,49,0.532,0.578,0.608,-0.0459999999999999,-0.076,-0.030000000000000072
film_offset,Lee2019_MI,50,0.53,0.5502,0.542,-0.02019999999999996,-0.011999999999999988,0.008199999999999985
film_offset,Lee2019_MI,51,0.694,0.6792,0.694,0.01479999999999992,-2.2204460492503132e-17,-0.014799999999999947
film_offset,Lee2019_MI,52,0.6599999999999999,0.6532,0.7,0.006799999999999945,-0.040000000000000036,-0.046799999999999974
film_offset,Lee2019_MI,53,0.524,0.5628,0.614,-0.03879999999999996,-0.08999999999999997,-0.05119999999999998
film_offset,Lee2019_MI,54,0.616,0.596,0.64,0.02,-0.02400000000000002,-0.04400000000000004
lora8,Lee2019_MI,1,0.608,0.6464,0.626,-0.03839999999999994,-0.017999999999999995,0.020399999999999974
lora8,Lee2019_MI,2,0.58,0.5846,0.608,-0.00459999999999998,-0.02799999999999999,-0.02340000000000002
lora8,Lee2019_MI,3,0.674,0.6766,0.6799999999999999,-0.0025999999999999994,-0.006000000000000005,-0.003400000000000003
lora8,Lee2019_MI,4,0.782,0.7746000000000001,0.796,0.00739999999999998,-0.014000000000000035,-0.02140000000000002
lora8,Lee2019_MI,5,0.5780000000000001,0.5376000000000001,0.5660000000000001,0.04039999999999992,0.011999999999999988,-0.02839999999999996
lora8,Lee2019_MI,6,0.766,0.718,0.754,0.048,0.01200000000000001,-0.03600000000000001
lora8,Lee2019_MI,7,0.6599999999999999,0.6992,0.724,-0.03919999999999998,-0.06400000000000002,-0.0248
lora8,Lee2019_MI,8,0.742,0.7668000000000001,0.8019999999999999,-0.02480000000000004,-0.06000000000000003,-0.03519999999999997
lora8,Lee2019_MI,9,0.6020000000000001,0.5818,0.626,0.020200000000000023,-0.023999999999999976,-0.044199999999999996
lora8,Lee2019_MI,10,0.5660000000000001,0.5686,0.592,-0.00259999999999998,-0.026000000000000002,-0.02340000000000002
lora8,Lee2019_MI,11,0.608,0.5810000000000001,0.5800000000000001,0.02699999999999996,0.027999999999999935,0.0009999999999999564
lora8,Lee2019_MI,12,0.74,0.7512,0.728,-0.01119999999999998,0.01200000000000001,0.0232
lora8,Lee2019_MI,13,0.6060000000000001,0.5993999999999999,0.682,0.00660000000000002,-0.07599999999999998,-0.08259999999999998
lora8,Lee2019_MI,14,0.542,0.5308,0.502,0.01119999999999994,0.040000000000000015,0.02880000000000007
lora8,Lee2019_MI,15,0.734,0.734,0.826,-2.7755575615628915e-18,-0.09200000000000001,-0.09200000000000001
lora8,Lee2019_MI,16,0.6060000000000001,0.6354,0.646,-0.0294,-0.039999999999999966,-0.010599999999999965
lora8,Lee2019_MI,17,0.674,0.6594,0.6639999999999999,0.014599999999999998,0.010000000000000054,-0.00459999999999996
lora8,Lee2019_MI,18,0.5720000000000001,0.6012000000000001,0.6439999999999999,-0.029199999999999997,-0.07199999999999995,-0.04279999999999995
lora8,Lee2019_MI,19,0.742,0.6678,0.734,0.07420000000000004,0.007999999999999985,-0.06620000000000008
lora8,Lee2019_MI,20,0.616,0.6022000000000001,0.6199999999999999,0.01380000000000002,-0.003999999999999959,-0.017799999999999993
lora8,Lee2019_MI,21,0.774,0.7524,0.792,0.0216,-0.018000000000000016,-0.03960000000000004
lora8,Lee2019_MI,22,0.5820000000000001,0.5875999999999999,0.6,-0.00559999999999996,-0.017999999999999995,-0.012400000000000012
lora8,Lee2019_MI,23,0.47000000000000003,0.49939999999999996,0.512,-0.02939999999999996,-0.042000000000000016,-0.0126
lora8,Lee2019_MI,24,0.5700000000000001,0.5514,0.5960000000000001,0.01859999999999998,-0.026000000000000023,-0.044600000000000015
lora8,Lee2019_MI,25,0.5700000000000001,0.554,0.562,0.015999999999999962,0.007999999999999985,-0.007999999999999985
lora8,Lee2019_MI,26,0.646,0.6382,0.692,0.0078,-0.04599999999999995,-0.05379999999999996
lora8,Lee2019_MI,27,0.746,0.6736000000000001,0.726,0.07239999999999992,0.020000000000000018,-0.05239999999999996
lora8,Lee2019_MI,28,0.9199999999999999,0.9156000000000001,0.93,0.00439999999999992,-0.009999999999999986,-0.014400000000000013
lora8,Lee2019_MI,29,0.74,0.6872,0.808,0.05279999999999996,-0.06799999999999995,-0.12079999999999994
lora8,Lee2019_MI,30,0.8,0.7972,0.806,0.0027999999999999796,-0.005999999999999983,-0.008799999999999985
lora8,Lee2019_MI,31,0.6839999999999999,0.6376000000000001,0.702,0.046399999999999886,-0.018000000000000016,-0.06439999999999994
lora8,Lee2019_MI,32,0.55,0.5906,0.63,-0.040599999999999956,-0.07999999999999996,-0.03939999999999997
lora8,Lee2019_MI,33,0.758,0.72,0.796,0.038,-0.038000000000000034,-0.07600000000000007
lora8,Lee2019_MI,34,0.5820000000000001,0.5434,0.534,0.03859999999999998,0.048,0.00940000000000003
lora8,Lee2019_MI,35,0.974,0.9708,0.9879999999999999,0.00319999999999996,-0.014000000000000012,-0.017199999999999993
lora8,Lee2019_MI,36,0.924,0.8952,0.924,0.02880000000000002,2.2204460492503132e-17,-0.028800000000000048
lora8,Lee2019_MI,37,0.666,0.6534,0.6819999999999999,0.0126,-0.01599999999999997,-0.02859999999999998
lora8,Lee2019_MI,38,0.5599999999999999,0.5326,0.56,0.02740000000000008,-4.4408920985006264e-17,-0.02740000000000009
lora8,Lee2019_MI,39,0.6759999999999999,0.6544000000000001,0.696,0.021599999999999977,-0.019999999999999997,-0.04159999999999999
lora8,Lee2019_MI,40,0.7,0.6436,0.664,0.056399999999999985,0.03599999999999996,-0.02040000000000004
lora8,Lee2019_MI,41,0.504,0.5332000000000001,0.552,-0.02920000000000002,-0.04800000000000001,-0.018799999999999973
lora8,Lee2019_MI,42,0.608,0.6586,0.712,-0.050599999999999944,-0.10399999999999998,-0.0534
lora8,Lee2019_MI,43,0.8539999999999999,0.8028000000000001,0.8200000000000001,0.051199999999999926,0.03399999999999994,-0.017200000000000014
lora8,Lee2019_MI,44,0.746,0.7118,0.788,0.03419999999999994,-0.04200000000000004,-0.0762
lora8,Lee2019_MI,45,0.64,0.6046,0.6759999999999999,0.03539999999999996,-0.03599999999999996,-0.07139999999999995
lora8,Lee2019_MI,46,0.654,0.6288,0.6439999999999999,0.0252,0.010000000000000009,-0.015200000000000014
lora8,Lee2019_MI,47,0.5680000000000001,0.5684,0.612,-0.0003999999999999615,-0.04399999999999995,-0.04359999999999999
lora8,Lee2019_MI,48,0.8140000000000001,0.8288,0.804,-0.014799999999999999,0.010000000000000009,0.024800000000000023
lora8,Lee2019_MI,49,0.604,0.6032,0.614,0.0008000000000000406,-0.009999999999999964,-0.010799999999999987
lora8,Lee2019_MI,50,0.5700000000000001,0.5542,0.524,0.0158,0.04600000000000002,0.030200000000000005
lora8,Lee2019_MI,51,0.736,0.6968,0.708,0.03919999999999998,0.028000000000000004,-0.011199999999999988
lora8,Lee2019_MI,52,0.6799999999999999,0.6652,0.6859999999999999,0.0147999999999999,-0.006000000000000028,-0.02079999999999995
lora8,Lee2019_MI,53,0.5720000000000001,0.5908,0.5900000000000001,-0.01879999999999996,-0.017999999999999995,0.0007999999999999785
lora8,Lee2019_MI,54,0.6020000000000001,0.6006,0.624,0.0014000000000000603,-0.02199999999999993,-0.023399999999999976
