variant,dataset,b0_mean,b0_sd,adapted_mean,adapted_sd,head_mean,n,median_gain_pp,mean_gain_pp,sd_gain_pp,improved_fraction,drop_gt_2pp_fraction,statistic,p_raw,p_holm
film_first2,PhysionetMI,0.7184186525448659,0.12817678404349298,0.7310034625568607,0.13725875927901246,0.7197499264489556,103,1.8181818182,1.2584810012019414,6.401615550203095,0.6310679611650486,0.2524271844660194,1926.0,0.019364415962829146,0.05809324788848744
film_first2,Dreyer2023,0.7119457614942528,0.08571000855723146,0.7333207614942528,0.08888491404907836,0.7229335488505747,80,2.0,2.1374999999999997,3.2355678693883534,0.7,0.0375,516.0,1.9834457380422534e-07,1.9834457380422534e-06
film_first2,Cho2017,0.6422435897435897,0.15523202277533482,0.6719679487179488,0.15596437305619554,0.6781858974358974,52,1.7999999999999998,2.972435897436538,7.358899940151646,0.6153846153846154,0.1346153846153846,318.5,0.0034394335633274303,0.013757734253309721
film_first2,Dreyer+Cho,0.6844873301985371,0.12239372236554788,0.7091514716126786,0.12304468219204466,0.7053056861720656,132,2.0,2.4664141414143943,5.250108438175433,0.6666666666666666,0.07575757575757576,1663.0,4.55568343910436e-09,5.466820126925232e-08
film_first2,pooled,0.6993593565886304,0.12582730422795807,0.7187291527499158,0.12963858849539128,0.7116365659530003,235,1.8333333333,1.9369796161297872,5.801297757096659,0.6510638297872341,0.15319148936170213,7474.0,8.93184522262827e-09,9.825029744891097e-08
film_all,PhysionetMI,0.7184186525448659,0.12817678404349298,0.7455558195849459,0.14134158325745597,0.7197499264489556,103,2.5757575758,2.71371670401068,8.245168934710517,0.6601941747572816,0.2621359223300971,1689.5,0.0017605072103193298,0.008802536051596649
film_all,Dreyer2023,0.7119457614942528,0.08571000855723146,0.754114224137931,0.0881255600735548,0.7229335488505747,80,3.75,4.21684626436625,4.0503582220353325,0.85,0.05,212.0,2.2896214663449783e-11,3.4344321995174676e-10
film_all,Cho2017,0.6422435897435897,0.15523202277533482,0.6741538461538462,0.15851436450360018,0.6781858974358974,52,0.7000000000000001,3.191025641025,8.643680214007407,0.5961538461538461,0.23076923076923078,428.5,0.027917752783067375,0.05809324788848744
film_all,Dreyer+Cho,0.6844873301985371,0.12239372236554788,0.7226146812957158,0.1265058081017688,0.7053056861720656,132,3.0,3.812735109716667,6.26365011421684,0.75,0.12121212121212122,1272.5,4.01819364644532e-12,7.232748563601576e-11
film_all,pooled,0.6993593565886304,0.12582730422795807,0.7326697333969527,0.1334075989872377,0.7116365659530003,235,2.8333333333,3.3310376808327664,7.203895765049177,0.7106382978723405,0.1829787234042553,6239.5,1.1749242632074123e-12,2.3498485264148245e-11
lora4,PhysionetMI,0.7184186525448659,0.12817678404349298,0.7525446398261934,0.13382971077514322,0.7197499264489556,103,2.8787878788000003,3.412598728130097,7.470430106821111,0.6893203883495146,0.1941747572815534,1264.0,8.872883544268177e-06,7.098306835414542e-05
lora4,Dreyer2023,0.7119457614942528,0.08571000855723146,0.7492403017241379,0.09011998360888152,0.7229335488505747,80,3.1666666666500003,3.7294540229837505,3.552286748958501,0.9,0.0375,156.5,3.456201454863972e-12,6.566782764241547e-11
lora4,Cho2017,0.6422435897435897,0.15523202277533482,0.6890961538461539,0.1536746036901989,0.6781858974358974,52,2.1999999999999997,4.68525641025577,8.551111009525645,0.75,0.11538461538461539,184.5,2.0580721335082987e-05,0.0001440650493455809
lora4,Dreyer+Cho,0.6844873301985371,0.12239372236554788,0.7255471525600836,0.12231912087223543,0.7053056861720656,132,2.8000000000000003,4.105982236151515,6.024674423536604,0.8409090909090909,0.06818181818181818,733.5,6.852549030767216e-16,1.5075607867687875e-14
lora4,pooled,0.6993593565886304,0.12582730422795807,0.7373800937873571,0.12791968516804705,0.7116365659530003,235,2.8000000000000003,3.802073719869787,6.690671820043775,0.774468085106383,0.12340425531914893,4336.0,1.3741041160832538e-18,3.297849878599809e-17
lora8,PhysionetMI,0.7184186525448659,0.12817678404349298,0.7584229524520787,0.1366391827561786,0.7197499264489556,103,4.0151515152,4.000429990723302,8.328309499794994,0.6893203883495146,0.20388349514563106,1288.5,4.844531903307541e-06,4.360078712976787e-05
lora8,Dreyer2023,0.7119457614942528,0.08571000855723146,0.7510524425287357,0.09082405517561148,0.7229335488505747,80,3.3333333333,3.9106681034474997,4.021870705680112,0.8625,0.05,179.5,7.63640420201061e-12,1.2981887143418038e-10
lora8,Cho2017,0.6422435897435897,0.15523202277533482,0.6932371794871794,0.15545829830584842,0.6781858974358974,52,2.4,5.099358974357692,9.48663890236192,0.6346153846153846,0.09615384615384616,215.5,7.817371829825235e-05,0.0004690423097895141
lora8,Dreyer+Cho,0.6844873301985371,0.12239372236554788,0.7282767328456983,0.12323705855309085,0.7053056861720656,132,3.08333333335,4.378940264715152,6.717984715872688,0.7727272727272727,0.06818181818181818,814.0,3.2332810522956943e-15,6.789890209820957e-14
lora8,pooled,0.6993593565886304,0.12582730422795807,0.7414897567582822,0.1298666569389658,0.7116365659530003,235,3.4090909091,4.213040016965532,7.452208720383776,0.7361702127659574,0.1276595744680851,4591.0,4.651942840938701e-18,1.0699468534159013e-16
scratch_head,PhysionetMI,0.7184186525448659,0.12817678404349298,0.6303524792359745,0.11415958646933816,0.7197499264489556,103,-9.166666666700001,-8.806617330887379,11.172850518674775,0.20388349514563106,0.7087378640776699,681.0,8.331928454786229e-11,1.166469983670072e-09
scratch_head,Dreyer2023,0.7119457614942528,0.08571000855723146,0.6407948994252873,0.0914731828687254,0.7229335488505747,80,-7.75,-7.115086206895,6.357659715336148,0.15,0.7625,193.0,1.2127952602981718e-11,1.940472416477075e-10
scratch_head,Cho2017,0.6422435897435897,0.15523202277533482,0.6417564102564103,0.16548017034459148,0.6781858974358974,52,0.0,-0.04871794871730753,9.802341682656374,0.4807692307692308,0.34615384615384615,528.5,0.292622884737365,0.292622884737365
scratch_head,Dreyer+Cho,0.6844873301985371,0.12239372236554788,0.6411736764193661,0.12532757910488973,0.7053056861720656,132,-4.8,-4.331365377915909,8.590431332872013,0.2803030303030303,0.5984848484848485,1439.5,9.701549938389762e-11,1.261201491990669e-09
scratch_head,pooled,0.6993593565886304,0.12582730422795807,0.6364307687177093,0.12042833052732448,0.7116365659530003,235,-6.2121212121,-6.292858787090639,10.033886029997607,0.24680851063829787,0.6468085106382979,4133.5,8.125763641682118e-20,2.0314409104205296e-18
