variant,dataset,n,median_gain_pp,mean_gain_pp,sd_gain_pp,improved_fraction,drop_gt_2pp_fraction,statistic,p_raw,p_holm
film_first2,PhysionetMI,103,0.9090909091,1.1253536107873787,6.02057727300988,0.5728155339805825,0.3106796116504854,2127.5,0.09575434959643599,0.287263048789308
film_first2,Dreyer2023,80,0.83333333335,1.0387212643725001,3.0176315966068503,0.625,0.15,949.5,0.005055931123337824,0.035391517863364766
film_first2,Cho2017,52,-0.7000000000000001,-0.6217948717942308,2.413847890612071,0.3076923076923077,0.25,333.0,0.014452544775905409,0.07226272387952705
film_first2,Dreyer+Cho,132,0.08333333335,0.38457854406439396,2.902274499933346,0.5,0.1893939393939394,3484.0,0.3294714309194686,0.4342017098119615
film_first2,pooled,235,0.303030303,0.709258679691915,4.544375967931931,0.5319148936170213,0.2425531914893617,10985.0,0.061425172263319776,0.2457006890532791
film_all,PhysionetMI,103,1.8181818182,2.5805893136029123,6.822446420728029,0.6504854368932039,0.23300970873786409,1648.0,0.0007022510557997631,0.006320259502197868
film_all,Dreyer2023,80,3.1666666667,3.11806752873375,3.518169132155611,0.825,0.0625,335.5,1.1825377722949615e-09,1.7738066584424422e-08
film_all,Cho2017,52,-0.2,-0.4032051282057693,2.4446933291197475,0.3269230769230769,0.21153846153846154,488.5,0.21710085490598074,0.4342017098119615
film_all,Dreyer+Cho,132,1.18333333335,1.7308995123636366,3.5740734698887846,0.6287878787878788,0.12121212121212122,2053.5,8.06299833367066e-07,9.675598000404792e-06
film_all,pooled,235,1.2878787879,2.10331674439617,5.255372986867753,0.6382978723404256,0.1702127659574468,7596.0,1.1550120961104098e-08,1.6170169345545737e-07
lora4,PhysionetMI,103,2.7272727273,3.2794713377233013,6.219587784757892,0.6699029126213593,0.18446601941747573,1183.5,2.40858877827352e-06,2.40858877827352e-05
lora4,Dreyer2023,80,2.8333333333,2.630675287355,2.601159185672375,0.825,0.0375,256.5,9.843165979501554e-11,1.5779374455254546e-09
lora4,Cho2017,52,0.8166666666500001,1.091025641025,2.4514733943584646,0.5576923076923077,0.09615384615384616,283.0,0.0029350368943887725,0.02348029515511018
lora4,Dreyer+Cho,132,2.1999999999999997,2.024146638800757,2.643903315453253,0.7196969696969697,0.06060606060606061,1064.0,8.663343325460496e-13,1.7326686650920993e-11
lora4,pooled,235,2.4,2.5743527834348936,4.600531341797144,0.6978723404255319,0.1148936170212766,4968.5,8.509947783432339e-16,1.8721885123551145e-14
lora8,PhysionetMI,103,2.5757575758,3.867302600309709,6.695254700507706,0.7281553398058253,0.1262135922330097,1008.5,6.615602006070069e-08,8.60028260789109e-07
lora8,Dreyer2023,80,2.8333333333,2.8118893678137504,2.951614193952312,0.875,0.05,269.5,9.281984973679145e-11,1.5779374455254546e-09
lora8,Cho2017,52,1.0,1.5051282051288462,3.5234934178448607,0.5576923076923077,0.11538461538461539,336.0,0.005933859041114038,0.03560315424668423
lora8,Dreyer+Cho,132,2.0,2.297104667362121,3.2400539919710694,0.75,0.07575757575757576,1239.5,3.865809188265736e-12,6.958456538878325e-11
lora8,pooled,235,2.0454545455,2.9853190805263834,5.101604989042147,0.7404255319148936,0.09787234042553192,4631.5,6.5908855271739635e-18,1.5159036712500116e-16
scratch_head,PhysionetMI,103,-9.469696969700001,-8.93974472129806,10.050502174012871,0.1650485436893204,0.7669902912621359,525.5,2.3228198160685427e-12,4.413357650530231e-11
scratch_head,Dreyer2023,80,-8.41666666665,-8.213864942528751,5.064794762876424,0.0625,0.9,30.5,2.4548457645806446e-14,5.155176105619354e-13
scratch_head,Cho2017,52,-3.0,-3.6429487179499995,4.371512735477798,0.19230769230769232,0.5961538461538461,114.0,1.1610123834550849e-06,1.2771136218005934e-05
scratch_head,Dreyer+Cho,132,-5.91666666665,-6.413200975270454,5.2854333656880765,0.11363636363636363,0.7803030303030303,263.0,3.8617225623213094e-20,9.268134149571143e-19
scratch_head,pooled,235,-7.000000000000001,-7.5205797235293605,7.826153322415021,0.13617021276595745,0.774468085106383,1839.0,9.553015504655344e-30,2.3882538761638358e-28
