dataset,subject,shots,ba,G_BA,gain,full_gain
Cho2017,1,5,0.626,0.62,0.006,0.053999999999999916
Cho2017,1,10,0.638,0.62,0.017999999999999978,0.053999999999999916
Cho2017,1,20,0.6699999999999999,0.62,0.049999999999999954,0.053999999999999916
Cho2017,1,40,0.638,0.62,0.018,0.053999999999999916
Cho2017,2,5,0.526,0.538,-0.01200000000000002,0.004000000000000001
Cho2017,2,10,0.51,0.538,-0.028000000000000018,0.004000000000000001
Cho2017,2,20,0.512,0.538,-0.026000000000000016,0.004000000000000001
Cho2017,2,40,0.546,0.538,0.00799999999999998,0.004000000000000001
Cho2017,3,5,0.828,0.82,0.007999999999999981,0.09199999999999992
Cho2017,3,10,0.9099999999999999,0.82,0.08999999999999996,0.09199999999999992
Cho2017,3,20,0.892,0.82,0.07199999999999994,0.09199999999999992
Cho2017,3,40,0.9099999999999999,0.82,0.08999999999999994,0.09199999999999992
Cho2017,4,5,0.784,0.77,0.013999999999999999,0.05800000000000002
Cho2017,4,10,0.78,0.77,0.01000000000000002,0.05800000000000002
Cho2017,4,20,0.806,0.77,0.036,0.05800000000000002
Cho2017,4,40,0.79,0.77,0.02,0.05800000000000002
Cho2017,5,5,0.994,0.992,0.002,0.002
Cho2017,5,10,0.994,0.992,0.002,0.002
Cho2017,5,20,0.998,0.992,0.006,0.002
Cho2017,5,40,0.994,0.992,0.002,0.002
Cho2017,6,5,0.8400000000000001,0.844,-0.003999999999999958,-0.007999999999999919
Cho2017,6,10,0.8300000000000001,0.844,-0.01399999999999994,-0.007999999999999919
Cho2017,6,20,0.858,0.844,0.014000000000000018,-0.007999999999999919
Cho2017,6,40,0.8460000000000001,0.844,0.00200000000000006,-0.007999999999999919
Cho2017,7,5,0.5650000000000001,0.55,0.014999999999999961,0.02166666666666662
Cho2017,7,10,0.56,0.55,0.01,0.02166666666666662
Cho2017,7,20,0.5700000000000001,0.55,0.01999999999999996,0.02166666666666662
Cho2017,7,40,0.5483333333333333,0.55,-0.0016666666666666809,0.02166666666666662
Cho2017,8,5,0.6020000000000001,0.62,-0.01799999999999996,0.03999999999999998
Cho2017,8,10,0.62,0.62,6.938893903907229e-19,0.03999999999999998
Cho2017,8,20,0.6319999999999999,0.62,0.011999999999999919,0.03999999999999998
Cho2017,8,40,0.6279999999999999,0.62,0.00799999999999996,0.03999999999999998
Cho2017,9,5,0.6433333333333333,0.6633333333333333,-0.01999999999999996,0.011666666666666641
Cho2017,9,10,0.6833333333333333,0.6633333333333333,0.01999999999999996,0.011666666666666641
Cho2017,9,20,0.6616666666666667,0.6633333333333333,-0.0016666666666666787,0.011666666666666641
Cho2017,9,40,0.6700000000000002,0.6633333333333333,0.0066666666666667,0.011666666666666641
Cho2017,10,5,0.6819999999999999,0.7,-0.018000000000000023,0.014000000000000002
Cho2017,10,10,0.698,0.7,-0.0020000000000000196,0.014000000000000002
Cho2017,10,20,0.708,0.7,0.007999999999999941,0.014000000000000002
Cho2017,10,40,0.734,0.7,0.03399999999999996,0.014000000000000002
Cho2017,11,5,0.638,0.6459999999999999,-0.00799999999999998,0.02600000000000006
Cho2017,11,10,0.63,0.6459999999999999,-0.01599999999999998,0.02600000000000006
Cho2017,11,20,0.654,0.6459999999999999,0.008000000000000066,0.02600000000000006
Cho2017,11,40,0.6519999999999999,0.6459999999999999,0.00600000000000004,0.02600000000000006
Cho2017,12,5,0.5439999999999999,0.5900000000000001,-0.04599999999999996,0.12999999999999998
Cho2017,12,10,0.524,0.5900000000000001,-0.06599999999999998,0.12999999999999998
Cho2017,12,20,0.556,0.5900000000000001,-0.03399999999999996,0.12999999999999998
Cho2017,12,40,0.5820000000000001,0.5900000000000001,-0.007999999999999981,0.12999999999999998
Cho2017,13,5,0.868,0.874,-0.006,0.024
Cho2017,13,10,0.866,0.874,-0.008,0.024
Cho2017,13,20,0.898,0.874,0.024,0.024
Cho2017,13,40,0.884,0.874,0.009999999999999998,0.024
Cho2017,14,5,0.786,0.798,-0.01199999999999998,0.04399999999999994
Cho2017,14,10,0.786,0.798,-0.012,0.04399999999999994
Cho2017,14,20,0.8099999999999999,0.798,0.011999999999999981,0.04399999999999994
Cho2017,14,40,0.818,0.798,0.01999999999999996,0.04399999999999994
Cho2017,15,5,0.612,0.626,-0.014000000000000021,0.04399999999999996
Cho2017,15,10,0.6,0.626,-0.025999999999999978,0.04399999999999996
Cho2017,15,20,0.6359999999999999,0.626,0.00999999999999994,0.04399999999999996
Cho2017,15,40,0.612,0.626,-0.01400000000000004,0.04399999999999996
Cho2017,16,5,0.604,0.592,0.012,-0.001999999999999981
Cho2017,16,10,0.616,0.592,0.023999999999999983,-0.001999999999999981
Cho2017,16,20,0.6140000000000001,0.592,0.02200000000000002,-0.001999999999999981
Cho2017,16,40,0.618,0.592,0.026000000000000002,-0.001999999999999981
Cho2017,17,5,0.62,0.5820000000000001,0.037999999999999985,0.05599999999999994
Cho2017,17,10,0.596,0.5820000000000001,0.01399999999999998,0.05599999999999994
Cho2017,17,20,0.5980000000000001,0.5820000000000001,0.016,0.05599999999999994
Cho2017,17,40,0.61,0.5820000000000001,0.027999999999999935,0.05599999999999994
Cho2017,18,5,0.572,0.6,-0.02799999999999998,0.02799999999999998
Cho2017,18,10,0.614,0.6,0.01399999999999998,0.02799999999999998
Cho2017,18,20,0.65,0.6,0.05,0.02799999999999998
Cho2017,18,40,0.6639999999999999,0.6,0.06399999999999996,0.02799999999999998
Cho2017,19,5,0.5900000000000001,0.592,-0.00199999999999998,0.028000000000000042
Cho2017,19,10,0.612,0.592,0.02,0.028000000000000042
Cho2017,19,20,0.5800000000000001,0.592,-0.011999999999999959,0.028000000000000042
Cho2017,19,40,0.616,0.592,0.02399999999999998,0.028000000000000042
Cho2017,20,5,0.5660000000000001,0.622,-0.05599999999999996,0.049999999999999954
Cho2017,20,10,0.6,0.622,-0.021999999999999943,0.049999999999999954
Cho2017,20,20,0.6399999999999999,0.622,0.017999999999999978,0.049999999999999954
Cho2017,20,40,0.632,0.622,0.009999999999999998,0.049999999999999954
Cho2017,21,5,0.706,0.6679999999999999,0.037999999999999964,0.03199999999999999
Cho2017,21,10,0.688,0.6679999999999999,0.019999999999999983,0.03199999999999999
Cho2017,21,20,0.712,0.6679999999999999,0.04399999999999998,0.03199999999999999
Cho2017,21,40,0.724,0.6679999999999999,0.055999999999999994,0.03199999999999999
Cho2017,22,5,0.618,0.6519999999999999,-0.03399999999999996,0.03799999999999998
Cho2017,22,10,0.64,0.6519999999999999,-0.01199999999999998,0.03799999999999998
Cho2017,22,20,0.6639999999999999,0.6519999999999999,0.012,0.03799999999999998
Cho2017,22,40,0.642,0.6519999999999999,-0.01000000000000002,0.03799999999999998
Cho2017,23,5,0.78,0.79,-0.00999999999999998,0.02999999999999998
Cho2017,23,10,0.782,0.79,-0.008,0.02999999999999998
Cho2017,23,20,0.78,0.79,-0.00999999999999998,0.02999999999999998
Cho2017,23,40,0.778,0.79,-0.01199999999999998,0.02999999999999998
Cho2017,24,5,0.624,0.6279999999999999,-0.00399999999999996,0.05799999999999998
Cho2017,24,10,0.6519999999999999,0.6279999999999999,0.02399999999999998,0.05799999999999998
Cho2017,24,20,0.61,0.6279999999999999,-0.01799999999999996,0.05799999999999998
Cho2017,24,40,0.626,0.6279999999999999,-0.0020000000000000204,0.05799999999999998
Cho2017,25,5,0.62,0.646,-0.02599999999999996,0.026000000000000002
Cho2017,25,10,0.64,0.646,-0.00599999999999998,0.026000000000000002
Cho2017,25,20,0.6599999999999999,0.646,0.01399999999999998,0.026000000000000002
Cho2017,25,40,0.6539999999999999,0.646,0.007999999999999978,0.026000000000000002
Cho2017,26,5,1.0,1.0,0.0,-0.002
Cho2017,26,10,1.0,1.0,0.0,-0.002
Cho2017,26,20,1.0,1.0,0.0,-0.002
Cho2017,26,40,0.998,1.0,-0.002,-0.002
Cho2017,27,5,0.634,0.658,-0.02399999999999996,0.01199999999999998
Cho2017,27,10,0.616,0.658,-0.04199999999999996,0.01199999999999998
Cho2017,27,20,0.632,0.658,-0.02599999999999994,0.01199999999999998
Cho2017,27,40,0.6359999999999999,0.658,-0.021999999999999957,0.01199999999999998
Cho2017,28,5,0.782,0.718,0.06399999999999997,0.21999999999999997
Cho2017,28,10,0.806,0.718,0.08799999999999998,0.21999999999999997
Cho2017,28,20,0.784,0.718,0.066,0.21999999999999997
Cho2017,28,40,0.8480000000000001,0.718,0.12999999999999995,0.21999999999999997
Cho2017,29,5,0.526,0.52,0.005999999999999979,0.06999999999999994
Cho2017,29,10,0.512,0.52,-0.008000000000000018,0.06999999999999994
Cho2017,29,20,0.5,0.52,-0.02000000000000002,0.06999999999999994
Cho2017,29,40,0.5,0.52,-0.019999999999999997,0.06999999999999994
Cho2017,30,5,0.716,0.724,-0.008000000000000002,0.062
Cho2017,30,10,0.732,0.724,0.007999999999999998,0.062
Cho2017,30,20,0.756,0.724,0.03199999999999999,0.062
Cho2017,30,40,0.786,0.724,0.062,0.062
Cho2017,31,5,0.704,0.688,0.01599999999999998,0.03399999999999994
Cho2017,31,10,0.674,0.688,-0.014000000000000016,0.03399999999999994
Cho2017,31,20,0.662,0.688,-0.026000000000000002,0.03399999999999994
Cho2017,31,40,0.65,0.688,-0.03800000000000002,0.03399999999999994
Cho2017,32,5,0.606,0.61,-0.004000000000000017,-0.009999999999999959
Cho2017,32,10,0.614,0.61,0.00399999999999998,-0.009999999999999959
Cho2017,32,20,0.6140000000000001,0.61,0.00400000000000002,-0.009999999999999959
Cho2017,32,40,0.594,0.61,-0.01599999999999998,-0.009999999999999959
Cho2017,33,5,0.666,0.6679999999999999,-0.0019999999999999797,-0.007999999999999998
Cho2017,33,10,0.6460000000000001,0.6679999999999999,-0.021999999999999915,-0.007999999999999998
Cho2017,33,20,0.6619999999999999,0.6679999999999999,-0.006000000000000001,-0.007999999999999998
Cho2017,33,40,0.6639999999999999,0.6679999999999999,-0.00399999999999998,-0.007999999999999998
Cho2017,34,5,0.616,0.604,0.012000000000000002,-0.011999999999999999
Cho2017,34,10,0.616,0.604,0.01199999999999998,-0.011999999999999999
Cho2017,34,20,0.5960000000000001,0.604,-0.007999999999999941,-0.011999999999999999
Cho2017,34,40,0.5900000000000001,0.604,-0.014000000000000018,-0.011999999999999999
Cho2017,35,5,0.542,0.524,0.018,0.19799999999999995
Cho2017,35,10,0.516,0.524,-0.007999999999999969,0.19799999999999995
Cho2017,35,20,0.522,0.524,-0.0019999999999999797,0.19799999999999995
Cho2017,35,40,0.55,0.524,0.025999999999999978,0.19799999999999995
Cho2017,36,5,0.6060000000000001,0.5980000000000001,0.007999999999999981,0.03399999999999994
Cho2017,36,10,0.612,0.5980000000000001,0.01399999999999998,0.03399999999999994
Cho2017,36,20,0.6020000000000001,0.5980000000000001,0.00400000000000002,0.03399999999999994
Cho2017,36,40,0.622,0.5980000000000001,0.023999999999999917,0.03399999999999994
Cho2017,37,5,0.8400000000000001,0.8480000000000001,-0.00799999999999998,0.01
Cho2017,37,10,0.8380000000000001,0.8480000000000001,-0.00999999999999998,0.01
Cho2017,37,20,0.8300000000000001,0.8480000000000001,-0.01799999999999996,0.01
Cho2017,37,40,0.834,0.8480000000000001,-0.01399999999999994,0.01
Cho2017,38,5,0.5519999999999999,0.56,-0.00800000000000002,0.012
Cho2017,38,10,0.546,0.56,-0.014000000000000002,0.012
Cho2017,38,20,0.5660000000000001,0.56,0.005999999999999999,0.012
Cho2017,38,40,0.554,0.56,-0.006000000000000019,0.012
Cho2017,39,5,0.618,0.616,0.00199999999999998,0.009999999999999998
Cho2017,39,10,0.622,0.616,0.005999999999999959,0.009999999999999998
Cho2017,39,20,0.614,0.616,-0.002000000000000041,0.009999999999999998
Cho2017,39,40,0.6060000000000001,0.616,-0.009999999999999998,0.009999999999999998
Cho2017,40,5,0.462,0.476,-0.01399999999999996,0.006
Cho2017,40,10,0.476,0.476,-1.9428902930940238e-17,0.006
Cho2017,40,20,0.48600000000000004,0.476,0.01,0.006
Cho2017,40,40,0.488,0.476,0.012,0.006
Cho2017,41,5,0.798,0.8140000000000001,-0.016,0.047999999999999945
Cho2017,41,10,0.8220000000000001,0.8140000000000001,0.008,0.047999999999999945
Cho2017,41,20,0.82,0.8140000000000001,0.005999999999999961,0.047999999999999945
Cho2017,41,40,0.8460000000000001,0.8140000000000001,0.03199999999999996,0.047999999999999945
Cho2017,42,5,0.5900000000000001,0.616,-0.026000000000000002,0.014000000000000002
Cho2017,42,10,0.6,0.616,-0.015999999999999997,0.014000000000000002
Cho2017,42,20,0.6359999999999999,0.616,0.01999999999999994,0.014000000000000002
Cho2017,42,40,0.6220000000000001,0.616,0.006000000000000001,0.014000000000000002
Cho2017,43,5,1.0,1.0,0.0,0.0
Cho2017,43,10,1.0,1.0,0.0,0.0
Cho2017,43,20,1.0,1.0,0.0,0.0
Cho2017,43,40,1.0,1.0,0.0,0.0
Cho2017,44,5,0.942,0.954,-0.012,0.006
Cho2017,44,10,0.952,0.954,-0.002,0.006
Cho2017,44,20,0.96,0.954,0.006,0.006
Cho2017,44,40,0.962,0.954,0.008,0.006
Cho2017,45,5,0.5860000000000001,0.6140000000000001,-0.02799999999999994,-0.007999999999999998
Cho2017,45,10,0.602,0.6140000000000001,-0.012,-0.007999999999999998
Cho2017,45,20,0.6279999999999999,0.6140000000000001,0.01399999999999992,-0.007999999999999998
Cho2017,45,40,0.6140000000000001,0.6140000000000001,1.8735013540549518e-17,-0.007999999999999998
Cho2017,46,5,0.65,0.6483333333333333,0.0016666666666666206,0.009999999999999978
Cho2017,46,10,0.6416666666666666,0.6483333333333333,-0.006666666666666701,0.009999999999999978
Cho2017,46,20,0.6383333333333333,0.6483333333333333,-0.01000000000000004,0.009999999999999978
Cho2017,46,40,0.6599999999999999,0.6483333333333333,0.011666666666666641,0.009999999999999978
Cho2017,47,5,0.8400000000000001,0.8480000000000001,-0.00799999999999998,0.03199999999999996
Cho2017,47,10,0.8800000000000001,0.8480000000000001,0.03199999999999996,0.03199999999999996
Cho2017,47,20,0.8780000000000001,0.8480000000000001,0.02999999999999996,0.03199999999999996
Cho2017,47,40,0.8719999999999999,0.8480000000000001,0.02399999999999994,0.03199999999999996
Cho2017,48,5,0.744,0.748,-0.004,0.036
Cho2017,48,10,0.758,0.748,0.01,0.036
Cho2017,48,20,0.766,0.748,0.018,0.036
Cho2017,48,40,0.764,0.748,0.016,0.036
Cho2017,49,5,1.0,1.0,0.0,0.0
Cho2017,49,10,0.992,1.0,-0.008,0.0
Cho2017,49,20,1.0,1.0,0.0,0.0
Cho2017,49,40,1.0,1.0,0.0,0.0
Cho2017,50,5,0.9,0.8939999999999999,0.006,0.006
Cho2017,50,10,0.9,0.8939999999999999,0.006,0.006
Cho2017,50,20,0.9,0.8939999999999999,0.006,0.006
Cho2017,50,40,0.9,0.8939999999999999,0.006,0.006
Cho2017,51,5,0.6519999999999999,0.626,0.025999999999999978,0.03799999999999996
Cho2017,51,10,0.6779999999999999,0.626,0.05199999999999992,0.03799999999999996
Cho2017,51,20,0.6519999999999999,0.626,0.025999999999999978,0.03799999999999996
Cho2017,51,40,0.666,0.626,0.03999999999999998,0.03799999999999996
Cho2017,52,5,0.67,0.682,-0.01199999999999998,0.02399999999999998
Cho2017,52,10,0.6839999999999999,0.682,0.0019999999999999996,0.02399999999999998
Cho2017,52,20,0.688,0.682,0.006,0.02399999999999998
Cho2017,52,40,0.6859999999999999,0.682,0.003999999999999981,0.02399999999999998
Dreyer2023,1,5,0.9433333333333334,0.945,-0.00166666666666666,0.01999999999999996
Dreyer2023,1,10,0.945,0.945,-3.95516952522712e-17,0.01999999999999996
Dreyer2023,1,20,0.9566666666666667,0.945,0.01166666666666662,0.01999999999999996
Dreyer2023,1,40,0.9549999999999998,0.945,0.00999999999999996,0.01999999999999996
Dreyer2023,2,5,0.835,0.8483333333333333,-0.013333333333333258,0.05333333333333332
Dreyer2023,2,10,0.8633333333333333,0.8483333333333333,0.015000000000000038,0.05333333333333332
Dreyer2023,2,20,0.8766666666666666,0.8483333333333333,0.02833333333333334,0.05333333333333332
Dreyer2023,2,40,0.885,0.8483333333333333,0.03666666666666667,0.05333333333333332
Dreyer2023,3,5,0.7583333333333333,0.825,-0.06666666666666667,0.00166666666666666
Dreyer2023,3,10,0.8099999999999999,0.825,-0.015,0.00166666666666666
Dreyer2023,3,20,0.8150000000000001,0.825,-0.01,0.00166666666666666
Dreyer2023,3,40,0.7966666666666666,0.825,-0.02833333333333332,0.00166666666666666
Dreyer2023,5,5,0.9433333333333334,0.9433333333333334,-4.0245584642661923e-17,0.0166666666666666
Dreyer2023,5,10,0.9483333333333335,0.9433333333333334,0.004999999999999979,0.0166666666666666
Dreyer2023,5,20,0.95,0.9433333333333334,0.006666666666666621,0.0166666666666666
Dreyer2023,5,40,0.9483333333333333,0.9433333333333334,0.00499999999999996,0.0166666666666666
Dreyer2023,6,5,0.8716666666666667,0.865,0.006666666666666659,0.05999999999999996
Dreyer2023,6,10,0.8083333333333332,0.865,-0.056666666666666664,0.05999999999999996
Dreyer2023,6,20,0.8833333333333334,0.865,0.01833333333333332,0.05999999999999996
Dreyer2023,6,40,0.89,0.865,0.02499999999999996,0.05999999999999996
Dreyer2023,7,5,0.9783333333333333,0.97,0.008333333333333321,0.019999999999999983
Dreyer2023,7,10,0.9816666666666667,0.97,0.01166666666666666,0.019999999999999983
Dreyer2023,7,20,0.9850000000000001,0.97,0.01499999999999998,0.019999999999999983
Dreyer2023,7,40,0.985,0.97,0.014999999999999958,0.019999999999999983
Dreyer2023,8,5,0.9116666666666667,0.8150000000000001,0.09666666666666665,0.12999999999999995
Dreyer2023,8,10,0.9116666666666667,0.8150000000000001,0.09666666666666665,0.12999999999999995
Dreyer2023,8,20,0.9199999999999999,0.8150000000000001,0.10500000000000001,0.12999999999999995
Dreyer2023,8,40,0.9216666666666666,0.8150000000000001,0.10666666666666666,0.12999999999999995
Dreyer2023,10,5,0.93,0.95,-0.02,0.0116666666666666
Dreyer2023,10,10,0.9433333333333334,0.95,-0.006666666666666659,0.0116666666666666
Dreyer2023,10,20,0.9466666666666667,0.95,-0.00333333333333334,0.0116666666666666
Dreyer2023,10,40,0.9533333333333334,0.95,0.0033333333333333006,0.0116666666666666
Dreyer2023,11,5,0.655,0.6266666666666667,0.0283333333333333,0.2133333333333333
Dreyer2023,11,10,0.6816666666666666,0.6266666666666667,0.05499999999999996,0.2133333333333333
Dreyer2023,11,20,0.71,0.6266666666666667,0.08333333333333329,0.2133333333333333
Dreyer2023,11,40,0.7666666666666667,0.6266666666666667,0.13999999999999996,0.2133333333333333
Dreyer2023,12,5,0.9583333333333334,0.95,0.008333333333333321,-0.00666666666666664
Dreyer2023,12,10,0.9466666666666665,0.95,-0.0033333333333333596,-0.00666666666666664
Dreyer2023,12,20,0.9416666666666668,0.95,-0.0083333333333333,-0.00666666666666664
Dreyer2023,12,40,0.9366666666666668,0.95,-0.0133333333333333,-0.00666666666666664
Dreyer2023,13,5,0.7416666666666667,0.7466666666666667,-0.004999999999999981,0.01499999999999998
Dreyer2023,13,10,0.7516666666666667,0.7466666666666667,0.005,0.01499999999999998
Dreyer2023,13,20,0.745,0.7466666666666667,-0.0016666666666666809,0.01499999999999998
Dreyer2023,13,40,0.7516666666666667,0.7466666666666667,0.004999999999999959,0.01499999999999998
Dreyer2023,14,5,0.7483333333333333,0.74,0.008333333333333321,0.07166666666666664
Dreyer2023,14,10,0.7366666666666667,0.74,-0.0033333333333333227,0.07166666666666664
Dreyer2023,14,20,0.7516666666666667,0.74,0.01166666666666666,0.07166666666666664
Dreyer2023,14,40,0.78,0.74,0.03999999999999998,0.07166666666666664
Dreyer2023,15,5,0.8483333333333333,0.8616666666666667,-0.013333333333333341,0.02333333333333334
Dreyer2023,15,10,0.8833333333333332,0.8616666666666667,0.02166666666666664,0.02333333333333334
Dreyer2023,15,20,0.8433333333333334,0.8616666666666667,-0.01833333333333334,0.02333333333333334
Dreyer2023,15,40,0.8783333333333333,0.8616666666666667,0.01666666666666666,0.02333333333333334
Dreyer2023,16,5,0.8949999999999999,0.875,0.01999999999999998,0.05833333333333333
Dreyer2023,16,10,0.905,0.875,0.03,0.05833333333333333
Dreyer2023,16,20,0.9083333333333334,0.875,0.03333333333333334,0.05833333333333333
Dreyer2023,16,40,0.9066666666666666,0.875,0.03166666666666666,0.05833333333333333
Dreyer2023,18,5,0.9650000000000001,0.9716666666666667,-0.00666666666666664,0.01
Dreyer2023,18,10,0.9650000000000001,0.9716666666666667,-0.006666666666666682,0.01
Dreyer2023,18,20,0.9800000000000001,0.9716666666666667,0.008333333333333321,0.01
Dreyer2023,18,40,0.96,0.9716666666666667,-0.01166666666666666,0.01
Dreyer2023,19,5,0.9650000000000001,0.9783333333333333,-0.013333333333333341,0.013333333333333341
Dreyer2023,19,10,0.9716666666666667,0.9783333333333333,-0.006666666666666659,0.013333333333333341
Dreyer2023,19,20,0.9683333333333334,0.9783333333333333,-0.01,0.013333333333333341
Dreyer2023,19,40,0.9550000000000001,0.9783333333333333,-0.02333333333333332,0.013333333333333341
Dreyer2023,20,5,0.975,0.975,0.0,0.0016666666666666605
Dreyer2023,20,10,0.9783333333333333,0.975,0.00333333333333332,0.0016666666666666605
Dreyer2023,20,20,0.9800000000000001,0.975,0.005,0.0016666666666666605
Dreyer2023,20,40,0.9733333333333334,0.975,-0.00166666666666666,0.0016666666666666605
Dreyer2023,21,5,0.9266666666666667,0.95,-0.023333333333333282,0.016666666666666642
Dreyer2023,21,10,0.96,0.95,0.00999999999999996,0.016666666666666642
Dreyer2023,21,20,0.9566666666666667,0.95,0.006666666666666659,0.016666666666666642
Dreyer2023,21,40,0.9666666666666666,0.95,0.01666666666666662,0.016666666666666642
Dreyer2023,22,5,0.8133333333333332,0.8550000000000001,-0.041666666666666616,0.025
Dreyer2023,22,10,0.7866666666666667,0.8550000000000001,-0.06833333333333327,0.025
Dreyer2023,22,20,0.8183333333333334,0.8550000000000001,-0.03666666666666662,0.025
Dreyer2023,22,40,0.8416666666666666,0.8550000000000001,-0.013333333333333319,0.025
Dreyer2023,23,5,0.8133333333333332,0.7816666666666666,0.03166666666666662,0.049999999999999996
Dreyer2023,23,10,0.7566666666666666,0.7816666666666666,-0.025,0.049999999999999996
Dreyer2023,23,20,0.7849999999999999,0.7816666666666666,0.00333333333333334,0.049999999999999996
Dreyer2023,23,40,0.7899999999999999,0.7816666666666666,0.008333333333333321,0.049999999999999996
Dreyer2023,24,5,0.9766666666666668,0.9800000000000001,-0.00333333333333334,0.01166666666666668
Dreyer2023,24,10,0.9733333333333334,0.9800000000000001,-0.00666666666666664,0.01166666666666668
Dreyer2023,24,20,0.99,0.9800000000000001,0.01,0.01166666666666668
Dreyer2023,24,40,0.9916666666666668,0.9800000000000001,0.01166666666666666,0.01166666666666668
Dreyer2023,25,5,0.795,0.765,0.03,0.1016666666666666
Dreyer2023,25,10,0.8016666666666665,0.765,0.036666666666666604,0.1016666666666666
Dreyer2023,25,20,0.82,0.765,0.05499999999999994,0.1016666666666666
Dreyer2023,25,40,0.8300000000000001,0.765,0.06499999999999996,0.1016666666666666
Dreyer2023,26,5,0.8816666666666666,0.89,-0.00833333333333334,0.06666666666666658
Dreyer2023,26,10,0.8816666666666666,0.89,-0.008333333333333361,0.06666666666666658
Dreyer2023,26,20,0.8816666666666666,0.89,-0.008333333333333337,0.06666666666666658
Dreyer2023,26,40,0.9133333333333333,0.89,0.02333333333333332,0.06666666666666658
Dreyer2023,27,5,0.8383333333333333,0.7966666666666666,0.04166666666666668,0.08666666666666664
Dreyer2023,27,10,0.8516666666666668,0.7966666666666666,0.05499999999999999,0.08666666666666664
Dreyer2023,27,20,0.86,0.7966666666666666,0.06333333333333327,0.08666666666666664
Dreyer2023,27,40,0.8466666666666667,0.7966666666666666,0.049999999999999975,0.08666666666666664
Dreyer2023,28,5,0.875,0.8283333333333334,0.046666666666666655,0.06833333333333325
Dreyer2023,28,10,0.8516666666666668,0.8283333333333334,0.023333333333333338,0.06833333333333325
Dreyer2023,28,20,0.825,0.8283333333333334,-0.003333333333333341,0.06833333333333325
Dreyer2023,28,40,0.8550000000000001,0.8283333333333334,0.026666666666666637,0.06833333333333325
Dreyer2023,30,5,0.7583333333333333,0.76,-0.0016666666666666787,0.09833333333333326
Dreyer2023,30,10,0.775,0.76,0.01499999999999998,0.09833333333333326
Dreyer2023,30,20,0.7766666666666666,0.76,0.01666666666666666,0.09833333333333326
Dreyer2023,30,40,0.8200000000000001,0.76,0.05999999999999998,0.09833333333333326
Dreyer2023,31,5,0.8916666666666666,0.9316666666666666,-0.03999999999999996,0.02833333333333332
Dreyer2023,31,10,0.9299999999999999,0.9316666666666666,-0.0016666666666666802,0.02833333333333332
Dreyer2023,31,20,0.9316666666666666,0.9316666666666666,-2.0122792321330962e-17,0.02833333333333332
Dreyer2023,31,40,0.9400000000000001,0.9316666666666666,0.00833333333333336,0.02833333333333332
Dreyer2023,32,5,0.9166666666666666,0.8683333333333334,0.0483333333333333,0.08833333333333324
Dreyer2023,32,10,0.93,0.8683333333333334,0.06166666666666665,0.08833333333333324
Dreyer2023,32,20,0.9399999999999998,0.8683333333333334,0.07166666666666663,0.08833333333333324
Dreyer2023,32,40,0.945,0.8683333333333334,0.07666666666666662,0.08833333333333324
Dreyer2023,33,5,0.8183333333333334,0.805,0.013333333333333319,0.08333333333333329
Dreyer2023,33,10,0.8383333333333333,0.805,0.033333333333333284,0.08333333333333329
Dreyer2023,33,20,0.8233333333333335,0.805,0.01833333333333332,0.08333333333333329
Dreyer2023,33,40,0.8233333333333335,0.805,0.018333333333333337,0.08333333333333329
Dreyer2023,34,5,0.8233333333333333,0.7966666666666666,0.026666666666666637,0.10833333333333328
Dreyer2023,34,10,0.865,0.7966666666666666,0.06833333333333326,0.10833333333333328
Dreyer2023,34,20,0.8583333333333334,0.7966666666666666,0.06166666666666666,0.10833333333333328
Dreyer2023,34,40,0.8949999999999999,0.7966666666666666,0.0983333333333333,0.10833333333333328
Dreyer2023,35,5,0.8099999999999999,0.8016666666666665,0.008333333333333299,0.0716666666666666
Dreyer2023,35,10,0.7866666666666666,0.8016666666666665,-0.015000000000000019,0.0716666666666666
Dreyer2023,35,20,0.8300000000000001,0.8016666666666665,0.0283333333333333,0.0716666666666666
Dreyer2023,35,40,0.8366666666666667,0.8016666666666665,0.034999999999999976,0.0716666666666666
Dreyer2023,36,5,0.82,0.8966666666666667,-0.07666666666666663,0.028333333333333256
Dreyer2023,36,10,0.85,0.8966666666666667,-0.046666666666666703,0.028333333333333256
Dreyer2023,36,20,0.8366666666666667,0.8966666666666667,-0.06000000000000005,0.028333333333333256
Dreyer2023,36,40,0.9183333333333333,0.8966666666666667,0.021666666666666577,0.028333333333333256
Dreyer2023,37,5,0.7983333333333333,0.735,0.06333333333333327,0.1
Dreyer2023,37,10,0.7816666666666666,0.735,0.046666666666666676,0.1
Dreyer2023,37,20,0.8066666666666666,0.735,0.07166666666666667,0.1
Dreyer2023,37,40,0.8266666666666665,0.735,0.09166666666666665,0.1
Dreyer2023,38,5,0.8166666666666667,0.8433333333333334,-0.026666666666666637,0.013333333333333319
Dreyer2023,38,10,0.8433333333333334,0.8433333333333334,6.938893903907229e-19,0.013333333333333319
Dreyer2023,38,20,0.8516666666666668,0.8433333333333334,0.00833333333333334,0.013333333333333319
Dreyer2023,38,40,0.8649999999999999,0.8433333333333334,0.02166666666666664,0.013333333333333319
Dreyer2023,39,5,0.93,0.9633333333333335,-0.03333333333333332,0.025
Dreyer2023,39,10,0.9716666666666667,0.9633333333333335,0.008333333333333321,0.025
Dreyer2023,39,20,0.9416666666666668,0.9633333333333335,-0.02166666666666664,0.025
Dreyer2023,39,40,0.9800000000000001,0.9633333333333335,0.016666666666666642,0.025
Dreyer2023,40,5,0.8586206896551725,0.8689655172413794,-0.0103448275862069,0.055172413793103406
Dreyer2023,40,10,0.8655172413793103,0.8689655172413794,-0.0034482758620689993,0.055172413793103406
Dreyer2023,40,20,0.8793103448275861,0.8689655172413794,0.0103448275862069,0.055172413793103406
Dreyer2023,40,40,0.8948275862068966,0.8689655172413794,0.0258620689655172,0.055172413793103406
Dreyer2023,42,5,0.7699999999999999,0.7716666666666667,-0.0016666666666667385,0.13333333333333325
Dreyer2023,42,10,0.805,0.7716666666666667,0.033333333333333305,0.13333333333333325
Dreyer2023,42,20,0.8,0.7716666666666667,0.0283333333333333,0.13333333333333325
Dreyer2023,42,40,0.825,0.7716666666666667,0.0533333333333333,0.13333333333333325
Dreyer2023,43,5,0.9116666666666667,0.9266666666666665,-0.01499999999999998,-0.01
Dreyer2023,43,10,0.915,0.9266666666666665,-0.01166666666666664,-0.01
Dreyer2023,43,20,0.9283333333333333,0.9266666666666665,0.0016666666666666802,-0.01
Dreyer2023,43,40,0.9199999999999999,0.9266666666666665,-0.006666666666666661,-0.01
Dreyer2023,44,5,0.7933333333333333,0.78,0.013333333333333358,0.05833333333333335
Dreyer2023,44,10,0.7866666666666667,0.78,0.006666666666666679,0.05833333333333335
Dreyer2023,44,20,0.8033333333333333,0.78,0.02333333333333332,0.05833333333333335
Dreyer2023,44,40,0.7466666666666667,0.78,-0.03333333333333332,0.05833333333333335
Dreyer2023,45,5,0.85,0.755,0.095,0.09999999999999998
Dreyer2023,45,10,0.8833333333333334,0.755,0.12833333333333333,0.09999999999999998
Dreyer2023,45,20,0.8666666666666668,0.755,0.11166666666666662,0.09999999999999998
Dreyer2023,45,40,0.8483333333333334,0.755,0.0933333333333333,0.09999999999999998
Dreyer2023,46,5,0.8083333333333333,0.7716666666666667,0.03666666666666669,0.025
Dreyer2023,46,10,0.75,0.7716666666666667,-0.02166666666666666,0.025
Dreyer2023,46,20,0.7666666666666666,0.7716666666666667,-0.005000000000000001,0.025
Dreyer2023,46,40,0.77,0.7716666666666667,-0.0016666666666666171,0.025
Dreyer2023,47,5,0.8383333333333333,0.8366666666666667,0.0016666666666666405,0.0216666666666666
Dreyer2023,47,10,0.8416666666666666,0.8366666666666667,0.00499999999999996,0.0216666666666666
Dreyer2023,47,20,0.8233333333333335,0.8366666666666667,-0.013333333333333341,0.0216666666666666
Dreyer2023,47,40,0.8566666666666667,0.8366666666666667,0.01999999999999994,0.0216666666666666
Dreyer2023,48,5,0.7516666666666667,0.71,0.041666666666666595,0.004999999999999999
Dreyer2023,48,10,0.7416666666666666,0.71,0.0316666666666666,0.004999999999999999
Dreyer2023,48,20,0.7316666666666667,0.71,0.0216666666666666,0.004999999999999999
Dreyer2023,48,40,0.6733333333333332,0.71,-0.03666666666666668,0.004999999999999999
Dreyer2023,49,5,0.75,0.7616666666666667,-0.0116666666666667,0.07499999999999993
Dreyer2023,49,10,0.6983333333333334,0.7616666666666667,-0.06333333333333335,0.07499999999999993
Dreyer2023,49,20,0.7933333333333333,0.7616666666666667,0.03166666666666662,0.07499999999999993
Dreyer2023,49,40,0.8316666666666667,0.7616666666666667,0.06999999999999994,0.07499999999999993
Dreyer2023,50,5,0.6799999999999999,0.6583333333333334,0.02166666666666664,0.03666666666666662
Dreyer2023,50,10,0.6699999999999999,0.6583333333333334,0.01166666666666662,0.03666666666666662
Dreyer2023,50,20,0.6683333333333333,0.6583333333333334,0.00999999999999996,0.03666666666666662
Dreyer2023,50,40,0.6833333333333333,0.6583333333333334,0.024999999999999984,0.03666666666666662
Dreyer2023,51,5,0.8066666666666666,0.8066666666666666,0.0,0.031666666666666676
Dreyer2023,51,10,0.8066666666666666,0.8066666666666666,4.0245584642661923e-17,0.031666666666666676
Dreyer2023,51,20,0.7883333333333333,0.8066666666666666,-0.01833333333333332,0.031666666666666676
Dreyer2023,51,40,0.8083333333333333,0.8066666666666666,0.001666666666666701,0.031666666666666676
Dreyer2023,52,5,0.8816666666666666,0.8149999999999998,0.06666666666666668,0.08833333333333335
Dreyer2023,52,10,0.8883333333333333,0.8149999999999998,0.07333333333333332,0.08833333333333335
Dreyer2023,52,20,0.8866666666666667,0.8149999999999998,0.07166666666666666,0.08833333333333335
Dreyer2023,52,40,0.8933333333333333,0.8149999999999998,0.0783333333333333,0.08833333333333335
Dreyer2023,53,5,0.8116666666666668,0.79,0.02166666666666666,0.009999999999999981
Dreyer2023,53,10,0.7949999999999999,0.79,0.004999999999999979,0.009999999999999981
Dreyer2023,53,20,0.78,0.79,-0.01,0.009999999999999981
Dreyer2023,53,40,0.8033333333333333,0.79,0.0133333333333333,0.009999999999999981
Dreyer2023,54,5,0.7383333333333334,0.7683333333333333,-0.029999999999999936,0.11166666666666665
Dreyer2023,54,10,0.7683333333333333,0.7683333333333333,4.0245584642661923e-17,0.11166666666666665
Dreyer2023,54,20,0.845,0.7683333333333333,0.07666666666666663,0.11166666666666665
Dreyer2023,54,40,0.8516666666666668,0.7683333333333333,0.08333333333333331,0.11166666666666665
Dreyer2023,55,5,0.95,0.9216666666666666,0.02833333333333332,0.046666666666666655
Dreyer2023,55,10,0.9533333333333334,0.9216666666666666,0.03166666666666666,0.046666666666666655
Dreyer2023,55,20,0.9666666666666668,0.9216666666666666,0.045,0.046666666666666655
Dreyer2023,55,40,0.9666666666666668,0.9216666666666666,0.045,0.046666666666666655
Dreyer2023,56,5,0.975,0.9650000000000001,0.01,0.03166666666666666
Dreyer2023,56,10,0.975,0.9650000000000001,0.01,0.03166666666666666
Dreyer2023,56,20,0.9683333333333334,0.9650000000000001,0.00333333333333332,0.03166666666666666
Dreyer2023,56,40,0.9833333333333334,0.9650000000000001,0.01833333333333334,0.03166666666666666
Dreyer2023,57,5,0.7316666666666667,0.7150000000000001,0.016666666666666656,0.08999999999999996
Dreyer2023,57,10,0.7533333333333333,0.7150000000000001,0.038333333333333344,0.08999999999999996
Dreyer2023,57,20,0.7666666666666667,0.7150000000000001,0.05166666666666666,0.08999999999999996
Dreyer2023,57,40,0.7649999999999999,0.7150000000000001,0.049999999999999954,0.08999999999999996
Dreyer2023,58,5,0.9616666666666666,0.9616666666666666,0.0,0.01000000000000002
Dreyer2023,58,10,0.9716666666666667,0.9616666666666666,0.01000000000000002,0.01000000000000002
Dreyer2023,58,20,0.9666666666666666,0.9616666666666666,0.00500000000000002,0.01000000000000002
Dreyer2023,58,40,0.9650000000000001,0.9616666666666666,0.0033333333333333604,0.01000000000000002
Dreyer2023,59,5,0.8400000000000001,0.8175000000000001,0.0225,-0.00500000000000002
Dreyer2023,59,10,0.8300000000000001,0.8175000000000001,0.012499999999999959,-0.00500000000000002
Dreyer2023,59,20,0.805,0.8175000000000001,-0.01249999999999998,-0.00500000000000002
Dreyer2023,59,40,0.805,0.8175000000000001,-0.01249999999999998,-0.00500000000000002
Dreyer2023,60,5,0.9366666666666668,0.9216666666666666,0.015,0.0433333333333333
Dreyer2023,60,10,0.9483333333333333,0.9216666666666666,0.026666666666666637,0.0433333333333333
Dreyer2023,60,20,0.9599999999999997,0.9216666666666666,0.03833333333333326,0.0433333333333333
Dreyer2023,60,40,0.9516666666666665,0.9216666666666666,0.029999999999999978,0.0433333333333333
Dreyer2023,61,5,0.8866666666666667,0.8833333333333332,0.003333333333333319,0.05333333333333332
Dreyer2023,61,10,0.9016666666666666,0.8833333333333332,0.01833333333333332,0.05333333333333332
Dreyer2023,61,20,0.9133333333333333,0.8833333333333332,0.02999999999999996,0.05333333333333332
Dreyer2023,61,40,0.9349999999999999,0.8833333333333332,0.05166666666666662,0.05333333333333332
Dreyer2023,62,5,0.7766666666666666,0.79,-0.013333333333333381,0.07333333333333322
Dreyer2023,62,10,0.775,0.79,-0.015000000000000019,0.07333333333333322
Dreyer2023,62,20,0.8216666666666667,0.79,0.0316666666666666,0.07333333333333322
Dreyer2023,62,40,0.8566666666666667,0.79,0.06666666666666657,0.07333333333333322
Dreyer2023,63,5,0.8883333333333333,0.9,-0.011666666666666728,0.05166666666666662
Dreyer2023,63,10,0.9099999999999999,0.9,0.009999999999999936,0.05166666666666662
Dreyer2023,63,20,0.9116666666666667,0.9,0.011666666666666636,0.05166666666666662
Dreyer2023,63,40,0.9283333333333333,0.9,0.028333333333333276,0.05166666666666662
Dreyer2023,64,5,0.7933333333333333,0.7733333333333333,0.019999999999999962,0.10333333333333328
Dreyer2023,64,10,0.8300000000000001,0.7733333333333333,0.05666666666666664,0.10333333333333328
Dreyer2023,64,20,0.8583333333333334,0.7733333333333333,0.08499999999999996,0.10333333333333328
Dreyer2023,64,40,0.8516666666666668,0.7733333333333333,0.0783333333333333,0.10333333333333328
Dreyer2023,65,5,0.8066666666666666,0.7966666666666666,0.01,0.053333333333333274
Dreyer2023,65,10,0.8,0.7966666666666666,0.00333333333333332,0.053333333333333274
Dreyer2023,65,20,0.8233333333333333,0.7966666666666666,0.026666666666666623,0.053333333333333274
Dreyer2023,65,40,0.8066666666666666,0.7966666666666666,0.00999999999999996,0.053333333333333274
Dreyer2023,66,5,0.76,0.7533333333333333,0.006666666666666659,0.09166666666666665
Dreyer2023,66,10,0.7766666666666666,0.7533333333333333,0.0233333333333333,0.09166666666666665
Dreyer2023,66,20,0.8016666666666665,0.7533333333333333,0.048333333333333305,0.09166666666666665
Dreyer2023,66,40,0.835,0.7533333333333333,0.08166666666666664,0.09166666666666665
Dreyer2023,67,5,0.9,0.89,0.009999999999999998,-0.0283333333333333
Dreyer2023,67,10,0.8833333333333332,0.89,-0.006666666666666659,-0.0283333333333333
Dreyer2023,67,20,0.885,0.89,-0.005,-0.0283333333333333
Dreyer2023,67,40,0.8716666666666667,0.89,-0.01833333333333332,-0.0283333333333333
Dreyer2023,68,5,0.8066666666666666,0.8116666666666668,-0.004999999999999979,0.041666666666666664
Dreyer2023,68,10,0.8033333333333333,0.8116666666666668,-0.008333333333333299,0.041666666666666664
Dreyer2023,68,20,0.7833333333333333,0.8116666666666668,-0.0283333333333333,0.041666666666666664
Dreyer2023,68,40,0.8200000000000001,0.8116666666666668,0.00833333333333338,0.041666666666666664
Dreyer2023,69,5,0.9099999999999999,0.9066666666666666,0.0033333333333333396,0.014999999999999977
Dreyer2023,69,10,0.9116666666666667,0.9066666666666666,0.005,0.014999999999999977
Dreyer2023,69,20,0.9166666666666666,0.9066666666666666,0.01000000000000002,0.014999999999999977
Dreyer2023,69,40,0.9266666666666667,0.9066666666666666,0.01999999999999996,0.014999999999999977
Dreyer2023,70,5,0.7283333333333333,0.7066666666666667,0.02166666666666666,0.17666666666666667
Dreyer2023,70,10,0.7466666666666667,0.7066666666666667,0.03999999999999996,0.17666666666666667
Dreyer2023,70,20,0.77,0.7066666666666667,0.0633333333333333,0.17666666666666667
Dreyer2023,70,40,0.8016666666666665,0.7066666666666667,0.09499999999999996,0.17666666666666667
Dreyer2023,71,5,0.8949999999999999,0.8916666666666666,0.0033333333333333604,0.03333333333333332
Dreyer2023,71,10,0.9016666666666666,0.8916666666666666,0.01,0.03333333333333332
Dreyer2023,71,20,0.9149999999999998,0.8916666666666666,0.02333333333333332,0.03333333333333332
Dreyer2023,71,40,0.925,0.8916666666666666,0.03333333333333332,0.03333333333333332
Dreyer2023,72,5,0.8033333333333333,0.8066666666666666,-0.003333333333333319,0.16499999999999998
Dreyer2023,72,10,0.8683333333333334,0.8066666666666666,0.06166666666666665,0.16499999999999998
Dreyer2023,72,20,0.8633333333333333,0.8066666666666666,0.05666666666666664,0.16499999999999998
Dreyer2023,72,40,0.9299999999999999,0.8066666666666666,0.1233333333333333,0.16499999999999998
Dreyer2023,73,5,0.9299999999999999,0.9183333333333333,0.011666666666666641,0.026666666666666637
Dreyer2023,73,10,0.9466666666666667,0.9183333333333333,0.0283333333333333,0.026666666666666637
Dreyer2023,73,20,0.9033333333333333,0.9183333333333333,-0.01499999999999998,0.026666666666666637
Dreyer2023,73,40,0.9200000000000002,0.9183333333333333,0.0016666666666666995,0.026666666666666637
Dreyer2023,74,5,0.8300000000000001,0.805,0.025,0.046666666666666655
Dreyer2023,74,10,0.8383333333333333,0.805,0.03333333333333334,0.046666666666666655
Dreyer2023,74,20,0.835,0.805,0.03,0.046666666666666655
Dreyer2023,74,40,0.8333333333333334,0.805,0.02833333333333332,0.046666666666666655
Dreyer2023,75,5,0.7849999999999999,0.8233333333333335,-0.03833333333333334,0.05833333333333328
Dreyer2023,75,10,0.82,0.8233333333333335,-0.0033333333333333596,0.05833333333333328
Dreyer2023,75,20,0.835,0.8233333333333335,0.011666666666666641,0.05833333333333328
Dreyer2023,75,40,0.8533333333333333,0.8233333333333335,0.02999999999999996,0.05833333333333328
Dreyer2023,76,5,0.8433333333333334,0.8416666666666666,0.00166666666666666,0.05166666666666666
Dreyer2023,76,10,0.825,0.8416666666666666,-0.016666666666666663,0.05166666666666666
Dreyer2023,76,20,0.8333333333333333,0.8416666666666666,-0.00833333333333334,0.05166666666666666
Dreyer2023,76,40,0.8600000000000001,0.8416666666666666,0.01833333333333332,0.05166666666666666
Dreyer2023,77,5,0.8666666666666666,0.8716666666666667,-0.00499999999999996,0.034999999999999996
Dreyer2023,77,10,0.8966666666666667,0.8716666666666667,0.025,0.034999999999999996
Dreyer2023,77,20,0.9016666666666666,0.8716666666666667,0.03,0.034999999999999996
Dreyer2023,77,40,0.9083333333333332,0.8716666666666667,0.03666666666666664,0.034999999999999996
Dreyer2023,80,5,0.7883333333333333,0.72,0.06833333333333327,0.11833333333333332
Dreyer2023,80,10,0.8066666666666666,0.72,0.08666666666666666,0.11833333333333332
Dreyer2023,80,20,0.8283333333333334,0.72,0.10833333333333331,0.11833333333333332
Dreyer2023,80,40,0.8116666666666668,0.72,0.09166666666666669,0.11833333333333332
Dreyer2023,81,5,0.7383333333333333,0.8983333333333334,-0.16,0.03166666666666666
Dreyer2023,81,10,0.8933333333333333,0.8983333333333334,-0.005000000000000018,0.03166666666666666
Dreyer2023,81,20,0.9183333333333333,0.8983333333333334,0.01999999999999996,0.03166666666666666
Dreyer2023,81,40,0.875,0.8983333333333334,-0.023333333333333338,0.03166666666666666
Dreyer2023,82,5,0.8033333333333333,0.775,0.0283333333333333,0.14999999999999997
Dreyer2023,82,10,0.86,0.775,0.08499999999999992,0.14999999999999997
Dreyer2023,82,20,0.8683333333333334,0.775,0.09333333333333324,0.14999999999999997
Dreyer2023,82,40,0.8816666666666666,0.775,0.10666666666666662,0.14999999999999997
Dreyer2023,83,5,0.7033333333333334,0.7016666666666667,0.00166666666666666,0.12666666666666657
Dreyer2023,83,10,0.705,0.7016666666666667,0.0033333333333333396,0.12666666666666657
Dreyer2023,83,20,0.745,0.7016666666666667,0.0433333333333333,0.12666666666666657
Dreyer2023,83,40,0.765,0.7016666666666667,0.06333333333333327,0.12666666666666657
Dreyer2023,84,5,0.9033333333333333,0.8883333333333333,0.015000000000000019,0.04
Dreyer2023,84,10,0.915,0.8883333333333333,0.026666666666666682,0.04
Dreyer2023,84,20,0.9149999999999998,0.8883333333333333,0.026666666666666616,0.04
Dreyer2023,84,40,0.925,0.8883333333333333,0.03666666666666668,0.04
Dreyer2023,85,5,0.79,0.7366666666666667,0.05333333333333323,0.07833333333333324
Dreyer2023,85,10,0.7733333333333333,0.7366666666666667,0.0366666666666666,0.07833333333333324
Dreyer2023,85,20,0.7683333333333333,0.7366666666666667,0.03166666666666664,0.07833333333333324
Dreyer2023,85,40,0.7783333333333333,0.7366666666666667,0.04166666666666658,0.07833333333333324
Dreyer2023,86,5,0.8583333333333334,0.8816666666666666,-0.023333333333333282,-0.018333333333333278
Dreyer2023,86,10,0.865,0.8816666666666666,-0.016666666666666642,-0.018333333333333278
Dreyer2023,86,20,0.8816666666666666,0.8816666666666666,4.0245584642661923e-17,-0.018333333333333278
Dreyer2023,86,40,0.8866666666666667,0.8816666666666666,0.005000000000000019,-0.018333333333333278
Dreyer2023,87,5,0.8983333333333332,0.9,-0.001666666666666618,-0.0133333333333333
Dreyer2023,87,10,0.8533333333333333,0.9,-0.04666666666666664,-0.0133333333333333
Dreyer2023,87,20,0.8983333333333334,0.9,-0.001666666666666619,-0.0133333333333333
Dreyer2023,87,40,0.8366666666666667,0.9,-0.06333333333333324,-0.0133333333333333
PhysionetMI,1,5,0.9666666666666666,0.975,-0.00833333333333334,0.016666666666666642
PhysionetMI,1,10,0.9583333333333334,0.975,-0.016666666666666642,0.016666666666666642
PhysionetMI,1,20,0.9499999999999998,0.975,-0.025000000000000022,0.016666666666666642
PhysionetMI,2,5,0.9215384615384616,0.9169230769230771,0.00461538461538462,0.026923076923076883
PhysionetMI,2,10,0.9438461538461539,0.9169230769230771,0.026923076923076883,0.026923076923076883
PhysionetMI,2,20,0.9438461538461539,0.9169230769230771,0.026923076923076883,0.026923076923076883
PhysionetMI,3,5,0.9386363636363637,0.9484848484848485,-0.0098484848484848,0.0015151515151515193
PhysionetMI,3,10,0.9568181818181817,0.9484848484848485,0.008333333333333361,0.0015151515151515193
PhysionetMI,3,20,0.9666666666666665,0.9484848484848485,0.01818181818181816,0.0015151515151515193
PhysionetMI,4,5,0.9916666666666666,0.9734848484848484,0.01818181818181816,0.026515151515151502
PhysionetMI,4,10,0.9916666666666666,0.9734848484848484,0.01818181818181816,0.026515151515151502
PhysionetMI,4,20,0.9825757575757574,0.9734848484848484,0.00909090909090908,0.026515151515151502
PhysionetMI,5,5,0.7401515151515151,0.6848484848484848,0.055303030303030264,0.0621212121212121
PhysionetMI,5,10,0.6946969696969697,0.6848484848484848,0.009848484848484822,0.0621212121212121
PhysionetMI,5,20,0.7462121212121212,0.6848484848484848,0.06136363636363634,0.0621212121212121
PhysionetMI,6,5,0.9462121212121211,0.9333333333333333,0.01287878787878784,0.003030303030303058
PhysionetMI,6,10,0.9454545454545455,0.9333333333333333,0.012121212121212099,0.003030303030303058
PhysionetMI,6,20,0.9363636363636363,0.9333333333333333,0.0030303030303030177,0.003030303030303058
PhysionetMI,7,5,1.0,1.0,0.0,0.0
PhysionetMI,7,10,1.0,1.0,0.0,0.0
PhysionetMI,7,20,1.0,1.0,0.0,0.0
PhysionetMI,8,5,0.9037878787878787,0.8962121212121212,0.0075757575757575595,-0.023484848484848487
PhysionetMI,8,10,0.8833333333333332,0.8962121212121212,-0.012878787878787917,-0.023484848484848487
PhysionetMI,8,20,0.8469696969696969,0.8962121212121212,-0.04924242424242428,-0.023484848484848487
PhysionetMI,9,5,0.8761538461538463,0.8753846153846154,0.0007692307692308012,-0.01846153846153848
PhysionetMI,9,10,0.8792307692307693,0.8753846153846154,0.0038461538461538624,-0.01846153846153848
PhysionetMI,9,20,0.8592307692307692,0.8753846153846154,-0.016153846153846158,-0.01846153846153848
PhysionetMI,10,5,0.716923076923077,0.7353846153846154,-0.0184615384615384,0.045384615384615364
PhysionetMI,10,10,0.7446153846153847,0.7353846153846154,0.00923076923076918,0.045384615384615364
PhysionetMI,10,20,0.7623076923076922,0.7353846153846154,0.026923076923076862,0.045384615384615364
PhysionetMI,11,5,0.7803030303030303,0.7803030303030303,0.0,0.01439393939393944
PhysionetMI,11,10,0.7787878787878787,0.7803030303030303,-0.00151515151515154,0.01439393939393944
PhysionetMI,11,20,0.7765151515151516,0.7803030303030303,-0.0037878787878787594,0.01439393939393944
PhysionetMI,12,5,0.8303030303030303,0.8553030303030302,-0.025000000000000022,0.04090909090909086
PhysionetMI,12,10,0.8712121212121213,0.8553030303030302,0.01590909090909088,0.04090909090909086
PhysionetMI,12,20,0.9045454545454545,0.8553030303030302,0.0492424242424242,0.04090909090909086
PhysionetMI,13,5,0.8681818181818182,0.8674242424242424,0.0007575757575757596,0.029545454545454534
PhysionetMI,13,10,0.8863636363636364,0.8674242424242424,0.018939393939393957,0.029545454545454534
PhysionetMI,13,20,0.8787878787878787,0.8674242424242424,0.011363636363636359,0.029545454545454534
PhysionetMI,14,5,0.7977272727272727,0.7871212121212122,0.01060606060606056,0.0022727272727272414
PhysionetMI,14,10,0.806060606060606,0.7871212121212122,0.018939393939393943,0.0022727272727272414
PhysionetMI,14,20,0.8037878787878787,0.7871212121212122,0.0166666666666666,0.0022727272727272414
PhysionetMI,15,5,1.0,0.9846153846153847,0.015384615384615361,0.007692307692307681
PhysionetMI,15,10,1.0,0.9846153846153847,0.015384615384615361,0.007692307692307681
PhysionetMI,15,20,1.0,0.9846153846153847,0.015384615384615361,0.007692307692307681
PhysionetMI,16,5,0.6962121212121212,0.6734848484848485,0.022727272727272717,0.00909090909090904
PhysionetMI,16,10,0.7159090909090909,0.6734848484848485,0.042424242424242434,0.00909090909090904
PhysionetMI,16,20,0.7219696969696969,0.6734848484848485,0.04848484848484848,0.00909090909090904
PhysionetMI,17,5,0.7681818181818182,0.7393939393939395,0.02878787878787874,0.06515151515151511
PhysionetMI,17,10,0.7946969696969697,0.7393939393939395,0.05530303030303028,0.06515151515151511
PhysionetMI,17,20,0.7856060606060606,0.7393939393939395,0.046212121212121184,0.06515151515151511
PhysionetMI,18,5,0.9,0.9,0.0,0.0
PhysionetMI,18,10,0.9,0.9,0.0,0.0
PhysionetMI,18,20,0.9,0.9,0.0,0.0
PhysionetMI,19,5,0.8128787878787879,0.8303030303030303,-0.01742424242424236,-0.008333333333333321
PhysionetMI,19,10,0.8522727272727273,0.8303030303030303,0.02196969696969698,-0.008333333333333321
PhysionetMI,19,20,0.8121212121212121,0.8303030303030303,-0.01818181818181814,-0.008333333333333321
PhysionetMI,20,5,0.9378787878787879,0.9196969696969697,0.01818181818181816,0.06363636363636356
PhysionetMI,20,10,0.9484848484848485,0.9196969696969697,0.028787878787878758,0.06363636363636356
PhysionetMI,20,20,0.9643939393939395,0.9196969696969697,0.04469696969696966,0.06363636363636356
PhysionetMI,21,5,0.8621212121212121,0.815909090909091,0.04621212121212119,0.01590909090909088
PhysionetMI,21,10,0.8696969696969697,0.815909090909091,0.053787878787878794,0.01590909090909088
PhysionetMI,21,20,0.840909090909091,0.815909090909091,0.024999999999999977,0.01590909090909088
PhysionetMI,22,5,0.9,0.9,0.0,0.0
PhysionetMI,22,10,0.9,0.9,0.0,0.0
PhysionetMI,22,20,0.9,0.9,0.0,0.0
PhysionetMI,23,5,0.7061538461538461,0.7346153846153847,-0.02846153846153842,0.0015384615384615385
PhysionetMI,23,10,0.7038461538461538,0.7346153846153847,-0.030769230769230736,0.0015384615384615385
PhysionetMI,23,20,0.7338461538461539,0.7346153846153847,-0.0007692307692307596,0.0015384615384615385
PhysionetMI,24,5,0.6696969696969697,0.6643939393939394,0.0053030303030303,0.009848484848484843
PhysionetMI,24,10,0.6537878787878788,0.6643939393939394,-0.010606060606060601,0.009848484848484843
PhysionetMI,24,20,0.7242424242424242,0.6643939393939394,0.0598484848484848,0.009848484848484843
PhysionetMI,25,5,0.5825757575757576,0.6977272727272728,-0.11515151515151516,-0.04318181818181816
PhysionetMI,25,10,0.6166666666666666,0.6977272727272728,-0.08106060606060606,-0.04318181818181816
PhysionetMI,25,20,0.671969696969697,0.6977272727272728,-0.025757575757575757,-0.04318181818181816
PhysionetMI,26,5,0.7115384615384616,0.7107692307692307,0.0007692307692308206,0.019230769230769218
PhysionetMI,26,10,0.6569230769230769,0.7107692307692307,-0.05384615384615378,0.019230769230769218
PhysionetMI,26,20,0.7592307692307692,0.7107692307692307,0.04846153846153844,0.019230769230769218
PhysionetMI,27,5,0.8818181818181818,0.8568181818181818,0.025000000000000022,0.01666666666666666
PhysionetMI,27,10,0.8734848484848484,0.8568181818181818,0.01666666666666666,0.01666666666666666
PhysionetMI,27,20,0.8818181818181818,0.8568181818181818,0.025000000000000022,0.01666666666666666
PhysionetMI,28,5,0.793939393939394,0.7856060606060606,0.008333333333333321,-0.04393939393939392
PhysionetMI,28,10,0.7840909090909091,0.7856060606060606,-0.0015151515151515,-0.04393939393939392
PhysionetMI,28,20,0.7666666666666667,0.7856060606060606,-0.018939393939393902,-0.04393939393939392
PhysionetMI,29,5,0.9636363636363636,0.9636363636363636,0.0,0.0
PhysionetMI,29,10,0.9393939393939394,0.9636363636363636,-0.02424242424242426,0.0
PhysionetMI,29,20,0.9643939393939395,0.9636363636363636,0.0007575757575757402,0.0
PhysionetMI,30,5,0.9280303030303031,0.9128787878787878,0.01515151515151516,0.0068181818181818205
PhysionetMI,30,10,0.8833333333333334,0.9128787878787878,-0.02954545454545452,0.0068181818181818205
PhysionetMI,30,20,0.9371212121212121,0.9128787878787878,0.02424242424242424,0.0068181818181818205
PhysionetMI,31,5,0.9234848484848486,0.931060606060606,-0.0075757575757575395,-0.01818181818181814
PhysionetMI,31,10,0.9287878787878787,0.931060606060606,-0.00227272727272724,-0.01818181818181814
PhysionetMI,31,20,0.9219696969696971,0.931060606060606,-0.009090909090909061,-0.01818181818181814
PhysionetMI,32,5,0.96,0.95,0.010000000000000021,0.010000000000000021
PhysionetMI,32,10,0.9400000000000001,0.95,-0.009999999999999959,0.010000000000000021
PhysionetMI,32,20,0.93,0.95,-0.01999999999999996,0.010000000000000021
PhysionetMI,33,5,0.8833333333333334,0.8333333333333334,0.04999999999999996,0.04999999999999992
PhysionetMI,33,10,0.875,0.8333333333333334,0.041666666666666644,0.04999999999999992
PhysionetMI,33,20,0.9,0.8333333333333334,0.06666666666666662,0.04999999999999992
PhysionetMI,34,5,0.8169230769230769,0.7723076923076924,0.04461538461538458,0.07769230769230764
PhysionetMI,34,10,0.8523076923076923,0.7723076923076924,0.07999999999999999,0.07769230769230764
PhysionetMI,34,20,0.85,0.7723076923076924,0.07769230769230766,0.07769230769230764
PhysionetMI,35,5,0.890909090909091,0.8818181818181818,0.00909090909090908,0.0
PhysionetMI,35,10,0.8818181818181818,0.8818181818181818,0.0,0.0
PhysionetMI,35,20,0.8727272727272727,0.8818181818181818,-0.00909090909090908,0.0
PhysionetMI,36,5,0.9022727272727273,0.9113636363636364,-0.00909090909090908,0.01666666666666668
PhysionetMI,36,10,0.9098484848484849,0.9113636363636364,-0.0015151515151515,0.01666666666666668
PhysionetMI,36,20,0.9196969696969697,0.9113636363636364,0.00833333333333334,0.01666666666666668
PhysionetMI,37,5,0.8818181818181818,0.8151515151515152,0.06666666666666664,0.0727272727272727
PhysionetMI,37,10,0.8636363636363636,0.8151515151515152,0.04848484848484848,0.0727272727272727
PhysionetMI,37,20,0.8818181818181818,0.8151515151515152,0.06666666666666667,0.0727272727272727
PhysionetMI,38,5,0.5409090909090909,0.5159090909090909,0.025,0.06136363636363634
PhysionetMI,38,10,0.5742424242424242,0.5159090909090909,0.05833333333333333,0.06136363636363634
PhysionetMI,38,20,0.5143939393939394,0.5159090909090909,-0.0015151515151515138,0.06136363636363634
PhysionetMI,39,5,0.7727272727272727,0.8219696969696969,-0.04924242424242414,0.01590909090909098
PhysionetMI,39,10,0.7878787878787878,0.8219696969696969,-0.03409090909090904,0.01590909090909098
PhysionetMI,39,20,0.7871212121212121,0.8219696969696969,-0.0348484848484848,0.01590909090909098
PhysionetMI,40,5,1.0,1.0,0.0,0.0
PhysionetMI,40,10,1.0,1.0,0.0,0.0
PhysionetMI,40,20,1.0,1.0,0.0,0.0
PhysionetMI,41,5,0.9746153846153846,0.9823076923076923,-0.007692307692307681,-0.00538461538461536
PhysionetMI,41,10,0.9846153846153847,0.9823076923076923,0.0023076923076923205,-0.00538461538461536
PhysionetMI,41,20,0.9846153846153847,0.9823076923076923,0.0023076923076923205,-0.00538461538461536
PhysionetMI,42,5,0.975,0.9833333333333332,-0.0083333333333333,-0.016666666666666642
PhysionetMI,42,10,0.9916666666666666,0.9833333333333332,0.00833333333333334,-0.016666666666666642
PhysionetMI,42,20,0.9916666666666666,0.9833333333333332,0.00833333333333334,-0.016666666666666642
PhysionetMI,43,5,0.9545454545454547,0.9545454545454547,0.0,0.0
PhysionetMI,43,10,0.9545454545454547,0.9545454545454547,0.0,0.0
PhysionetMI,43,20,0.9545454545454547,0.9545454545454547,0.0,0.0
PhysionetMI,44,5,0.8681818181818182,0.8696969696969697,-0.0015151515151515388,0.02424242424242426
PhysionetMI,44,10,0.8757575757575757,0.8696969696969697,0.006060606060606061,0.02424242424242426
PhysionetMI,44,20,0.8386363636363636,0.8696969696969697,-0.03106060606060604,0.02424242424242426
PhysionetMI,45,5,0.781060606060606,0.771969696969697,0.009090909090909097,0.021212121212121175
PhysionetMI,45,10,0.7628787878787879,0.771969696969697,-0.009090909090909061,0.021212121212121175
PhysionetMI,45,20,0.7871212121212121,0.771969696969697,0.015151515151515142,0.021212121212121175
PhysionetMI,46,5,0.8537878787878788,0.8530303030303031,0.0007575757575757388,-0.04015151515151514
PhysionetMI,46,10,0.8454545454545455,0.8530303030303031,-0.007575757575757541,-0.04015151515151514
PhysionetMI,46,20,0.8666666666666666,0.8530303030303031,0.013636363636363603,-0.04015151515151514
PhysionetMI,47,5,0.7992424242424243,0.7666666666666667,0.03257575757575756,-0.006818181818181843
PhysionetMI,47,10,0.7606060606060605,0.7666666666666667,-0.0060606060606061005,-0.006818181818181843
PhysionetMI,47,20,0.7863636363636364,0.7666666666666667,0.01969696969696964,-0.006818181818181843
PhysionetMI,48,5,0.9916666666666666,0.9833333333333332,0.00833333333333334,0.01666666666666668
PhysionetMI,48,10,0.9916666666666666,0.9833333333333332,0.00833333333333334,0.01666666666666668
PhysionetMI,48,20,1.0,0.9833333333333332,0.01666666666666668,0.01666666666666668
PhysionetMI,49,5,0.8825757575757576,0.8659090909090909,0.01666666666666668,0.058333333333333334
PhysionetMI,49,10,0.8825757575757576,0.8659090909090909,0.016666666666666698,0.058333333333333334
PhysionetMI,49,20,0.9242424242424242,0.8659090909090909,0.058333333333333334,0.058333333333333334
PhysionetMI,50,5,0.7765151515151516,0.6924242424242424,0.08409090909090908,0.11515151515151512
PhysionetMI,50,10,0.7893939393939394,0.6924242424242424,0.09696969696969696,0.11515151515151512
PhysionetMI,50,20,0.815909090909091,0.6924242424242424,0.12348484848484849,0.11515151515151512
PhysionetMI,51,5,0.8636363636363636,0.8545454545454545,0.0090909090909091,0.01818181818181822
PhysionetMI,51,10,0.809090909090909,0.8545454545454545,-0.045454545454545414,0.01818181818181822
PhysionetMI,51,20,0.8818181818181818,0.8545454545454545,0.027272727272727317,0.01818181818181822
PhysionetMI,52,5,0.93,0.9199999999999999,0.00999999999999998,0.02999999999999998
PhysionetMI,52,10,0.96,0.9199999999999999,0.03999999999999996,0.02999999999999998
PhysionetMI,52,20,0.93,0.9199999999999999,0.00999999999999998,0.02999999999999998
PhysionetMI,53,5,0.9545454545454545,0.9568181818181817,-0.002272727272727261,0.0340909090909091
PhysionetMI,53,10,0.9454545454545455,0.9568181818181817,-0.01136363636363628,0.0340909090909091
PhysionetMI,53,20,0.9818181818181818,0.9568181818181817,0.025000000000000022,0.0340909090909091
PhysionetMI,54,5,0.9462121212121211,0.9825757575757574,-0.03636363636363636,0.00909090909090908
PhysionetMI,54,10,0.9742424242424242,0.9825757575757574,-0.00833333333333334,0.00909090909090908
PhysionetMI,54,20,0.9833333333333332,0.9825757575757574,0.0007575757575757402,0.00909090909090908
PhysionetMI,55,5,0.9371212121212121,0.990909090909091,-0.05378787878787874,-0.041666666666666616
PhysionetMI,55,10,0.9545454545454547,0.990909090909091,-0.03636363636363632,-0.041666666666666616
PhysionetMI,55,20,1.0,0.990909090909091,0.00909090909090908,-0.041666666666666616
PhysionetMI,56,5,0.9272727272727274,0.918939393939394,0.00833333333333334,0.04469696969696968
PhysionetMI,56,10,0.9280303030303031,0.918939393939394,0.00909090909090908,0.04469696969696968
PhysionetMI,56,20,0.9462121212121213,0.918939393939394,0.02727272727272726,0.04469696969696968
PhysionetMI,57,5,0.9742424242424242,0.9727272727272727,0.0015151515151515193,0.010606060606060539
PhysionetMI,57,10,1.0,0.9727272727272727,0.027272727272727237,0.010606060606060539
PhysionetMI,57,20,1.0,0.9727272727272727,0.027272727272727237,0.010606060606060539
PhysionetMI,58,5,0.8346153846153846,0.7515384615384615,0.08307692307692305,0.09307692307692306
PhysionetMI,58,10,0.8376923076923077,0.7515384615384615,0.08615384615384612,0.09307692307692306
PhysionetMI,58,20,0.826923076923077,0.7515384615384615,0.07538461538461534,0.09307692307692306
PhysionetMI,59,5,0.7689393939393939,0.75,0.01893939393939392,0.08333333333333333
PhysionetMI,59,10,0.7954545454545455,0.75,0.04545454545454548,0.08333333333333333
PhysionetMI,59,20,0.771969696969697,0.75,0.021969696969696962,0.08333333333333333
PhysionetMI,60,5,0.9669230769230769,0.9592307692307692,0.007692307692307681,-0.007692307692307681
PhysionetMI,60,10,0.9592307692307692,0.9592307692307692,0.0,-0.007692307692307681
PhysionetMI,60,20,0.9669230769230769,0.9592307692307692,0.007692307692307681,-0.007692307692307681
PhysionetMI,61,5,1.0,1.0,0.0,-0.01818181818181816
PhysionetMI,61,10,1.0,1.0,0.0,-0.01818181818181816
PhysionetMI,61,20,0.990909090909091,1.0,-0.00909090909090908,-0.01818181818181816
PhysionetMI,62,5,0.8833333333333332,0.8734848484848484,0.0098484848484848,0.00909090909090908
PhysionetMI,62,10,0.8825757575757575,0.8734848484848484,0.00909090909090908,0.00909090909090908
PhysionetMI,62,20,0.8825757575757575,0.8734848484848484,0.00909090909090908,0.00909090909090908
PhysionetMI,63,5,0.7636363636363637,0.8106060606060608,-0.046969696969697,-0.02954545454545458
PhysionetMI,63,10,0.7893939393939393,0.8106060606060608,-0.0212121212121213,-0.02954545454545458
PhysionetMI,63,20,0.7553030303030303,0.8106060606060608,-0.05530303030303032,-0.02954545454545458
PhysionetMI,64,5,0.825,0.7909090909090909,0.034090909090909075,0.05000000000000001
PhysionetMI,64,10,0.8560606060606061,0.7909090909090909,0.06515151515151514,0.05000000000000001
PhysionetMI,64,20,0.8560606060606061,0.7909090909090909,0.06515151515151511,0.05000000000000001
PhysionetMI,65,5,0.9553030303030303,0.9825757575757574,-0.027272727272727237,-0.0007575757575757402
PhysionetMI,65,10,0.9553030303030303,0.9825757575757574,-0.027272727272727237,-0.0007575757575757402
PhysionetMI,65,20,0.9643939393939395,0.9825757575757574,-0.01818181818181816,-0.0007575757575757402
PhysionetMI,66,5,0.7575757575757576,0.7575757575757576,0.0,0.02651515151515152
PhysionetMI,66,10,0.7757575757575758,0.7575757575757576,0.0181818181818182,0.02651515151515152
PhysionetMI,66,20,0.7583333333333334,0.7575757575757576,0.0007575757575757594,0.02651515151515152
PhysionetMI,67,5,0.7833333333333333,0.775,0.00833333333333334,-0.021212121212121078
PhysionetMI,67,10,0.7628787878787879,0.775,-0.012121212121212041,-0.021212121212121078
PhysionetMI,67,20,0.7295454545454545,0.775,-0.0454545454545454,-0.021212121212121078
PhysionetMI,68,5,0.8136363636363637,0.796969696969697,0.016666666666666642,0.041666666666666644
PhysionetMI,68,10,0.8068181818181819,0.796969696969697,0.00984848484848486,0.041666666666666644
PhysionetMI,68,20,0.8143939393939394,0.796969696969697,0.0174242424242424,0.041666666666666644
PhysionetMI,69,5,0.9746153846153846,0.913076923076923,0.0615384615384615,0.04615384615384614
PhysionetMI,69,10,0.9569230769230769,0.913076923076923,0.043846153846153785,0.04615384615384614
PhysionetMI,69,20,0.9569230769230769,0.913076923076923,0.043846153846153785,0.04615384615384614
PhysionetMI,70,5,1.0,1.0,0.0,0.0
PhysionetMI,70,10,1.0,1.0,0.0,0.0
PhysionetMI,70,20,1.0,1.0,0.0,0.0
PhysionetMI,71,5,0.9310606060606059,0.9666666666666665,-0.03560606060606058,-0.0098484848484848
PhysionetMI,71,10,0.949242424242424,0.9666666666666665,-0.01742424242424242,-0.0098484848484848
PhysionetMI,71,20,0.9393939393939392,0.9666666666666665,-0.027272727272727237,-0.0098484848484848
PhysionetMI,72,5,0.9727272727272727,0.9727272727272727,0.0,0.01818181818181816
PhysionetMI,72,10,0.9727272727272727,0.9727272727272727,0.0,0.01818181818181816
PhysionetMI,72,20,0.9727272727272727,0.9727272727272727,0.0,0.01818181818181816
PhysionetMI,73,5,0.8689393939393939,0.8795454545454545,-0.01060606060606058,-0.034848484848484816
PhysionetMI,73,10,0.8537878787878788,0.8795454545454545,-0.02575757575757574,-0.034848484848484816
PhysionetMI,73,20,0.8787878787878789,0.8795454545454545,-0.0007575757575757206,-0.034848484848484816
PhysionetMI,74,5,0.7053030303030303,0.7303030303030303,-0.02500000000000004,0.024242424242424197
PhysionetMI,74,10,0.7386363636363636,0.7303030303030303,0.0083333333333333,0.024242424242424197
PhysionetMI,74,20,0.7462121212121213,0.7303030303030303,0.01590909090909088,0.024242424242424197
PhysionetMI,75,5,0.8833333333333332,0.8992424242424242,-0.015909090909090862,0.0007575757575758208
PhysionetMI,75,10,0.8583333333333332,0.8992424242424242,-0.040909090909090916,0.0007575757575758208
PhysionetMI,75,20,0.9,0.8992424242424242,0.0007575757575757792,0.0007575757575758208
PhysionetMI,76,5,0.6,0.6636363636363637,-0.06363636363636366,-0.06363636363636363
PhysionetMI,76,10,0.5901515151515151,0.6636363636363637,-0.07348484848484851,-0.06363636363636363
PhysionetMI,76,20,0.5825757575757576,0.6636363636363637,-0.08106060606060608,-0.06363636363636363
PhysionetMI,77,5,0.7492424242424243,0.7416666666666667,0.0075757575757575205,-0.01666666666666668
PhysionetMI,77,10,0.7439393939393939,0.7416666666666667,0.0022727272727272206,-0.01666666666666668
PhysionetMI,77,20,0.7598484848484849,0.7416666666666667,0.01818181818181816,-0.01666666666666668
PhysionetMI,78,5,0.6053030303030302,0.6166666666666666,-0.011363636363636381,0.08333333333333331
PhysionetMI,78,10,0.6712121212121211,0.6166666666666666,0.05454545454545454,0.08333333333333331
PhysionetMI,78,20,0.634090909090909,0.6166666666666666,0.017424242424242377,0.08333333333333331
PhysionetMI,79,5,0.7659090909090909,0.796969696969697,-0.031060606060606018,-0.01515151515151518
PhysionetMI,79,10,0.7704545454545455,0.796969696969697,-0.026515151515151502,-0.01515151515151518
PhysionetMI,79,20,0.781060606060606,0.796969696969697,-0.01590909090909088,-0.01515151515151518
PhysionetMI,80,5,0.8238461538461539,0.7915384615384615,0.03230769230769228,-1.9428902930940238e-17
PhysionetMI,80,10,0.8230769230769232,0.7915384615384615,0.03153846153846154,-1.9428902930940238e-17
PhysionetMI,80,20,0.7938461538461539,0.7915384615384615,0.0023076923076923187,-1.9428902930940238e-17
PhysionetMI,81,5,0.8674242424242424,0.8575757575757577,0.009848484848484839,0.04090909090909084
PhysionetMI,81,10,0.8787878787878787,0.8575757575757577,0.02121212121212112,0.04090909090909084
PhysionetMI,81,20,0.8878787878787879,0.8575757575757577,0.030303030303030238,0.04090909090909084
PhysionetMI,82,5,0.7924242424242424,0.7878787878787878,0.004545454545454542,0.03257575757575758
PhysionetMI,82,10,0.8287878787878789,0.7878787878787878,0.04090909090909094,0.03257575757575758
PhysionetMI,82,20,0.8113636363636363,0.7878787878787878,0.02348484848484848,0.03257575757575758
PhysionetMI,83,5,0.8053846153846154,0.7923076923076924,0.013076923076923003,0.045384615384615364
PhysionetMI,83,10,0.8169230769230769,0.7923076923076924,0.0246153846153846,0.045384615384615364
PhysionetMI,83,20,0.8323076923076924,0.7923076923076924,0.03999999999999998,0.045384615384615364
PhysionetMI,84,5,0.8924242424242426,0.9037878787878789,-0.011363636363636383,0.04242424242424242
PhysionetMI,84,10,0.8954545454545455,0.9037878787878789,-0.008333333333333321,0.04242424242424242
PhysionetMI,84,20,0.9287878787878789,0.9037878787878789,0.025,0.04242424242424242
PhysionetMI,85,5,0.9492424242424242,0.95,-0.000757575757575761,0.01515151515151516
PhysionetMI,85,10,0.9651515151515151,0.95,0.015151515151515138,0.01515151515151516
PhysionetMI,85,20,0.9568181818181818,0.95,0.0068181818181818205,0.01515151515151516
PhysionetMI,86,5,0.8823076923076922,0.8923076923076924,-0.01,0.007692307692307681
PhysionetMI,86,10,0.89,0.8923076923076924,-0.0023076923076923205,0.007692307692307681
PhysionetMI,86,20,0.9,0.8923076923076924,0.007692307692307681,0.007692307692307681
PhysionetMI,87,5,0.7636363636363637,0.7356060606060606,0.028030303030303037,0.05227272727272726
PhysionetMI,87,10,0.6954545454545455,0.7356060606060606,-0.040151515151515146,0.05227272727272726
PhysionetMI,87,20,0.7613636363636364,0.7356060606060606,0.02575757575757572,0.05227272727272726
PhysionetMI,90,5,0.9659090909090908,0.9575757575757574,0.0083333333333333,0.015151515151515183
PhysionetMI,90,10,0.9651515151515151,0.9575757575757574,0.00757575757575758,0.015151515151515183
PhysionetMI,90,20,0.9742424242424242,0.9575757575757574,0.016666666666666642,0.015151515151515183
PhysionetMI,91,5,0.8795454545454545,0.8840909090909091,-0.00454545454545456,0.021212121212121182
PhysionetMI,91,10,0.8787878787878787,0.8840909090909091,-0.005303030303030321,0.021212121212121182
PhysionetMI,91,20,0.8878787878787879,0.8840909090909091,0.0037878787878787594,0.021212121212121182
PhysionetMI,93,5,0.906060606060606,0.8886363636363637,0.017424242424242398,-0.00530303030303034
PhysionetMI,93,10,0.8962121212121211,0.8886363636363637,0.007575757575757564,-0.00530303030303034
PhysionetMI,93,20,0.9219696969696969,0.8886363636363637,0.0333333333333333,-0.00530303030303034
PhysionetMI,94,5,0.8,0.8416666666666666,-0.041666666666666595,-0.033333333333333236
PhysionetMI,94,10,0.8083333333333333,0.8416666666666666,-0.033333333333333236,-0.033333333333333236
PhysionetMI,94,20,0.8416666666666668,0.8416666666666666,4.0245584642661923e-17,-0.033333333333333236
PhysionetMI,95,5,0.8323076923076924,0.8115384615384615,0.02076923076923074,0.00846153846153838
PhysionetMI,95,10,0.8061538461538461,0.8115384615384615,-0.005384615384615361,0.00846153846153838
PhysionetMI,95,20,0.8223076923076922,0.8115384615384615,0.0107692307692307,0.00846153846153838
PhysionetMI,96,5,0.8833333333333332,0.8833333333333332,0.0,-0.016666666666666642
PhysionetMI,96,10,0.8734848484848484,0.8833333333333332,-0.0098484848484848,-0.016666666666666642
PhysionetMI,96,20,0.8583333333333334,0.8833333333333332,-0.02499999999999994,-0.016666666666666642
PhysionetMI,97,5,0.9121212121212121,0.9212121212121211,-0.00909090909090908,-0.01818181818181814
PhysionetMI,97,10,0.9106060606060605,0.9212121212121211,-0.01060606060606058,-0.01818181818181814
PhysionetMI,97,20,0.9303030303030304,0.9212121212121211,0.00909090909090912,-0.01818181818181814
PhysionetMI,98,5,0.46590909090909094,0.4636363636363637,0.00227272727272724,0.0598484848484848
PhysionetMI,98,10,0.4636363636363637,0.4636363636363637,0.0,0.0598484848484848
PhysionetMI,98,20,0.5386363636363637,0.4636363636363637,0.07499999999999996,0.0598484848484848
PhysionetMI,99,5,0.6742424242424242,0.6643939393939394,0.009848484848484839,0.04924242424242416
PhysionetMI,99,10,0.6946969696969697,0.6643939393939394,0.03030303030303024,0.04924242424242416
PhysionetMI,99,20,0.7128787878787879,0.6643939393939394,0.04848484848484844,0.04924242424242416
PhysionetMI,101,5,0.9923076923076923,0.9923076923076923,0.0,0.007692307692307681
PhysionetMI,101,10,0.9923076923076923,0.9923076923076923,0.0,0.007692307692307681
PhysionetMI,101,20,1.0,0.9923076923076923,0.007692307692307681,0.007692307692307681
PhysionetMI,102,5,0.8242424242424242,0.8234848484848485,0.0007575757575757206,0.05454545454545452
PhysionetMI,102,10,0.8393939393939395,0.8234848484848485,0.0159090909090909,0.05454545454545452
PhysionetMI,102,20,0.8477272727272727,0.8234848484848485,0.02424242424242424,0.05454545454545452
PhysionetMI,103,5,0.8272727272727274,0.8454545454545455,-0.01818181818181814,0.08409090909090912
PhysionetMI,103,10,0.8545454545454547,0.8454545454545455,0.00909090909090914,0.08409090909090912
PhysionetMI,103,20,0.9204545454545455,0.8454545454545455,0.07500000000000002,0.08409090909090912
PhysionetMI,105,5,0.8742424242424243,0.8742424242424243,0.0,0.00833333333333334
PhysionetMI,105,10,0.8727272727272727,0.8742424242424243,-0.0015151515151514401,0.00833333333333334
PhysionetMI,105,20,0.8916666666666666,0.8742424242424243,0.01742424242424242,0.00833333333333334
PhysionetMI,107,5,0.6227272727272727,0.6424242424242423,-0.01969696969696966,-0.02424242424242418
PhysionetMI,107,10,0.6507575757575756,0.6424242424242423,0.008333333333333321,-0.02424242424242418
PhysionetMI,107,20,0.6424242424242423,0.6424242424242423,-3.8857805861880476e-17,-0.02424242424242418
PhysionetMI,108,5,0.9295454545454545,0.9121212121212121,0.01742424242424242,-0.01666666666666662
PhysionetMI,108,10,0.9045454545454545,0.9121212121212121,-0.00757575757575758,-0.01666666666666662
PhysionetMI,108,20,0.9212121212121213,0.9121212121212121,0.0090909090909091,-0.01666666666666662
PhysionetMI,109,5,0.6613636363636364,0.6333333333333333,0.028030303030303023,-1.9428902930940238e-17
PhysionetMI,109,10,0.6530303030303031,0.6333333333333333,0.01969696969696966,-1.9428902930940238e-17
PhysionetMI,109,20,0.675,0.6333333333333333,0.041666666666666616,-1.9428902930940238e-17
