model,dataset,pretraining_source,shots,N,mean_pp,median_pp,SD_pp,improved_fraction,drop_gt_2pp_fraction,p_raw_descriptive,full_gain_mean,recovery
REVE,Cho2017,seen_source,5,52,-0.3833333333326923,-0.4,2.0357427062410887,0.34615384615384615,0.15384615384615385,0.9630347333489805,0.03352564102564101,-0.11434034416825993
REVE,Cho2017,seen_source,10,52,0.24102564102499996,0.0,2.574016430252307,0.46153846153846156,0.11538461538461539,0.40866796372485414,0.03352564102564101,0.07189292543021027
REVE,Cho2017,seen_source,20,52,0.9275641025634617,0.7000000000000001,2.2115927595147538,0.6538461538461539,0.07692307692307693,0.002958760826799726,0.03352564102564101,0.2766730401529636
REVE,Cho2017,seen_source,40,52,1.2474358974365385,0.7333333333500001,2.854773521412228,0.6346153846153846,0.038461538461538464,0.0016377484414032571,0.03352564102564101,0.3720841300191204
REVE,Dreyer2023,seen_source_Inria_Large,5,80,0.544360632185,0.3333333333,3.5232475614672167,0.5625,0.1375,0.025290899536358928,0.053814655172413774,0.10115471899612863
REVE,Dreyer2023,seen_source_Inria_Large,10,80,1.3633979885037502,0.91666666665,3.418224450997827,0.625,0.0875,0.00025296731465734303,0.053814655172413774,0.2533506874916565
REVE,Dreyer2023,seen_source_Inria_Large,20,80,2.1931393678187505,1.33333333335,3.4205045820833746,0.7125,0.05,2.0004624648599586e-07,0.053814655172413774,0.4075357095180882
REVE,Dreyer2023,seen_source_Inria_Large,40,80,3.0812859195424998,2.4166666666500003,3.9396995241336117,0.825,0.075,1.8440974131957545e-09,0.053814655172413774,0.5725737551728739
REVE,PhysionetMI,source_unlisted_downstream_benchmark,5,103,0.33156810826310684,0.0769230769,2.7763403644973006,0.5436893203883495,0.1262135922330097,0.04832647302824546,0.015481815918709119,0.2141661611325911
REVE,PhysionetMI,source_unlisted_downstream_benchmark,10,103,0.5738678796922329,0.22727272730000003,2.978330455680728,0.5048543689320388,0.1553398058252427,0.025619601921979974,0.015481815918709119,0.37067220196025424
REVE,PhysionetMI,source_unlisted_downstream_benchmark,20,103,1.40800461674466,1.0,3.0940266004642205,0.6893203883495146,0.0970873786407767,3.958900228051228e-06,0.015481815918709119,0.9094570198583524
