fold,seed,B0_head,B0_lr,B0_epoch,G_lr,initial_selected_step,train_loss_plateau,validation_loss_plateau,validation_scores_plateau,plateau_observed,selected_in_final_plateau_window,selected_additional_step,selected_validation_CE,bad_checks,stopped_by,additional_steps_run,additional_steps_cap,optimizer_and_RNG_restored,test_used_for_selection,seconds,single_GPU_hours_this_stage,peak_allocated_bytes,peak_reserved_bytes
0,11,mlp,0.0003,29,0.001,3000,False,False,False,False,False,1500,0.43488848745580566,8,CE_patience,3500,9000,True,False,3153.6877444070415,0.8760243734464004,10318005248,11676942336
0,23,mlp,0.001,30,0.001,3000,True,True,False,False,False,1500,0.6929645365966115,8,CE_patience,3500,9000,True,False,3031.0352940689772,0.8419542483524937,10318005248,11676942336
0,37,mlp,0.001,24,0.001,3000,False,False,False,False,False,250,0.6319495873930062,8,CE_patience,2250,9000,True,False,2582.5768655120046,0.7173824626422235,10318005248,11700011008
0,53,mlp,0.001,16,0.001,1000,False,False,False,False,False,1000,0.4944011198658026,8,CE_patience,3000,3000,True,False,2938.078201101045,0.8161328336391792,10318005248,11683233792
0,71,mlp,0.001,18,0.001,3000,False,False,False,False,False,0,0.6025669219301907,8,CE_patience,2000,9000,True,False,2387.085207800963,0.6630792243891563,10318005248,11676942336
1,11,mlp,0.0003,9,0.001,3000,False,False,False,False,False,1250,0.4609939321233395,8,CE_patience,3250,9000,True,False,3017.6800760119804,0.8382444655588834,10286474240,11653873664
1,23,mlp,0.0003,16,0.001,3000,False,False,False,False,False,750,0.5762029056883695,8,CE_patience,2750,9000,True,False,2811.9320203529787,0.7810922278758274,10286474240,11676942336
1,37,mlp,0.001,10,0.001,3000,False,False,False,False,False,250,0.5439546627969869,8,CE_patience,2250,9000,True,False,2540.0215243049897,0.7055615345291638,10286474240,11683233792
1,53,mlp,0.0003,13,0.0003,3000,False,False,False,False,False,750,0.7752412545766924,8,CE_patience,2750,9000,True,False,2924.7479621539824,0.8124299894872173,10286474240,11683233792
1,71,mlp,0.0003,8,0.001,3000,False,False,False,False,False,250,0.5191582661967552,8,CE_patience,2250,9000,True,False,2573.2640349020367,0.7147955652505658,10286474240,11653873664
2,11,mlp,0.0003,15,0.001,1000,False,False,False,False,False,250,0.3676704228768269,8,CE_patience,2250,3000,True,False,2636.32498711301,0.7323124964202806,10388941312,11785994240
2,23,mlp,0.0003,9,0.0003,3000,False,False,False,False,False,0,0.6481442531293046,8,CE_patience,2000,9000,True,False,2406.4561788180145,0.6684600496716707,10388941312,11779702784
2,37,mlp,0.001,12,0.001,3000,False,False,False,False,False,750,0.512001373406901,8,CE_patience,2750,9000,True,False,2769.4901977400295,0.7693028327055638,10388941312,11773411328
2,53,mlp,0.0003,12,0.001,1000,False,False,False,False,False,750,0.3983901432228337,8,CE_patience,2750,3000,True,False,2832.288149002008,0.7867467080561134,10388941312,11756634112
2,71,mlp,0.0003,10,0.001,3000,False,False,False,False,False,500,0.37244584821306853,8,CE_patience,2500,9000,True,False,2661.323304422025,0.7392564734505626,10388941312,11792285696
3,11,linear,0.001,10,0.001,3000,False,False,False,False,False,0,1.0976670639215313,8,CE_patience,2000,9000,True,False,2745.08610975201,0.7625239193755584,10406031872,11794382848
3,23,mlp,0.0003,10,0.001,3000,False,False,False,False,False,1000,0.40876459837815804,8,CE_patience,3000,9000,True,False,2831.206362525001,0.7864462118125003,10406031872,11790188544
3,37,linear,0.0003,18,0.0003,1000,False,False,False,False,False,0,0.6392147477726025,8,CE_patience,2000,3000,True,False,2476.7235059759696,0.6879787516599916,10406031872,11792285696
3,53,mlp,0.0003,4,0.0003,3000,False,False,False,False,False,500,0.5217783208466455,8,CE_patience,2500,9000,True,False,2662.3043445540243,0.73952898459834,10406031872,11790188544
3,71,linear,0.0003,8,0.0003,3000,False,False,False,False,False,0,0.5910149860974051,8,CE_patience,2000,9000,True,False,2472.175261080032,0.686715350300009,10406031872,11788091392
4,11,mlp,0.0003,5,0.001,3000,False,False,False,False,False,1750,0.6078558856440819,8,CE_patience,3750,9000,True,False,3319.4554798210156,0.9220709666169488,10376130560,11765022720
4,23,mlp,0.0003,4,0.001,3000,False,False,False,False,False,2000,0.617344198855129,8,CE_patience,4000,9000,True,False,3360.024092863954,0.9333400257955429,10376130560,11765022720
4,37,mlp,0.001,8,0.0003,3000,False,False,False,False,False,0,1.0373789919545684,8,CE_patience,2000,9000,True,False,2424.6266213370254,0.6735073948158404,10376130560,11754536960
4,53,mlp,0.001,28,0.001,3000,False,False,False,False,False,1250,0.598176299251988,8,CE_patience,3250,9000,True,False,2943.753327211016,0.8177092575586156,10376130560,11765022720
4,71,mlp,0.001,2,0.0003,1000,False,False,False,False,False,0,0.45318684098705186,8,CE_patience,2000,3000,True,False,2674.0154329260113,0.7427820647016699,10376130560,11765022720
