shots,comparison,measure,dataset,n,median_pp,mean_pp,improved_fraction,drop_gt_2pp_fraction,p_greater
0,M1-R0,ba,PhysionetMI,103,0.0757575758,0.2697512843165048,0.5339805825242718,0.13592233009708737,0.10631569172807936
0,M1-R0,ba,Dreyer2023,80,2.0,1.8942528735600002,0.8,0.05,1.8526246702490387e-09
0,M1-R0,ba,Cho2017,52,0.6,1.0961538461519234,0.6153846153846154,0.15384615384615385,0.01161699562896678
0,M1-R0,ba,Dreyer+Cho,132,1.8333333333,1.5798502263992424,0.7272727272727273,0.09090909090909091,7.646542162750645e-10
0,M1-R0,ba,pooled,235,0.9848484848,1.005636647528936,0.6425531914893617,0.11063829787234042,7.042538457678879e-09
0,M1-R1,ba,PhysionetMI,103,0.0454545455,-0.17322968294077667,0.5145631067961165,0.20388349514563106,0.6793553151720212
0,M1-R1,ba,Dreyer2023,80,0.77068965515,0.91343390804375,0.6625,0.0375,0.00011387960215576401
0,M1-R1,ba,Cho2017,52,0.2,0.03961538461346161,0.5192307692307693,0.21153846153846154,0.2410211452692551
0,M1-R1,ba,Dreyer+Cho,132,0.57333333335,0.569202368510606,0.6060606060606061,0.10606060606060606,0.0006496069094315037
0,M1-R1,ba,pooled,235,0.303030303,0.24379598000212765,0.5659574468085107,0.14893617021276595,0.015879443308365156
0,M1-R2,ba,PhysionetMI,103,0.0,-0.15571321881844655,0.4174757281553398,0.14563106796116504,0.7290002669050555
0,M1-R2,ba,Dreyer2023,80,0.08333333335,-0.0890445402275,0.5,0.0625,0.6664525266233341
0,M1-R2,ba,Cho2017,52,-0.7000000000000001,-1.0134615384596153,0.2692307692307692,0.3269230769230769,0.9948975015999011
0,M1-R2,ba,Dreyer+Cho,132,-0.1666666667,-0.4532088122583333,0.4090909090909091,0.16666666666666666,0.9890244620224928
0,M1-R2,ba,pooled,235,0.0,-0.32281712662297873,0.4127659574468085,0.1574468085106383,0.9832812091208665
0,M2-R0,ba,PhysionetMI,103,0.0757575758,0.2728064815495146,0.5339805825242718,0.17475728155339806,0.15400315355036348
0,M2-R0,ba,Dreyer2023,80,2.0,1.8828663793124998,0.775,0.0625,3.238462592658539e-09
0,M2-R0,ba,Cho2017,52,1.0,1.3378205128211538,0.5961538461538461,0.11538461538461539,0.003398959871571918
0,M2-R0,ba,Dreyer+Cho,132,1.7333333333499998,1.6681513409977273,0.7045454545454546,0.08333333333333333,1.9068421458215754e-10
0,M2-R0,ba,pooled,235,1.0,1.0565746579204256,0.6297872340425532,0.12340425531914893,5.502254489025307e-09
0,M2-R1,ba,PhysionetMI,103,-0.022727272700000002,-0.1701744857116505,0.47572815533980584,0.22330097087378642,0.7547102855826704
0,M2-R1,ba,Dreyer2023,80,0.89022988505,0.9020474137912498,0.675,0.075,5.812952429923518e-05
0,M2-R1,ba,Cho2017,52,0.31999999999999995,0.28128205128269235,0.5961538461538461,0.17307692307692307,0.11061748035881963
0,M2-R1,ba,Dreyer+Cho,132,0.71666666665,0.6575034831060607,0.6439393939393939,0.11363636363636363,0.00011240166621264338
0,M2-R1,ba,pooled,235,0.2833333333,0.2947339903902128,0.5702127659574469,0.16170212765957448,0.009497456544909298
0,M2-R2,ba,PhysionetMI,103,0.0,-0.15265802159029118,0.3883495145631068,0.08737864077669903,0.711855107621187
0,M2-R2,ba,Dreyer2023,80,-0.1666666667,-0.10043103448125,0.4125,0.0875,0.7185991551627162
0,M2-R2,ba,Cho2017,52,-0.2,-0.7717948717961539,0.40384615384615385,0.28846153846153844,0.9421074242209464
0,M2-R2,ba,Dreyer+Cho,132,-0.1666666667,-0.3649076976659091,0.4090909090909091,0.16666666666666666,0.9345151704176041
0,M2-R2,ba,pooled,235,-0.0757575758,-0.27187911623702127,0.4,0.13191489361702127,0.9443746645937043
0,M2-M1,ba,PhysionetMI,103,0.0,0.0030551972310679473,0.2815533980582524,0.019417475728155338,0.4699199848382168
0,M2-M1,ba,Dreyer2023,80,0.0,-0.011386494247499985,0.425,0.0,0.5985773827555647
0,M2-M1,ba,Cho2017,52,0.1,0.24166666666730774,0.5,0.07692307692307693,0.14750824088861386
0,M2-M1,ba,Dreyer+Cho,132,0.0,0.08830111459772727,0.45454545454545453,0.030303030303030304,0.2834795692222513
0,M2-M1,ba,pooled,235,0.0,0.05093801039021277,0.37872340425531914,0.02553191489361702,0.3225427482177004
5,M1-R0,ba,PhysionetMI,103,0.0,-0.04112069160000001,0.42718446601941745,0.20388349514563106,0.6322531883422475
5,M1-R0,ba,Dreyer2023,80,1.2701149424999998,1.2244612068962502,0.7625,0.0875,4.348923470801421e-06
5,M1-R0,ba,Cho2017,52,1.6,1.6243589743576925,0.7307692307692307,0.07692307692307693,2.3945465395303548e-05
5,M1-R0,ba,Dreyer+Cho,132,1.4000000000000001,1.3819966910477273,0.75,0.08333333333333333,8.164702832456807e-10
5,M1-R0,ba,pooled,235,0.9090909091,0.7582473701425533,0.6085106382978723,0.13617021276595745,6.775871295769207e-06
5,M1-R1,ba,PhysionetMI,103,-0.27272727269999997,-0.19926222644660188,0.42718446601941745,0.24271844660194175,0.8918617701314989
5,M1-R1,ba,Dreyer2023,80,1.175,1.15745689655125,0.7125,0.0625,1.0940038359883765e-05
5,M1-R1,ba,Cho2017,52,1.1300000000000001,0.8167948717961538,0.6538461538461539,0.11538461538461539,0.01268750050237049
5,M1-R1,ba,Dreyer+Cho,132,1.175,1.0232567049810604,0.6893939393939394,0.08333333333333333,2.254141233565649e-06
5,M1-R1,ba,pooled,235,0.48333333330000006,0.48742925844042545,0.574468085106383,0.15319148936170213,0.003688541378343135
5,M1-R2,ba,PhysionetMI,103,0.0,-0.3298368298330097,0.4077669902912621,0.1553398058252427,0.9115818696114026
5,M1-R2,ba,Dreyer2023,80,0.0,-0.24479166666625,0.4625,0.15,0.8471957449428563
5,M1-R2,ba,Cho2017,52,0.0,0.07884615384615384,0.4230769230769231,0.19230769230769232,0.5714252134080632
5,M1-R2,ba,Dreyer+Cho,132,0.0,-0.11729797979772728,0.44696969696969696,0.16666666666666666,0.8304720479692298
5,M1-R2,ba,pooled,235,0.0,-0.21045330555787234,0.4297872340425532,0.16170212765957448,0.9465117861526502
5,M2-R0,ba,PhysionetMI,103,-0.1515151515,0.08282979157087379,0.4563106796116505,0.14563106796116504,0.46826814254463917
5,M2-R0,ba,Dreyer2023,80,1.58333333335,1.33509339079875,0.7875,0.0625,1.5751607326411379e-07
5,M2-R0,ba,Cho2017,52,1.4000000000000001,1.5833333333346153,0.75,0.057692307692307696,1.6453123277168645e-05
5,M2-R0,ba,Dreyer+Cho,132,1.5,1.4328848833128787,0.7727272727272727,0.06060606060606061,3.4677436937510444e-11
5,M2-R0,ba,pooled,235,0.9090909091,0.8411586090600001,0.6340425531914894,0.09787234042553192,1.3924731700784597e-07
5,M2-R1,ba,PhysionetMI,103,0.0,-0.0753117432708738,0.4854368932038835,0.20388349514563106,0.6490674690984533
5,M2-R1,ba,Dreyer2023,80,0.975,1.26808908045875,0.7375,0.05,1.223757913464102e-06
5,M2-R1,ba,Cho2017,52,0.6200000000000001,0.7757692307692309,0.6538461538461539,0.09615384615384616,0.01109350444970532
5,M2-R1,ba,Dreyer+Cho,132,0.855,1.0741448972477272,0.7045454545454546,0.06818181818181818,2.3116934190600038e-07
5,M2-R1,ba,pooled,235,0.5,0.5703404973608511,0.6085106382978723,0.1276595744680851,0.0001671936300335476
5,M2-R2,ba,PhysionetMI,103,-0.0757575758,-0.20588634666407765,0.3592233009708738,0.17475728155339806,0.8573730182448465
5,M2-R2,ba,Dreyer2023,80,0.0,-0.13415948275999995,0.4875,0.1,0.3429941482040302
5,M2-R2,ba,Cho2017,52,-0.08333333335,0.03782051282115384,0.46153846153846156,0.15384615384615385,0.4942176542711556
5,M2-R2,ba,Dreyer+Cho,132,0.0,-0.06640978753106064,0.4772727272727273,0.12121212121212122,0.38085036541207845
5,M2-R2,ba,pooled,235,0.0,-0.12754206664042553,0.425531914893617,0.14468085106382977,0.6980416809943816
5,M2-M1,ba,PhysionetMI,103,0.0,0.12395048317184469,0.3883495145631068,0.038834951456310676,0.3504781986926105
5,M2-M1,ba,Dreyer2023,80,0.25,0.11063218390750001,0.5625,0.0375,0.012988616278597551
5,M2-M1,ba,Cho2017,52,0.0,-0.04102564102499998,0.40384615384615385,0.038461538461538464,0.6749300096619536
5,M2-M1,ba,Dreyer+Cho,132,0.08333333335,0.05088819226742424,0.5,0.03787878787878788,0.09357780320054948
5,M2-M1,ba,pooled,235,0.0,0.08291123891914894,0.451063829787234,0.03829787234042553,0.1393614258841564
10,M1-R0,ba,PhysionetMI,103,0.0,0.029952248400970865,0.4563106796116505,0.1262135922330097,0.398590356545416
10,M1-R0,ba,Dreyer2023,80,1.5,1.52349137931125,0.8375,0.025,5.667701906195677e-10
10,M1-R0,ba,Cho2017,52,1.3,1.6596153846153847,0.6730769230769231,0.057692307692307696,3.0754411981553484e-05
10,M1-R0,ba,Dreyer+Cho,132,1.45,1.5771159874613634,0.7727272727272727,0.03787878787878788,2.4930228321262733e-13
10,M1-R0,ba,pooled,235,0.9090909091,0.8989974124689363,0.6340425531914894,0.07659574468085106,3.2202335485031067e-09
10,M1-R1,ba,PhysionetMI,103,0.0681818182,-0.09764862967961169,0.5145631067961165,0.18446601941747573,0.48311160503816336
10,M1-R1,ba,Dreyer2023,80,1.1333333333,1.2315265804637499,0.775,0.0375,6.95513739347992e-08
10,M1-R1,ba,Cho2017,52,0.2,0.8266025641019232,0.5769230769230769,0.1346153846153846,0.029564163097956255
10,M1-R1,ba,Dreyer+Cho,132,1.05833333335,1.0720110588666665,0.696969696969697,0.07575757575757576,9.049335752860823e-08
10,M1-R1,ba,pooled,235,0.5166666666999999,0.5593517060144682,0.6170212765957447,0.12340425531914893,3.3522108299178905e-05
10,M1-R2,ba,PhysionetMI,103,0.0,-0.18911670853495144,0.4174757281553398,0.1650485436893204,0.7366574621994222
10,M1-R2,ba,Dreyer2023,80,0.0,0.09256465517749997,0.475,0.0375,0.3273015019434491
10,M1-R2,ba,Cho2017,52,0.0,-0.010897435898076853,0.46153846153846156,0.17307692307692307,0.6131051877641419
10,M1-R2,ba,Dreyer+Cho,132,0.0,0.05180686172348483,0.4696969696969697,0.09090909090909091,0.47444970909608863
10,M1-R2,ba,pooled,235,0.0,-0.05378942651744679,0.44680851063829785,0.12340425531914893,0.644890860821328
10,M2-R0,ba,PhysionetMI,103,0.0,-0.1137325457679611,0.4563106796116505,0.14563106796116504,0.5787233648612187
10,M2-R0,ba,Dreyer2023,80,1.6666666667,1.54773706896375,0.8125,0.0,2.6220791532657265e-10
10,M2-R0,ba,Cho2017,52,1.4000000000000001,1.7724358974365386,0.7307692307692307,0.038461538461538464,3.432711657854098e-06
10,M2-R0,ba,Dreyer+Cho,132,1.6666666667,1.6362547892712125,0.7803030303030303,0.015151515151515152,1.0184541508686697e-14
10,M2-R0,ba,pooled,235,0.9090909091,0.8692390637008509,0.6382978723404256,0.07234042553191489,2.676857865076631e-09
10,M2-R1,ba,PhysionetMI,103,-0.0151515152,-0.24133342385436887,0.4563106796116505,0.22330097087378642,0.7594797224118675
10,M2-R1,ba,Dreyer2023,80,1.175,1.25577227011375,0.7625,0.025,7.755560988292488e-08
10,M2-R1,ba,Cho2017,52,0.62,0.9394230769230769,0.6346153846153846,0.11538461538461539,0.005046470633178675
10,M2-R1,ba,Dreyer+Cho,132,1.11666666665,1.131149860675,0.7121212121212122,0.06060606060606061,8.084924944784285e-09
10,M2-R1,ba,pooled,235,0.5757575758,0.5295933572429787,0.6,0.13191489361702127,6.527454689554186e-05
10,M2-R2,ba,PhysionetMI,103,-0.0757575758,-0.3328015027058253,0.3786407766990291,0.1650485436893204,0.8907491475012257
10,M2-R2,ba,Dreyer2023,80,0.1666666667,0.11681034482125001,0.525,0.075,0.16232019763753813
10,M2-R2,ba,Cho2017,52,0.0,0.10192307692307696,0.4423076923076923,0.09615384615384616,0.3756149729957968
10,M2-R2,ba,Dreyer+Cho,132,0.0,0.11094566352803031,0.49242424242424243,0.08333333333333333,0.20415375392821095
10,M2-R2,ba,pooled,235,0.0,-0.0835477752893617,0.4425531914893617,0.11914893617021277,0.640281157291642
10,M2-M1,ba,PhysionetMI,103,0.0,-0.1436847941669903,0.36893203883495146,0.08737864077669903,0.7525477524310442
10,M2-M1,ba,Dreyer2023,80,0.08333333335,0.024245689655,0.5,0.0,0.1897699794407251
10,M2-M1,ba,Cho2017,52,0.0,0.11282051282115384,0.46153846153846156,0.038461538461538464,0.3018382843898817
10,M2-M1,ba,Dreyer+Cho,132,0.0,0.05913880181136362,0.48484848484848486,0.015151515151515152,0.17464360533897422
10,M2-M1,ba,pooled,235,0.0,-0.029758348766382996,0.4340425531914894,0.04680851063829787,0.35900031486254136
20,M1-R0,ba,PhysionetMI,103,0.3076923077,0.3990087582300971,0.5242718446601942,0.20388349514563106,0.08780740011412486
20,M1-R0,ba,Dreyer2023,80,0.91666666665,1.17482040229875,0.7625,0.0375,1.207736160764797e-07
20,M1-R0,ba,Cho2017,52,1.0,1.4346153846153846,0.6923076923076923,0.057692307692307696,0.00012354586554219442
20,M1-R0,ba,Dreyer+Cho,132,1.0,1.2771638801810608,0.7348484848484849,0.045454545454545456,1.3036405061410868e-10
20,M1-R0,ba,pooled,235,0.8333333332999999,0.8922703586451064,0.6425531914893617,0.1148936170212766,4.531408217955668e-08
20,M1-R1,ba,PhysionetMI,103,0.0,-0.06405164415048543,0.47572815533980584,0.21359223300970873,0.6358067353018991
20,M1-R1,ba,Dreyer2023,80,1.0583333333,1.0474497126475,0.6875,0.0375,4.46704464956327e-06
20,M1-R1,ba,Cho2017,52,0.5700000000000001,0.7947435897442308,0.6346153846153846,0.15384615384615385,0.018503446781580515
20,M1-R1,ba,Dreyer+Cho,132,0.9583333333499999,0.9478988157462123,0.6666666666666666,0.08333333333333333,1.2284040975285281e-06
20,M1-R1,ba,pooled,235,0.4666666667,0.5043630822595744,0.5829787234042553,0.14042553191489363,0.0005432244398634192
20,M1-R2,ba,PhysionetMI,103,0.0,0.15513612600873786,0.4174757281553398,0.07766990291262135,0.4113793137358206
20,M1-R2,ba,Dreyer2023,80,0.0,0.33214798850374994,0.45,0.025,0.27615465699149644
20,M1-R2,ba,Cho2017,52,-0.1,-0.1685897435903846,0.40384615384615385,0.1346153846153846,0.820272159362777
20,M1-R2,ba,Dreyer+Cho,132,0.0,0.1348876698,0.4318181818181818,0.06818181818181818,0.5318433222779397
20,M1-R2,ba,pooled,235,0.0,0.14376252507446807,0.425531914893617,0.07234042553191489,0.4514464415990181
20,M2-R0,ba,PhysionetMI,103,0.8333333332999999,0.36638604113786394,0.5533980582524272,0.1941747572815534,0.10162087335770542
20,M2-R0,ba,Dreyer2023,80,1.0,1.21433189655,0.725,0.025,5.964297367441916e-08
20,M2-R0,ba,Cho2017,52,1.0999999999999999,1.3064102564096154,0.6153846153846154,0.07692307692307693,0.0003879415624144909
20,M2-R0,ba,Dreyer+Cho,132,1.0,1.2506051898280304,0.6818181818181818,0.045454545454545456,2.727099628504716e-10
20,M2-R0,ba,pooled,235,0.8333333332999999,0.8630538182744683,0.625531914893617,0.11063829787234042,3.511404244485336e-08
20,M2-R1,ba,PhysionetMI,103,0.0,-0.09667436123592237,0.49514563106796117,0.14563106796116504,0.6415024376684736
20,M2-R1,ba,Dreyer2023,80,0.6833333333,1.08696120689625,0.7125,0.0,1.2529404467626567e-06
20,M2-R1,ba,Cho2017,52,0.31999999999999995,0.6665384615384615,0.5384615384615384,0.1346153846153846,0.05294265556041378
20,M2-R1,ba,Dreyer+Cho,132,0.5616666666500001,0.9213401253916667,0.6439393939393939,0.05303030303030303,2.1929252262227278e-06
20,M2-R1,ba,pooled,235,0.3333333333,0.47514654189106387,0.5787234042553191,0.09361702127659574,0.0006809986170392153
20,M2-R2,ba,PhysionetMI,103,0.0,0.12251340892135917,0.4368932038834951,0.1262135922330097,0.5072261867378521
20,M2-R2,ba,Dreyer2023,80,-0.08333333335,0.37165948275749994,0.4875,0.0125,0.1447303981538538
20,M2-R2,ba,Cho2017,52,-0.4,-0.29679487179423075,0.40384615384615385,0.21153846153846154,0.8485362812498947
20,M2-R2,ba,Dreyer+Cho,132,-0.1666666667,0.1083289794492424,0.45454545454545453,0.09090909090909091,0.4805512866358892
20,M2-R2,ba,pooled,235,0.0,0.11454598470723408,0.44680851063829785,0.10638297872340426,0.4677254821850472
20,M2-M1,ba,PhysionetMI,103,0.0,-0.03262271708834952,0.3106796116504854,0.05825242718446602,0.4943910183229885
20,M2-M1,ba,Dreyer2023,80,0.0,0.039511494251249994,0.425,0.0,0.31739022068652006
20,M2-M1,ba,Cho2017,52,0.0,-0.1282051282057692,0.40384615384615385,0.038461538461538464,0.783890014797497
20,M2-M1,ba,Dreyer+Cho,132,0.0,-0.02655869035303029,0.4166666666666667,0.015151515151515152,0.609924953543367
20,M2-M1,ba,pooled,235,0.0,-0.029216540368936176,0.3702127659574468,0.03404255319148936,0.6225088128613493
40,M1-R0,ba,Dreyer2023,80,1.1666666666999999,1.198922413795,0.7625,0.0125,5.065252683927411e-09
40,M1-R0,ba,Cho2017,52,0.4,1.073076923076923,0.5576923076923077,0.038461538461538464,0.003246179712928091
40,M1-R0,ba,Dreyer+Cho,132,1.0,1.149346917451515,0.6818181818181818,0.022727272727272728,3.8135810367635494e-10
40,M1-R0,ba,pooled,132,1.0,1.149346917451515,0.6818181818181818,0.022727272727272728,3.8135810367635494e-10
40,M1-R1,ba,Dreyer2023,80,0.8416666666500001,0.7174640804587501,0.7125,0.0375,1.4484747901345563e-05
40,M1-R1,ba,Cho2017,52,0.29,0.740256410255769,0.5961538461538461,0.07692307692307693,0.032396437868580694
40,M1-R1,ba,Dreyer+Cho,132,0.63,0.7264428770454546,0.6666666666666666,0.05303030303030303,8.427457301878752e-06
40,M1-R1,ba,pooled,132,0.63,0.7264428770454546,0.6666666666666666,0.05303030303030303,8.427457301878752e-06
40,M1-R2,ba,Dreyer2023,80,0.1666666667,0.28477011494,0.5125,0.0375,0.10178618366796072
40,M1-R2,ba,Cho2017,52,0.0,-0.10705128204999993,0.4423076923076923,0.17307692307692307,0.6906606865967639
40,M1-R2,ba,Dreyer+Cho,132,0.0,0.13041623127727275,0.48484848484848486,0.09090909090909091,0.2541360031246142
40,M1-R2,ba,pooled,132,0.0,0.13041623127727275,0.48484848484848486,0.09090909090909091,0.2541360031246142
40,M2-R0,ba,Dreyer2023,80,1.1666666666999999,1.1935704022975,0.7375,0.025,1.3899546829447436e-08
40,M2-R0,ba,Cho2017,52,0.6,0.9576923076923076,0.5961538461538461,0.057692307692307696,0.0006533439486225031
40,M2-R0,ba,Dreyer+Cho,132,1.0,1.1006487286651516,0.6818181818181818,0.03787878787878788,8.385703074578631e-11
40,M2-R0,ba,pooled,132,1.0,1.1006487286651516,0.6818181818181818,0.03787878787878788,8.385703074578631e-11
40,M2-R1,ba,Dreyer2023,80,0.8583333333500001,0.7121120689612499,0.7375,0.05,1.2077129017390878e-05
40,M2-R1,ba,Cho2017,52,0.72,0.624871794873077,0.6346153846153846,0.11538461538461539,0.023190715729457335
40,M2-R1,ba,Dreyer+Cho,132,0.8150000000000001,0.6777446882598485,0.696969696969697,0.07575757575757576,5.131220319102269e-06
40,M2-R1,ba,pooled,132,0.8150000000000001,0.6777446882598485,0.696969696969697,0.07575757575757576,5.131220319102269e-06
40,M2-R2,ba,Dreyer2023,80,0.0,0.27941810345125,0.4875,0.05,0.08224241228313822
40,M2-R2,ba,Cho2017,52,-0.16666666665,-0.22243589743461534,0.38461538461538464,0.1346153846153846,0.7827859411997972
40,M2-R2,ba,Dreyer+Cho,132,0.0,0.0817180424962121,0.44696969696969696,0.08333333333333333,0.32298972968050343
40,M2-R2,ba,pooled,132,0.0,0.0817180424962121,0.44696969696969696,0.08333333333333333,0.32298972968050343
40,M2-M1,ba,Dreyer2023,80,0.0,-0.005352011487500001,0.4,0.0,0.7271566320042118
40,M2-M1,ba,Cho2017,52,-0.08333333335,-0.11538461538461542,0.36538461538461536,0.057692307692307696,0.6620956167561655
40,M2-M1,ba,Dreyer+Cho,132,0.0,-0.04869818878030305,0.38636363636363635,0.022727272727272728,0.7552121657598716
40,M2-M1,ba,pooled,132,0.0,-0.04869818878030305,0.38636363636363635,0.022727272727272728,0.7552121657598716
5,M1-R1,adapt_gain,PhysionetMI,103,-0.0984848485,-0.02603254350679613,0.4077669902912621,0.1553398058252427,0.6525487255765223
5,M1-R1,adapt_gain,Dreyer2023,80,0.075,0.24402298850499998,0.5,0.1,0.2221813477575253
5,M1-R1,adapt_gain,Cho2017,52,0.6,0.7771794871788463,0.6153846153846154,0.07692307692307693,0.01474437244729465
5,M1-R1,adapt_gain,Dreyer+Cho,132,0.20833333334999998,0.45405433646742416,0.5454545454545454,0.09090909090909091,0.019458032356532762
5,M1-R1,adapt_gain,pooled,235,0.0,0.24363327843617016,0.4851063829787234,0.11914893617021277,0.0880920300749986
5,M2-R1,adapt_gain,PhysionetMI,103,0.0,0.0948627424359224,0.44660194174757284,0.18446601941747573,0.4075363850258529
5,M2-R1,adapt_gain,Dreyer2023,80,0.21666666665,0.36604166666625004,0.5375,0.05,0.06695229281570027
5,M2-R1,adapt_gain,Cho2017,52,0.53,0.49448717948846155,0.5576923076923077,0.1346153846153846,0.06666002760410765
5,M2-R1,adapt_gain,Dreyer+Cho,132,0.35000000000000003,0.41664141414166667,0.5454545454545454,0.08333333333333333,0.017084786574818493
5,M2-R1,adapt_gain,pooled,235,0.016666666700000003,0.27560650696851063,0.502127659574468,0.1276595744680851,0.039279062712554824
10,M1-R1,adapt_gain,PhysionetMI,103,0.1060606061,0.07558105324854371,0.5242718446601942,0.20388349514563106,0.40341886617427636
10,M1-R1,adapt_gain,Dreyer2023,80,0.0916666667,0.31809267241124994,0.5375,0.05,0.06540752136287405
10,M1-R1,adapt_gain,Cho2017,52,0.5499999999999999,0.7869871794884615,0.6153846153846154,0.1346153846153846,0.031065418406629897
10,M1-R1,adapt_gain,Dreyer+Cho,132,0.2,0.5028086903507576,0.5681818181818182,0.08333333333333333,0.0065922735807828065
10,M1-R1,adapt_gain,pooled,235,0.1666666667,0.31555572600382975,0.548936170212766,0.13617021276595745,0.02052379759501321
10,M2-R1,adapt_gain,PhysionetMI,103,0.0,-0.07115893814563111,0.47572815533980584,0.1941747572815534,0.7359005153371869
10,M2-R1,adapt_gain,Dreyer2023,80,0.2333333333,0.35372485631625,0.6,0.0625,0.023345921171732432
10,M2-R1,adapt_gain,Cho2017,52,0.6,0.6581410256403847,0.6346153846153846,0.11538461538461539,0.04021307604800778
10,M2-R1,adapt_gain,Dreyer+Cho,132,0.36666666665000003,0.4736463775651515,0.6136363636363636,0.08333333333333333,0.0035758990349371808
10,M2-R1,adapt_gain,pooled,235,0.1666666667,0.2348593668493617,0.5531914893617021,0.13191489361702127,0.060450273256247314
20,M1-R1,adapt_gain,PhysionetMI,103,-0.0757575758,0.10917803878932034,0.47572815533980584,0.1650485436893204,0.5431625960138338
20,M1-R1,adapt_gain,Dreyer2023,80,-0.08333333335000001,0.13401580460124995,0.4625,0.0875,0.46464645577842434
20,M1-R1,adapt_gain,Cho2017,52,0.38,0.7551282051269231,0.5961538461538461,0.11538461538461539,0.034400232370075716
20,M1-R1,adapt_gain,Dreyer+Cho,132,0.05,0.37869644723257584,0.5151515151515151,0.09848484848484848,0.09285803065026349
20,M1-R1,adapt_gain,pooled,235,0.0,0.2605671022553192,0.4978723404255319,0.1276595744680851,0.18817483548808817
20,M2-R1,adapt_gain,PhysionetMI,103,-0.0757575758,0.07350012446796111,0.46601941747572817,0.14563106796116504,0.6096880831647835
20,M2-R1,adapt_gain,Dreyer2023,80,-0.016666666650000002,0.18491379310499995,0.4875,0.075,0.200968329735709
20,M2-R1,adapt_gain,Cho2017,52,0.01,0.3852564102576923,0.5,0.15384615384615385,0.24101994230193313
20,M2-R1,adapt_gain,Dreyer+Cho,132,0.0,0.2638366422863636,0.49242424242424243,0.10606060606060606,0.13763917995091624
20,M2-R1,adapt_gain,pooled,235,0.0,0.18041255149787233,0.4808510638297872,0.12340425531914893,0.29153915879400105
40,M1-R1,adapt_gain,Dreyer2023,80,-0.28333333335,-0.1959698275925,0.425,0.1,0.8487756131226603
40,M1-R1,adapt_gain,Cho2017,52,0.09,0.7006410256423078,0.5576923076923077,0.11538461538461539,0.11971705804455485
40,M1-R1,adapt_gain,Dreyer+Cho,132,-0.01833333335,0.15724050853030302,0.4772727272727273,0.10606060606060606,0.5393346428642222
40,M1-R1,adapt_gain,pooled,132,-0.01833333335,0.15724050853030302,0.4772727272727273,0.10606060606060606,0.5393346428642222
40,M2-R1,adapt_gain,Dreyer2023,80,-0.15833333335,-0.18993534482999996,0.4625,0.075,0.8608269016778867
40,M2-R1,adapt_gain,Cho2017,52,0.35000000000000003,0.3435897435903846,0.5576923076923077,0.17307692307692307,0.2196653998150237
40,M2-R1,adapt_gain,Dreyer+Cho,132,0.03,0.02024120515378793,0.5,0.11363636363636363,0.5665908874185239
40,M2-R1,adapt_gain,pooled,132,0.03,0.02024120515378793,0.5,0.11363636363636363,0.5665908874185239
