method,k,outer_steps,seconds,peak_gpu_bytes,final_log_lr,run
M1,5,2000,712.165466417966,3174625280,,fold-0_seed-11
M1,10,2000,1261.1802029029932,3174625280,,fold-0_seed-11
M1,20,2000,2287.375749255996,3174625280,,fold-0_seed-11
M2,5,2000,685.7971956300316,3174627840,"[-6.066206932067871, -5.9985480308532715, -5.939622402191162, -6.043298244476318, -5.956949710845947, -6.025600433349609, -5.994792938232422, -5.99709939956665, -5.979851722717285, -5.957158088684082, -5.903021335601807, -5.91420841217041]",fold-0_seed-11
M2,10,2000,1227.7337787319557,3174628864,"[-4.944515228271484, -5.029968738555908, -4.986407279968262, -5.022709846496582, -4.9978203773498535, -5.045040130615234, -5.035547256469727, -5.041008472442627, -5.005043029785156, -4.987700939178467, -4.941506862640381, -4.9815521240234375]",fold-0_seed-11
M2,20,2000,2305.544160047022,3174629888,"[-4.951010227203369, -5.0196380615234375, -4.952792644500732, -4.997828960418701, -5.022812366485596, -5.02661657333374, -5.047098159790039, -5.017629623413086, -4.986783981323242, -4.97023344039917, -4.953313827514648, -4.99920129776001]",fold-0_seed-11
R2,0,2000,144.61470671300776,3483689984,,fold-0_seed-11
M1,5,2000,712.4168680160074,3174625280,,fold-0_seed-23
M1,10,2000,1266.4783368739882,3174625280,,fold-0_seed-23
M1,20,2000,2382.3562589589856,3174625280,,fold-0_seed-23
M2,5,2000,688.5467481479864,3174627840,"[-6.0568928718566895, -5.904482364654541, -5.829874515533447, -5.919913291931152, -5.883303165435791, -5.93933629989624, -5.978065013885498, -5.928956031799316, -5.929881572723389, -5.871791362762451, -5.833738327026367, -5.821073532104492]",fold-0_seed-23
M2,10,2000,1214.0858809669735,3174628864,"[-4.9302544593811035, -5.004693984985352, -4.957241535186768, -5.010821342468262, -4.998712062835693, -5.063244819641113, -4.92554235458374, -5.057757377624512, -5.038500785827637, -5.040617942810059, -4.997910499572754, -4.9800028800964355]",fold-0_seed-23
M2,20,2000,2285.8057095889817,3174629888,"[-6.086550712585449, -6.1008687019348145, -6.020643711090088, -6.118540287017822, -6.106799125671387, -6.1588263511657715, -6.104979991912842, -6.153191089630127, -6.15675687789917, -6.082923889160156, -6.072716236114502, -6.048837661743164]",fold-0_seed-23
R2,0,2000,144.40923787199426,3483689984,,fold-0_seed-23
M1,5,2000,705.2764698900282,3174625280,,fold-0_seed-37
M1,10,2000,1255.4057471000124,3174625280,,fold-0_seed-37
M1,20,2000,2339.497655819985,3174625280,,fold-0_seed-37
M2,5,2000,678.5714497300214,3174627840,"[-3.9364163875579834, -3.9750616550445557, -3.9784679412841797, -4.028246879577637, -3.9747464656829834, -4.012156009674072, -4.063779354095459, -4.078427314758301, -4.020062446594238, -4.012434959411621, -3.9990835189819336, -3.9547531604766846]",fold-0_seed-37
M2,10,2000,1219.459945819981,3174628864,"[-3.959350109100342, -4.016090393066406, -4.0124101638793945, -4.095941543579102, -3.9339382648468018, -4.0642924308776855, -4.105236530303955, -4.103878974914551, -4.046908378601074, -4.020593643188477, -4.0117645263671875, -3.9943525791168213]",fold-0_seed-37
M2,20,2000,2287.399328834028,3174629888,"[-5.0399699211120605, -5.096923351287842, -5.057340145111084, -5.163741111755371, -5.024717330932617, -5.131922721862793, -5.160033702850342, -5.152308464050293, -5.1175127029418945, -5.067619323730469, -5.0517048835754395, -5.047974109649658]",fold-0_seed-37
R2,0,2000,144.7811108509777,3483689984,,fold-0_seed-37
M1,5,2000,707.1433374369517,3172458496,,fold-0_seed-53
M1,10,2000,1259.815909602039,3172458496,,fold-0_seed-53
M1,20,2000,2384.456423258991,3172458496,,fold-0_seed-53
M2,5,2000,708.0088701039786,3172461056,"[-6.060752868652344, -6.043761730194092, -5.9859442710876465, -6.033031463623047, -5.967553615570068, -6.014902114868164, -5.978714466094971, -5.984938144683838, -5.977017879486084, -5.985666751861572, -5.984677314758301, -5.978296756744385]",fold-0_seed-53
M2,10,2000,1256.7344308499596,3172462080,"[-6.08153772354126, -6.106341361999512, -6.071446895599365, -6.109631061553955, -6.0689473152160645, -6.099728584289551, -6.071600914001465, -6.079746723175049, -6.0829758644104, -6.072653293609619, -6.058531761169434, -6.050302505493164]",fold-0_seed-53
M2,20,2000,2324.320418990974,3172463104,"[-6.108630180358887, -6.160529613494873, -6.100064754486084, -6.13298225402832, -6.092573165893555, -6.127860069274902, -6.118950366973877, -6.088335037231445, -6.148111820220947, -6.142911911010742, -6.140691757202148, -6.114631175994873]",fold-0_seed-53
R2,0,2000,139.8040329600335,3483689984,,fold-0_seed-53
M1,5,2000,709.3946032599779,3172458496,,fold-0_seed-71
M1,10,2000,1268.5715508899884,3172458496,,fold-0_seed-71
M1,20,2000,2382.634619130986,3172458496,,fold-0_seed-71
M2,5,2000,709.0949024760048,3172461056,"[-6.042124271392822, -5.939568042755127, -5.925796031951904, -5.96613883972168, -5.949800968170166, -5.953373432159424, -5.937138557434082, -5.953019142150879, -5.948235988616943, -5.921158790588379, -5.9274749755859375, -5.941352367401123]",fold-0_seed-71
M2,10,2000,1264.4638744319673,3172462080,"[-4.934061527252197, -4.965081214904785, -4.971550464630127, -4.9849324226379395, -4.974585056304932, -4.979955673217773, -4.960912227630615, -4.978674411773682, -4.9782257080078125, -4.94923210144043, -4.908575057983398, -4.956479549407959]",fold-0_seed-71
M2,20,2000,2303.21494515799,3172463104,"[-6.107628345489502, -6.088962554931641, -6.085823059082031, -6.1029276847839355, -6.090717315673828, -6.109460830688477, -6.100100517272949, -6.099320888519287, -6.119027137756348, -6.088235855102539, -6.064874649047852, -6.0826096534729]",fold-0_seed-71
R2,0,2000,155.21056947798934,3483689984,,fold-0_seed-71
M1,5,2000,711.5545308410074,3174036480,,fold-1_seed-11
M1,10,2000,1268.6633972180423,3174036480,,fold-1_seed-11
M1,20,2000,2334.789035125985,3174036480,,fold-1_seed-11
M2,5,2000,691.0257106579957,3174039040,"[-3.870271921157837, -3.8746097087860107, -3.7734365463256836, -3.876918077468872, -3.8576853275299072, -3.891563892364502, -3.9103710651397705, -3.9347763061523438, -3.882340669631958, -3.9060604572296143, -3.901884078979492, -3.8645081520080566]",fold-1_seed-11
M2,10,2000,1232.345828675956,3174040064,"[-6.019046306610107, -5.943173408508301, -5.9258551597595215, -5.984130859375, -5.924254417419434, -5.993783950805664, -5.964727878570557, -5.9624924659729, -5.959473609924316, -5.952442169189453, -5.988771915435791, -5.974337577819824]",fold-1_seed-11
M2,20,2000,2307.200554528972,3174041088,"[-4.960541725158691, -4.995570182800293, -4.93071174621582, -5.03672456741333, -4.9963226318359375, -5.055081367492676, -5.027893543243408, -5.024441242218018, -4.994433879852295, -4.980679512023926, -4.998826026916504, -4.995279312133789]",fold-1_seed-11
R2,0,2000,146.45557052100776,3481696256,,fold-1_seed-11
M1,5,2000,711.7834410560317,3174036480,,fold-1_seed-23
M1,10,2000,1243.2399257970392,3174036480,,fold-1_seed-23
M1,20,2000,2292.1727806359995,3174036480,,fold-1_seed-23
M2,5,2000,683.9129997040145,3174039040,"[-6.043363094329834, -6.0072126388549805, -5.942633628845215, -6.0327839851379395, -6.00860595703125, -5.9987101554870605, -5.949160099029541, -6.0035600662231445, -5.9764485359191895, -5.971918106079102, -5.958803653717041, -5.942885875701904]",fold-1_seed-23
M2,10,2000,1221.4739090959774,3174040064,"[-6.077084064483643, -6.0815277099609375, -6.0294880867004395, -6.119584560394287, -6.105865001678467, -6.083216667175293, -6.037672519683838, -6.098851203918457, -6.061956405639648, -6.088869094848633, -6.058833599090576, -6.041154384613037]",fold-1_seed-23
M2,20,2000,2310.966669071,3174041088,"[-4.941074848175049, -5.001607894897461, -5.003056049346924, -5.005372524261475, -5.013894557952881, -5.030683994293213, -4.977023601531982, -4.994167804718018, -5.030425071716309, -5.0192108154296875, -5.01543664932251, -4.976059436798096]",fold-1_seed-23
R2,0,2000,140.99635834700894,3481696256,,fold-1_seed-23
M1,5,2000,712.608700124023,3174036480,,fold-1_seed-37
M1,10,2000,1263.703912616009,3174036480,,fold-1_seed-37
M1,20,2000,2395.6242636610405,3174036480,,fold-1_seed-37
M2,5,2000,708.7469426720054,3174039040,"[-4.862817764282227, -4.920666217803955, -4.927454471588135, -4.920725345611572, -4.875109672546387, -4.924583911895752, -4.927585124969482, -4.893377780914307, -4.922970771789551, -4.878375053405762, -4.887879848480225, -4.932595252990723]",fold-1_seed-37
M2,10,2000,1270.553791640967,3174040064,"[-4.881354808807373, -4.9559149742126465, -4.919013023376465, -4.967540740966797, -4.879729270935059, -4.934876441955566, -4.95137882232666, -4.926909923553467, -4.963483810424805, -4.92819881439209, -4.897801876068115, -4.902121543884277]",fold-1_seed-37
M2,20,2000,2394.4183043700177,3174041088,"[-6.059155464172363, -6.1377153396606445, -6.134256362915039, -6.149801254272461, -6.085749626159668, -6.156774044036865, -6.135340690612793, -6.110032558441162, -6.143726348876953, -6.107858657836914, -6.10152530670166, -6.117753028869629]",fold-1_seed-37
R2,0,2000,141.96691098395968,3481696256,,fold-1_seed-37
M1,5,2000,707.4217222609441,3174036480,,fold-1_seed-53
M1,10,2000,1265.5848936190014,3174036480,,fold-1_seed-53
M1,20,2000,2372.4508797129965,3174036480,,fold-1_seed-53
M2,5,2000,708.2447175130364,3174039040,"[-3.945939064025879, -4.0038018226623535, -3.8617656230926514, -3.9880831241607666, -3.929129123687744, -3.995990037918091, -3.9642529487609863, -3.9434947967529297, -3.8705835342407227, -3.8477585315704346, -3.801152229309082, -3.840238094329834]",fold-1_seed-53
M2,10,2000,1263.2196117500423,3174040064,"[-3.959465980529785, -3.9594264030456543, -3.8196475505828857, -3.956570863723755, -3.8445374965667725, -3.9527997970581055, -3.925947904586792, -3.88270902633667, -3.809602975845337, -3.813918352127075, -3.763054847717285, -3.808518648147583]",fold-1_seed-53
M2,20,2000,2375.159555680992,3174041088,"[-3.9627819061279297, -4.0126237869262695, -3.9026553630828857, -4.005375385284424, -3.854874849319458, -3.9903924465179443, -3.9273154735565186, -3.9686996936798096, -3.866086721420288, -3.8994596004486084, -3.853599786758423, -3.8723361492156982]",fold-1_seed-53
R2,0,2000,159.05647117696935,3483342848,,fold-1_seed-53
M1,5,2000,703.9056408400065,3174036480,,fold-1_seed-71
M1,10,2000,1259.3538108760258,3174036480,,fold-1_seed-71
M1,20,2000,2382.4472482699784,3174036480,,fold-1_seed-71
M2,5,2000,709.4522530909744,3174039040,"[-4.921533107757568, -4.916172027587891, -4.921563625335693, -4.982829570770264, -4.904478073120117, -4.91239070892334, -4.956570148468018, -4.908817291259766, -4.908814430236816, -4.8655104637146, -4.814638614654541, -4.78630256652832]",fold-1_seed-71
M2,10,2000,1270.401898053009,3174040064,"[-4.964756488800049, -4.991100311279297, -4.984627723693848, -5.0575456619262695, -4.971434116363525, -4.979059219360352, -5.002147674560547, -4.954656600952148, -4.971401214599609, -4.922677040100098, -4.887441635131836, -4.850609302520752]",fold-1_seed-71
M2,20,2000,2352.000267684052,3174041088,"[-6.117161273956299, -6.117175579071045, -6.122616767883301, -6.179896354675293, -6.101498126983643, -6.105749607086182, -6.150478363037109, -6.100985527038574, -6.095217704772949, -6.048456192016602, -6.021780014038086, -5.9934892654418945]",fold-1_seed-71
R2,0,2000,158.52553180797258,3483342848,,fold-1_seed-71
M1,5,2000,707.357161552005,3155812352,,fold-2_seed-11
M1,10,2000,1246.8686568309786,3155812352,,fold-2_seed-11
M1,20,2000,2388.9855466670124,3155812352,,fold-2_seed-11
M2,5,2000,702.4393477789708,3155814912,"[-3.659702777862549, -3.880580186843872, -3.859431028366089, -3.860672950744629, -3.883967399597168, -3.8960325717926025, -3.885117530822754, -3.8592169284820557, -3.8243720531463623, -3.811479091644287, -3.7578463554382324, -3.8097522258758545]",fold-2_seed-11
M2,10,2000,1259.1571236599702,3155815936,"[-3.782057046890259, -3.891796588897705, -3.9234907627105713, -3.9717745780944824, -3.9427237510681152, -3.9135122299194336, -3.93143630027771, -3.91005277633667, -3.8774054050445557, -3.8148818016052246, -3.8099615573883057, -3.854335069656372]",fold-2_seed-11
M2,20,2000,2366.68606861803,3155816960,"[-3.8404934406280518, -3.9599697589874268, -3.9700002670288086, -4.0257182121276855, -4.0053815841674805, -3.979570150375366, -4.002033233642578, -3.9787871837615967, -3.9344847202301025, -3.9396650791168213, -3.8465986251831055, -3.891059637069702]",fold-2_seed-11
R2,0,2000,147.22800355101936,3465440256,,fold-2_seed-11
M1,5,2000,711.28936564998,3155812352,,fold-2_seed-23
M1,10,2000,1266.0447177609894,3155812352,,fold-2_seed-23
M1,20,2000,2384.6617032430368,3155812352,,fold-2_seed-23
M2,5,2000,706.8213605069905,3155814912,"[-3.6713571548461914, -3.9030447006225586, -3.8742434978485107, -3.8964107036590576, -3.8760428428649902, -3.913771867752075, -3.8820207118988037, -3.9035089015960693, -3.831597089767456, -3.85326886177063, -3.735118865966797, -3.8099827766418457]",fold-2_seed-23
M2,10,2000,1237.7266561000142,3155815936,"[-4.927198886871338, -4.938765048980713, -4.901313304901123, -4.966243267059326, -4.9111456871032715, -4.947545051574707, -4.945993900299072, -4.9473090171813965, -4.88477897644043, -4.9032697677612305, -4.794627666473389, -4.8773417472839355]",fold-2_seed-23
M2,20,2000,2293.142825466988,3155816960,"[-6.11552095413208, -6.0893988609313965, -6.056398868560791, -6.120660781860352, -6.065527439117432, -6.101137161254883, -6.098783016204834, -6.1091532707214355, -6.0430378913879395, -6.054459571838379, -5.9738006591796875, -6.048321723937988]",fold-2_seed-23
R2,0,2000,150.80456852097996,3465440256,,fold-2_seed-23
M1,5,2000,695.1401852339623,3155812352,,fold-2_seed-37
M1,10,2000,1209.3452308039996,3155812352,,fold-2_seed-37
M1,20,2000,2281.1640370649984,3155812352,,fold-2_seed-37
M2,5,2000,683.7516477479949,3155814912,"[-4.981354236602783, -4.949308395385742, -4.9200544357299805, -4.989285469055176, -4.93269681930542, -4.969532012939453, -4.965786933898926, -4.952291488647461, -4.8981428146362305, -4.870398998260498, -4.82509183883667, -4.906225204467773]",fold-2_seed-37
M2,10,2000,1220.8755659910385,3155815936,"[-4.997325420379639, -5.004242420196533, -4.972914218902588, -5.041381359100342, -4.98045539855957, -5.019551753997803, -5.0055108070373535, -4.98765230178833, -4.953116416931152, -4.929184913635254, -4.867668151855469, -4.929848670959473]",fold-2_seed-37
M2,20,2000,2290.8950590619934,3155816960,"[-5.02267599105835, -5.070633411407471, -5.014403343200684, -5.087738990783691, -5.022976398468018, -5.069614887237549, -5.046978950500488, -5.030192852020264, -4.99924373626709, -4.9843831062316895, -4.9078264236450195, -4.954927921295166]",fold-2_seed-37
R2,0,2000,145.57791639398783,3465440256,,fold-2_seed-37
M1,5,2000,706.5052490690141,3155812352,,fold-2_seed-53
M1,10,2000,1262.3551114050206,3155812352,,fold-2_seed-53
M1,20,2000,2379.3852577030198,3155812352,,fold-2_seed-53
M2,5,2000,711.5631895170081,3155814912,"[-6.054660320281982, -5.949519157409668, -5.8728928565979, -5.93195104598999, -5.865905284881592, -5.944306373596191, -5.967432975769043, -5.9366326332092285, -5.855752944946289, -5.849328517913818, -5.81072473526001, -5.85375452041626]",fold-2_seed-53
M2,10,2000,1266.0510968019953,3155815936,"[-4.884089469909668, -4.934190273284912, -4.920460224151611, -4.918172359466553, -4.898167133331299, -4.917104244232178, -4.881454944610596, -4.8975019454956055, -4.894794464111328, -4.904146194458008, -4.826413631439209, -4.867649555206299]",fold-2_seed-53
M2,20,2000,2390.472550106002,3155816960,"[-4.905084609985352, -4.979802131652832, -4.9487481117248535, -4.977206707000732, -4.958789348602295, -4.9686503410339355, -4.931716442108154, -4.94981050491333, -4.939754962921143, -4.960714340209961, -4.859660625457764, -4.9138665199279785]",fold-2_seed-53
R2,0,2000,139.95372363104252,3465440256,,fold-2_seed-53
M1,5,2000,707.7022360339761,3155812352,,fold-2_seed-71
M1,10,2000,1268.436676149955,3155812352,,fold-2_seed-71
M1,20,2000,2384.868394404009,3155812352,,fold-2_seed-71
M2,5,2000,697.0005881700199,3155814912,"[-4.8731770515441895, -4.936686038970947, -4.906965255737305, -4.933973789215088, -4.924291133880615, -4.9329400062561035, -4.935966491699219, -4.9276204109191895, -4.9019927978515625, -4.89825963973999, -4.842432498931885, -4.880375385284424]",fold-2_seed-71
M2,10,2000,1214.5369317010045,3155815936,"[-6.040216445922852, -6.065400123596191, -6.040077209472656, -6.060097694396973, -6.050088882446289, -6.059004306793213, -6.0561909675598145, -6.064394474029541, -6.028255939483643, -6.022061347961426, -5.978944301605225, -6.025722980499268]",fold-2_seed-71
M2,20,2000,2284.663105996966,3155816960,"[-6.06833553314209, -6.130948543548584, -6.108682632446289, -6.129763126373291, -6.124327182769775, -6.130656719207764, -6.126255512237549, -6.12623929977417, -6.104954242706299, -6.104978084564209, -6.0441155433654785, -6.083052635192871]",fold-2_seed-71
R2,0,2000,141.80318067700136,3465440256,,fold-2_seed-71
M1,5,2000,705.7298898810404,3172803584,,fold-3_seed-11
M1,10,2000,1255.0030823900015,3172803584,,fold-3_seed-11
M1,20,2000,2379.2241837640177,3172803584,,fold-3_seed-11
M2,5,2000,709.8105681290035,3172806144,"[-6.079923152923584, -5.991440773010254, -5.907768249511719, -6.0022807121276855, -5.916880130767822, -5.960284233093262, -5.945550918579102, -5.920372009277344, -5.916535377502441, -5.864816188812256, -5.8460917472839355, -5.82072639465332]",fold-3_seed-11
M2,10,2000,1266.1758147660294,3172807168,"[-6.114255428314209, -6.051263332366943, -5.985448837280273, -6.0544233322143555, -6.006735801696777, -6.042483806610107, -6.016045093536377, -5.994748592376709, -5.988911151885986, -5.9436516761779785, -5.931090831756592, -5.896758079528809]",fold-3_seed-11
M2,20,2000,2382.965353906969,3172808192,"[-3.972740888595581, -3.997971773147583, -3.980729103088379, -3.99167537689209, -3.985137462615967, -3.983811140060425, -3.9488489627838135, -3.982907772064209, -3.9933834075927734, -3.9622347354888916, -3.926783561706543, -3.926609516143799]",fold-3_seed-11
R2,0,2000,154.79357595701003,3480889344,,fold-3_seed-11
M1,5,2000,706.2182766080368,3172803584,,fold-3_seed-23
M1,10,2000,1256.0803317059765,3172803584,,fold-3_seed-23
M1,20,2000,2377.063769006985,3172803584,,fold-3_seed-23
M2,5,2000,706.5083421309828,3172806144,"[-4.892504692077637, -4.933316230773926, -4.881834506988525, -4.951440334320068, -4.856487274169922, -4.916130065917969, -4.911839962005615, -4.921741008758545, -4.897974967956543, -4.8742146492004395, -4.8563032150268555, -4.864009380340576]",fold-3_seed-23
M2,10,2000,1260.1165199980023,3172807168,"[-6.050747871398926, -6.051924705505371, -5.993300437927246, -6.082117080688477, -5.97489595413208, -6.035892009735107, -6.024350643157959, -6.05108118057251, -6.007578372955322, -5.988552093505859, -5.990816116333008, -5.991654872894287]",fold-3_seed-23
M2,20,2000,2283.4010240880307,3172808192,"[-4.968320369720459, -4.989710330963135, -4.9550700187683105, -4.985074520111084, -4.95549201965332, -4.9969072341918945, -4.976215362548828, -4.946131229400635, -4.952541828155518, -4.9399094581604, -4.903562068939209, -4.94535493850708]",fold-3_seed-23
R2,0,2000,149.34259321901482,3480889344,,fold-3_seed-23
M1,5,2000,710.7899697769899,3172803584,,fold-3_seed-37
M1,10,2000,1265.5480083170114,3172803584,,fold-3_seed-37
M1,20,2000,2381.164494234021,3172803584,,fold-3_seed-37
M2,5,2000,711.5892377140117,3172806144,"[-4.829652309417725, -4.8131422996521, -4.766645431518555, -4.85095739364624, -4.814974784851074, -4.8171844482421875, -4.866052150726318, -4.82541036605835, -4.809573173522949, -4.749920845031738, -4.710799217224121, -4.71640682220459]",fold-3_seed-37
M2,10,2000,1266.954301714024,3172807168,"[-4.838391304016113, -4.895552635192871, -4.855852127075195, -4.907310962677002, -4.886157512664795, -4.885772705078125, -4.9262237548828125, -4.876181602478027, -4.8611979484558105, -4.820700645446777, -4.788856029510498, -4.795160293579102]",fold-3_seed-37
M2,20,2000,2374.0564761520363,3172808192,"[-6.019364833831787, -6.016673564910889, -5.977725028991699, -6.0478715896606445, -6.016851902008057, -6.013925075531006, -6.0680460929870605, -6.031003952026367, -6.016025543212891, -5.958622932434082, -5.926279067993164, -5.922022342681885]",fold-3_seed-37
R2,0,2000,150.9874651400023,3480889344,,fold-3_seed-37
M1,5,2000,708.0794216109789,3172803584,,fold-3_seed-53
M1,10,2000,1253.275772310968,3172803584,,fold-3_seed-53
M1,20,2000,2280.225215731014,3172803584,,fold-3_seed-53
M2,5,2000,682.402631534962,3172806144,"[-5.956250190734863, -5.91967248916626, -5.904975891113281, -5.888591766357422, -5.865455150604248, -5.861414432525635, -5.88610315322876, -5.866205215454102, -5.768415451049805, -5.785041332244873, -5.784799098968506, -5.798913955688477]",fold-3_seed-53
M2,10,2000,1217.7905715199886,3172807168,"[-6.021610736846924, -6.003538131713867, -5.992751121520996, -5.991485118865967, -5.955109119415283, -5.9552178382873535, -5.985172271728516, -5.967327117919922, -5.866060733795166, -5.881808280944824, -5.880165100097656, -5.902908802032471]",fold-3_seed-53
M2,20,2000,2293.072293907986,3172808192,"[-6.066318511962891, -6.087026596069336, -6.1070380210876465, -6.116121768951416, -6.08848762512207, -6.070120334625244, -6.086942672729492, -6.077890872955322, -6.011902809143066, -5.997588634490967, -5.97800874710083, -5.985520362854004]",fold-3_seed-53
R2,0,2000,144.46376992296427,3482929152,,fold-3_seed-53
M1,5,2000,708.255132641003,3172803584,,fold-3_seed-71
M1,10,2000,1228.8695647919667,3172803584,,fold-3_seed-71
M1,20,2000,2265.0079929580097,3172803584,,fold-3_seed-71
M2,5,2000,681.6534980599536,3172806144,"[-3.8671185970306396, -3.856158971786499, -3.817786455154419, -3.9344425201416016, -3.877149820327759, -3.916473865509033, -3.842256784439087, -3.856004238128662, -3.838317632675171, -3.809023857116699, -3.7720108032226562, -3.771530866622925]",fold-3_seed-71
M2,10,2000,1212.5212012550328,3172807168,"[-4.9151530265808105, -4.880270957946777, -4.800063610076904, -4.960184574127197, -4.867685794830322, -4.905055522918701, -4.8970818519592285, -4.856507301330566, -4.831029891967773, -4.825465202331543, -4.809207916259766, -4.807939529418945]",fold-3_seed-71
M2,20,2000,2280.680956085969,3172808192,"[-4.9034318923950195, -4.953346252441406, -4.89417028427124, -5.0258917808532715, -4.93862247467041, -4.979796886444092, -4.980591297149658, -4.943727016448975, -4.930333614349365, -4.912424087524414, -4.881875038146973, -4.891504764556885]",fold-3_seed-71
R2,0,2000,145.1411607679911,3482929152,,fold-3_seed-71
M1,5,2000,703.1262189819827,3172803584,,fold-4_seed-11
M1,10,2000,1271.193836108956,3172803584,,fold-4_seed-11
M1,20,2000,2377.385681520041,3172803584,,fold-4_seed-11
M2,5,2000,707.9414074859815,3172806144,"[-4.855928897857666, -4.890103340148926, -4.847465991973877, -4.914333820343018, -4.897908687591553, -4.9044060707092285, -4.888179302215576, -4.873410701751709, -4.927490234375, -4.8466386795043945, -4.796421051025391, -4.814000129699707]",fold-4_seed-11
M2,10,2000,1270.087981189019,3172807168,"[-4.869213104248047, -4.940490245819092, -4.903545379638672, -4.9640350341796875, -4.967560768127441, -4.951669216156006, -4.943909645080566, -4.924577236175537, -4.9752984046936035, -4.919301986694336, -4.861541271209717, -4.869668960571289]",fold-4_seed-11
M2,20,2000,2322.673581843963,3172808192,"[-4.89338493347168, -4.993159770965576, -4.955315589904785, -5.009505271911621, -4.992613315582275, -4.979276180267334, -4.953332424163818, -4.972787857055664, -4.987799644470215, -4.9751973152160645, -4.922438144683838, -4.9299702644348145]",fold-4_seed-11
R2,0,2000,138.08668805100024,3480889344,,fold-4_seed-11
M1,5,2000,715.7096497250022,3172803584,,fold-4_seed-23
M1,10,2000,1275.2263399990045,3172803584,,fold-4_seed-23
M1,20,2000,2362.499938872992,3172803584,,fold-4_seed-23
M2,5,2000,682.5735277739586,3172806144,"[-5.003491401672363, -4.970505237579346, -4.93828821182251, -5.005969047546387, -4.929646968841553, -4.967487812042236, -5.01174783706665, -4.953536510467529, -4.942634582519531, -4.888092994689941, -4.910414218902588, -4.913388729095459]",fold-4_seed-23
M2,10,2000,1224.913677624019,3172807168,"[-6.148009777069092, -6.071645736694336, -6.024728298187256, -6.101511001586914, -6.035728931427002, -6.0669026374816895, -6.1043853759765625, -6.043684005737305, -6.048197269439697, -6.003111839294434, -6.015774726867676, -6.029179573059082]",fold-4_seed-23
M2,20,2000,2323.309340431995,3172808192,"[-6.190088748931885, -6.167118549346924, -6.131895065307617, -6.205214500427246, -6.140514373779297, -6.170381546020508, -6.207248687744141, -6.145803928375244, -6.160417079925537, -6.11346960067749, -6.1149444580078125, -6.115689277648926]",fold-4_seed-23
R2,0,2000,147.70282532204874,3480889344,,fold-4_seed-23
M1,5,2000,706.8874636139954,3172803584,,fold-4_seed-37
M1,10,2000,1268.6419461339829,3172803584,,fold-4_seed-37
M1,20,2000,2403.4143132970203,3172803584,,fold-4_seed-37
M2,5,2000,677.5116794800269,3172806144,"[-5.998611927032471, -5.94456148147583, -5.9023942947387695, -5.9615631103515625, -5.882540702819824, -5.943169116973877, -5.948937892913818, -5.93954610824585, -5.870518207550049, -5.838212966918945, -5.8298234939575195, -5.837897300720215]",fold-4_seed-37
M2,10,2000,1232.1994366879808,3172807168,"[-6.061213493347168, -6.023119926452637, -5.977443218231201, -6.035807132720947, -5.950423717498779, -6.012849807739258, -6.017839431762695, -6.017534255981445, -5.941132545471191, -5.926322937011719, -5.906228065490723, -5.9470391273498535]",fold-4_seed-37
M2,20,2000,2316.4543375769863,3172808192,"[-6.112242698669434, -6.09818172454834, -6.064317226409912, -6.1179280281066895, -6.041265964508057, -6.101056098937988, -6.116164684295654, -6.095034599304199, -6.02616024017334, -6.025958061218262, -6.017332077026367, -6.036269664764404]",fold-4_seed-37
R2,0,2000,151.4512929019984,3480889344,,fold-4_seed-37
M1,5,2000,718.1214052540017,3172803584,,fold-4_seed-53
M1,10,2000,1262.08317059197,3172803584,,fold-4_seed-53
M1,20,2000,2370.570962828002,3172803584,,fold-4_seed-53
M2,5,2000,763.6670352839865,3172806144,"[-5.958454608917236, -5.9063286781311035, -5.870418548583984, -5.869868755340576, -5.824888229370117, -5.864058017730713, -5.894068241119385, -5.863569259643555, -5.8693695068359375, -5.8257670402526855, -5.841784954071045, -5.81258487701416]",fold-4_seed-53
M2,10,2000,1239.8714619090315,3172807168,"[-3.888302803039551, -4.012819766998291, -3.8974876403808594, -3.9832260608673096, -3.9100756645202637, -3.9262280464172363, -3.9624366760253906, -3.9383063316345215, -3.926680564880371, -3.8817803859710693, -3.8765244483947754, -3.839827060699463]",fold-4_seed-53
M2,20,2000,2280.301623123989,3172808192,"[-3.904679536819458, -3.943610191345215, -3.8389554023742676, -3.9578404426574707, -3.9036595821380615, -3.9117226600646973, -3.950836181640625, -3.9128341674804688, -3.9346296787261963, -3.887192487716675, -3.8906750679016113, -3.848168134689331]",fold-4_seed-53
R2,0,2000,146.85466781299328,3482929152,,fold-4_seed-53
M1,5,2000,600.8592982309638,3172803584,,fold-4_seed-71
M1,10,2000,1050.8079601289935,3172803584,,fold-4_seed-71
M1,20,2000,1987.9250909489929,3172803584,,fold-4_seed-71
M2,5,2000,587.266394109989,3172806144,"[-6.079703330993652, -6.077045917510986, -6.05059814453125, -6.112147808074951, -6.081319332122803, -6.090758323669434, -6.079511642456055, -6.077958106994629, -6.073476314544678, -6.078371524810791, -5.982968807220459, -5.979930877685547]",fold-4_seed-71
M2,10,2000,1051.9162278089789,3172807168,"[-6.100666522979736, -6.124666213989258, -6.095641136169434, -6.150731086730957, -6.119963645935059, -6.144347667694092, -6.127214431762695, -6.133833885192871, -6.123556613922119, -6.1274518966674805, -6.051246643066406, -6.039625644683838]",fold-4_seed-71
M2,20,2000,1983.294908456039,3172808192,"[-5.048239707946777, -5.087722301483154, -5.060423374176025, -5.1354546546936035, -5.117712020874023, -5.135952472686768, -5.076252460479736, -5.122723579406738, -5.117782115936279, -5.133761405944824, -5.058743476867676, -5.0243988037109375]",fold-4_seed-71
R2,0,2000,103.51997745299012,3482929152,,fold-4_seed-71
