analysis,group,metric,n,mean_percent_or_pp,sd_percent_or_pp,median_percent_or_pp
baseline,"('B0',)",ba,9,61.23456790123457,6.8734020464926795,61.111111111111114
baseline,"('B0_linear',)",ba,9,61.94444444444444,6.78994808976684,61.11111111111111
baseline,"('G_film_offset',)",ba,9,63.76543209876543,8.757835018499053,63.61111111111111
baseline,"('G_lora8',)",ba,9,64.16666666666667,5.692750425533111,65.83333333333334
diagnostic1,"('film_offset',)",b3_ba,9,63.76543209876543,8.757835018499053,63.61111111111111
diagnostic1,"('film_offset',)",own_ba,9,68.88888888888889,11.398200800191292,67.22222222222223
diagnostic1,"('film_offset',)",swap_ba,8,61.45833333333333,5.021448704303081,60.69444444444444
diagnostic1,"('film_offset',)",upper_bound,8,7.847222222222222,8.325062032701286,6.944444444444442
diagnostic1,"('film_offset',)",own_gain,9,5.1234567901234565,5.825244244454007,5.55555555555555
diagnostic1,"('film_offset',)",swap_gain,8,-2.7777777777777763,5.166965343816185,-3.888888888888884
diagnostic1,"('lora8',)",b3_ba,9,64.16666666666667,5.692750425533111,65.83333333333334
diagnostic1,"('lora8',)",own_ba,9,68.98148148148148,10.806590924403837,70.83333333333333
diagnostic1,"('lora8',)",swap_ba,8,58.81944444444444,5.5550595016632665,58.33333333333333
diagnostic1,"('lora8',)",upper_bound,8,9.756944444444441,6.673999769829904,12.083333333333327
diagnostic1,"('lora8',)",own_gain,9,4.814814814814814,6.341916698239372,4.9999999999999964
diagnostic1,"('lora8',)",swap_gain,8,-5.902777777777772,2.3605274722167358,-5.833333333333327
few_shot,"(5,)",ba,9,63.51851851851852,6.977698159489147,62.77777777777778
few_shot,"(5,)",b3_ba,9,64.16666666666667,5.692750425533111,65.83333333333334
few_shot,"(5,)",gain,9,-0.6481481481481459,2.896757446474194,-0.8333333333333279
few_shot,"(5,)",full_gain,9,4.814814814814814,6.341916698239372,4.9999999999999964
few_shot,"(10,)",ba,9,66.85185185185185,6.747198778606177,66.66666666666667
few_shot,"(10,)",b3_ba,9,64.16666666666667,5.692750425533111,65.83333333333334
few_shot,"(10,)",gain,9,2.685185185185184,2.6715811196765733,2.7777777777777763
few_shot,"(10,)",full_gain,9,4.814814814814814,6.341916698239372,4.9999999999999964
few_shot,"(20,)",ba,9,64.84567901234568,7.958116526898354,67.77777777777779
few_shot,"(20,)",b3_ba,9,64.16666666666667,5.692750425533111,65.83333333333334
few_shot,"(20,)",gain,9,0.6790123456790118,4.2607686536457505,1.11111111111111
few_shot,"(20,)",full_gain,9,4.814814814814814,6.341916698239372,4.9999999999999964
