variant,shots,dataset,subject,ba,b3_ba,gain,full_gain
lora8,5,BNCI2014_001,1,0.5916666666666667,0.6305555555555555,-0.0388888888888889,0.04722222222222215
lora8,5,BNCI2014_001,2,0.5472222222222223,0.5555555555555556,-0.00833333333333328,-0.03611111111111106
lora8,5,BNCI2014_001,3,0.7055555555555555,0.6916666666666667,0.013888888888888878,0.11388888888888889
lora8,5,BNCI2014_001,4,0.65,0.6583333333333334,-0.008333333333333321,0.04999999999999996
lora8,5,BNCI2014_001,5,0.6888888888888889,0.6611111111111111,0.027777777777777797,0.07777777777777777
lora8,5,BNCI2014_001,6,0.5361111111111112,0.5777777777777777,-0.0416666666666666,-0.05277777777777772
lora8,5,BNCI2014_001,7,0.6277777777777778,0.6694444444444445,-0.04166666666666658,0.011111111111111058
lora8,5,BNCI2014_001,8,0.7416666666666667,0.7333333333333333,0.008333333333333321,0.09722222222222222
lora8,5,BNCI2014_001,9,0.6277777777777778,0.5972222222222222,0.030555555555555558,0.125
lora8,10,BNCI2014_001,1,0.638888888888889,0.6305555555555555,0.008333333333333321,0.04722222222222215
lora8,10,BNCI2014_001,2,0.5638888888888889,0.5555555555555556,0.00833333333333334,-0.03611111111111106
lora8,10,BNCI2014_001,3,0.7472222222222222,0.6916666666666667,0.055555555555555504,0.11388888888888889
lora8,10,BNCI2014_001,4,0.7,0.6583333333333334,0.041666666666666595,0.04999999999999996
lora8,10,BNCI2014_001,5,0.7,0.6611111111111111,0.038888888888888896,0.07777777777777777
lora8,10,BNCI2014_001,6,0.5805555555555555,0.5777777777777777,0.002777777777777821,-0.05277777777777772
lora8,10,BNCI2014_001,7,0.6583333333333333,0.6694444444444445,-0.0111111111111111,0.011111111111111058
lora8,10,BNCI2014_001,8,0.7611111111111111,0.7333333333333333,0.027777777777777762,0.09722222222222222
lora8,10,BNCI2014_001,9,0.6666666666666667,0.5972222222222222,0.06944444444444442,0.125
lora8,20,BNCI2014_001,1,0.6555555555555556,0.6305555555555555,0.025,0.04722222222222215
lora8,20,BNCI2014_001,2,0.5027777777777778,0.5555555555555556,-0.05277777777777772,-0.03611111111111106
lora8,20,BNCI2014_001,3,0.7027777777777777,0.6916666666666667,0.011111111111111101,0.11388888888888889
lora8,20,BNCI2014_001,4,0.6972222222222222,0.6583333333333334,0.03888888888888882,0.04999999999999996
lora8,20,BNCI2014_001,5,0.6861111111111111,0.6611111111111111,0.02499999999999996,0.07777777777777777
lora8,20,BNCI2014_001,6,0.5277777777777778,0.5777777777777777,-0.049999999999999954,-0.05277777777777772
lora8,20,BNCI2014_001,7,0.6527777777777778,0.6694444444444445,-0.016666666666666618,0.011111111111111058
lora8,20,BNCI2014_001,8,0.7333333333333333,0.7333333333333333,-2.0122792321330962e-17,0.09722222222222222
lora8,20,BNCI2014_001,9,0.6777777777777778,0.5972222222222222,0.08055555555555549,0.125
