fold,seed,method,original_steps,additional_steps_cap,additional_steps_run,selected_additional_step,selected_validation_ce,early_stopped,training_curve_flat,validation_curve_flat,plateau_observed,optimizer_restarted,test_used_for_selection
0,11,m_film,3000,9000,2000,0,3.3839501804775662,True,False,False,False,True,False
0,11,m_lora,3000,9000,2000,0,2.7718372874789767,True,False,False,False,True,False
0,23,m_film,3000,9000,2000,0,3.4569286240471735,True,False,False,False,True,False
0,23,m_lora,3000,9000,2000,0,3.371056980556912,True,False,False,False,True,False
0,37,m_film,3000,9000,2250,250,2.922727425893148,True,False,False,False,True,False
0,37,m_lora,3000,9000,2000,0,3.5707180235120983,True,False,False,False,True,False
0,53,m_film,3000,9000,2500,500,2.7275405989752874,True,False,False,False,True,False
0,53,m_lora,3000,9000,2000,0,2.6385223070780435,True,False,False,False,True,False
0,71,m_film,3000,9000,2000,0,2.954781108432346,True,False,False,False,True,False
0,71,m_lora,3000,9000,2000,0,3.31520938873291,True,False,False,False,True,False
1,11,m_film,3000,9000,3500,1500,1.01329129603174,True,False,False,False,True,False
1,11,m_lora,3000,9000,2000,0,0.933744298087226,True,False,False,False,True,False
1,23,m_film,3000,9000,2000,0,1.3468942774666681,True,False,False,False,True,False
1,23,m_lora,3000,9000,2750,750,1.8441250854068332,True,True,False,False,True,False
1,37,m_film,3000,9000,2250,250,1.2412690718968709,True,False,False,False,True,False
1,37,m_lora,3000,9000,4250,2250,0.9116208818223741,True,False,False,False,True,False
1,53,m_film,3000,9000,2750,750,1.5287312136756048,True,False,False,False,True,False
1,53,m_lora,3000,9000,5750,3750,0.9714216921064589,True,False,False,False,True,False
1,71,m_film,3000,9000,2000,0,1.402912974357605,True,False,False,False,True,False
1,71,m_lora,3000,9000,4000,2000,1.0132295555538602,True,False,False,False,True,False
2,11,m_film,3000,9000,2750,750,5.048601256476508,True,False,False,False,True,False
2,11,m_lora,3000,9000,3250,1250,2.345528655582004,True,False,False,False,True,False
2,23,m_film,3000,9000,2000,0,4.268225140041775,True,False,False,False,True,False
2,23,m_lora,3000,9000,2000,0,2.056050459543864,True,False,False,False,True,False
2,37,m_film,3000,9000,2250,250,4.343650552961561,True,False,False,False,True,False
2,37,m_lora,3000,9000,2000,0,2.302821636199951,True,False,False,False,True,False
2,53,m_film,3000,9000,2000,0,3.8362634976704917,True,False,False,False,True,False
2,53,m_lora,3000,9000,3000,1000,2.447519408331977,True,False,False,False,True,False
2,71,m_film,3000,9000,2500,500,5.014512697855632,True,False,False,False,True,False
2,71,m_lora,3000,9000,3500,1500,2.6606101989746094,True,False,False,False,True,False
3,11,m_film,3000,9000,2000,0,2.378218796518114,True,False,False,False,True,False
3,11,m_lora,3000,9000,2500,500,4.6229197184244795,True,False,False,False,True,False
3,23,m_film,3000,9000,2000,0,4.146556880739,True,False,False,False,True,False
3,23,m_lora,3000,9000,2000,0,3.0954225858052573,True,False,False,False,True,False
3,37,m_film,3000,9000,2000,0,4.2031279934777155,True,False,False,False,True,False
3,37,m_lora,3000,9000,2000,0,2.571918805440267,True,False,False,False,True,False
3,53,m_film,3000,9000,2000,0,2.6116526656680636,True,False,False,False,True,False
3,53,m_lora,3000,9000,2250,250,5.553574509090847,True,False,False,False,True,False
3,71,m_film,1000,3000,2000,0,3.0658235020107694,True,False,False,False,True,False
3,71,m_lora,3000,9000,2000,0,3.365450832578871,True,False,False,False,True,False
4,11,m_film,3000,9000,2250,250,1.8257029619481828,True,False,False,False,True,False
4,11,m_lora,3000,9000,2000,0,2.125406735473209,True,True,False,False,True,False
4,23,m_film,3000,9000,2250,250,1.9442250331242878,True,False,False,False,True,False
4,23,m_lora,3000,9000,2000,0,2.466671440336439,True,False,False,False,True,False
4,37,m_film,3000,9000,2000,0,2.007190600865417,True,False,False,False,True,False
4,37,m_lora,3000,9000,2500,500,1.9530079629686143,True,False,False,False,True,False
4,53,m_film,3000,9000,2250,250,1.9271093871858385,True,False,False,False,True,False
4,53,m_lora,3000,9000,2000,0,2.7305790964100094,True,False,False,False,True,False
4,71,m_film,3000,9000,2000,0,1.8215322324799166,True,False,False,False,True,False
4,71,m_lora,3000,9000,2000,0,2.960228966342078,True,False,False,False,True,False
