variant,dataset,b0_mean,adapted_mean,n,median_gain_pp,mean_gain_pp,sd_gain_pp,improved_fraction,drop_gt_2pp_fraction,statistic,p_raw,p_holm
film2,PhysionetMI,0.7184186525448659,0.7181405164414872,103,-0.4545454545,-0.027813610335922317,5.714989532263582,0.47572815533980584,0.3300970873786408,2634.0,0.8849010242832469,1.0
film2,Dreyer2023,0.7119457614942528,0.7168541666666667,80,0.75,0.4908405172425,2.7290320098009078,0.65,0.125,1072.5,0.019724245342135058,0.1380697173949454
film2,Cho2017,0.6422435897435897,0.6664935897435899,52,1.0,2.4250000000000003,5.923741512560364,0.6730769230769231,0.15384615384615385,318.5,0.002068094937918663,0.018612854441267965
film2,Dreyer+Cho,0.6844873301985371,0.6970151515151515,132,0.8333333332999999,1.252782131662121,4.364923823410459,0.6590909090909091,0.13636363636363635,2558.0,0.0001883941627964331,0.0035794890931322293
film2,pooled,0.6993593565886304,0.7062743540147797,235,0.6,0.6914997426161702,5.030758602193474,0.5787234042553191,0.22127659574468084,11083.5,0.022827328495763074,0.1380697173949454
film4,PhysionetMI,0.7184186525448659,0.7166544458777467,103,0.303030303,-0.17642066670873788,6.193172179831098,0.5145631067961165,0.34951456310679613,2552.5,0.8048846610784843,1.0
film4,Dreyer2023,0.7119457614942528,0.7283875718390804,80,1.4166666666499999,1.6441810344824996,3.0176421887808966,0.675,0.1125,680.5,1.83443636019026e-05,0.0003852316356399546
film4,Cho2017,0.6422435897435897,0.6726217948717947,52,1.2,3.0378205128211544,7.394530831921613,0.6923076923076923,0.15384615384615385,311.5,0.0027453919374103145,0.021963135499282516
film4,Dreyer+Cho,0.6844873301985371,0.7064192354580285,132,1.3333333333,2.1931905259492424,5.219773098751391,0.6818181818181818,0.12878787878787878,1895.5,1.8075225606149608e-07,4.518806401537402e-06
film4,pooled,0.6993593565886304,0.7109053064079476,235,0.8461538462,1.1545949819331915,5.77584860465838,0.6085106382978723,0.225531914893617,9703.5,0.0005575882703814899,0.008175662574665551
beta4,PhysionetMI,0.7184186525448659,0.7193940525493923,103,0.1515151515,0.09754000044757294,6.014442878826419,0.5048543689320388,0.3106796116504854,2549.5,0.7971433318604322,1.0
beta4,Dreyer2023,0.7119457614942528,0.7250923132183907,80,1.25,1.31465517241625,2.7640138821275464,0.6875,0.1,774.5,8.234752905236362e-05,0.0016469505810472725
beta4,Cho2017,0.6422435897435897,0.672352564102564,52,1.9,3.0108974358980767,6.887454165864522,0.6730769230769231,0.11538461538461539,265.0,0.0005450441716443701,0.008175662574665551
beta4,Dreyer+Cho,0.6844873301985371,0.7043160484151862,132,1.4166666666499999,1.982871821666667,4.875164433686161,0.6818181818181818,0.10606060606060606,1949.5,2.2036484595390394e-07,5.2887563028936945e-06
beta4,pooled,0.6993593565886304,0.7109247055463489,235,1.0,1.1565348957706383,5.472874684010136,0.6042553191489362,0.19574468085106383,9536.0,0.0002083400776766211,0.00375012139817918
head,PhysionetMI,0.7184186525448659,0.7197499264489556,103,0.22727272730000003,0.1331273904097088,6.10814995331745,0.5145631067961165,0.3592233009708738,2566.0,0.8399454642121439,1.0
head,Dreyer2023,0.7119457614942528,0.7229335488505747,80,1.1666666666999999,1.0987787356299998,2.7883646568322003,0.65,0.125,930.0,0.0009312160901003395,0.010243376991103734
head,Cho2017,0.6422435897435897,0.6781858974358974,52,1.2,3.5942307692326922,8.065534196836898,0.6923076923076923,0.09615384615384616,270.5,0.00039495159741655556,0.006319225558664889
head,Dreyer+Cho,0.6844873301985371,0.7053056861720656,132,1.18333333335,2.081835597352273,5.613622916636464,0.6666666666666666,0.11363636363636363,2169.5,1.2200335764135058e-06,2.8060772257510634e-05
head,pooled,0.6993593565886304,0.7116365659530003,235,0.9090909091,1.2277209364370212,5.902861794940808,0.6,0.22127659574468084,9981.5,0.0005568185098287386,0.008175662574665551
selected_film,PhysionetMI,0.7184186525448659,0.7206939823930113,103,0.5303030303,0.22753298481262133,6.052691417950188,0.5631067961165048,0.3300970873786408,2450.5,0.5568443525737099,1.0
selected_film,Dreyer2023,0.7119457614942528,0.7229597701149425,80,1.1666666666999999,1.10140086207125,2.7286649924287687,0.6625,0.1,875.0,0.0005683085623784319,0.008175662574665551
selected_film,Cho2017,0.6422435897435897,0.6725769230769232,52,1.4000000000000001,3.0333333333346153,7.0331118510489095,0.7115384615384616,0.17307692307692307,286.5,0.0011789618740901244,0.011789618740901243
selected_film,Dreyer+Cho,0.6844873301985371,0.703111981887844,132,1.1666666666999999,1.8624651689325755,4.964397801153491,0.6818181818181818,0.12878787878787878,2150.5,2.5607941424299127e-06,5.633747113345808e-05
selected_film,pooled,0.6993593565886304,0.7108181353007472,235,1.0,1.1458778712119149,5.516080651730953,0.6297872340425532,0.2170212765957447,9585.0,0.000252034778479413,0.0042845912341500205
